"P_SYS_ID","P_APPL_STAT_SK","P_APPL_STAT_CD","P_APPL_STAT_DT","L_HIBERNATE_VER_NUM","G_AUD_USER_ID","G_AUD_TS","G_AUD_ADD_USER_ID","G_AUD_ADD_TS"
1276759,212580,"PS",04-APR-13,0,"RRUD",04-APR-13 01.41.42.086000000 PM,"RRUD",04-APR-13 01.41.42.086000000 PM
1276761,212588,"IW",04-APR-13,0,"guestUser",04-APR-13 03.53.02.667000000 PM,"guestUser",04-APR-13 03.53.02.667000000 PM
1276759,212589,"PS",05-APR-13,0,"JMLAGRO",05-APR-13 09.13.57.360000000 AM,"JMLAGRO",05-APR-13 09.13.57.360000000 AM
1276762,212591,"IW",05-APR-13,0,"guestUser",05-APR-13 10.01.52.122000000 AM,"guestUser",05-APR-13 10.01.52.122000000 AM
1276762,212592,"V",05-APR-13,0,"guestUser",05-APR-13 10.01.52.201000000 AM,"guestUser",05-APR-13 10.01.52.201000000 AM
1276762,212593,"PN",05-APR-13,0,"guestUser",05-APR-13 10.01.52.206000000 AM,"guestUser",05-APR-13 10.01.52.206000000 AM
1276763,212597,"V",05-APR-13,0,"guestUser",05-APR-13 01.47.36.413000000 PM,"guestUser",05-APR-13 01.47.36.413000000 PM
1276763,212598,"PN",05-APR-13,0,"guestUser",05-APR-13 01.47.36.424000000 PM,"guestUser",05-APR-13 01.47.36.424000000 PM
1276762,212599,"CN",08-APR-13,0,"userID",08-APR-13 07.50.51.506000000 AM,"userID",08-APR-13 07.50.51.506000000 AM
1276764,212600,"IW",09-APR-13,0,"guestUser",09-APR-13 10.08.00.626000000 AM,"guestUser",09-APR-13 10.08.00.626000000 AM
1276765,212601,"IW",09-APR-13,0,"guestUser",09-APR-13 10.11.45.430000000 AM,"guestUser",09-APR-13 10.11.45.430000000 AM
1276766,212602,"IW",09-APR-13,0,"guestUser",09-APR-13 10.20.38.658000000 AM,"guestUser",09-APR-13 10.20.38.658000000 AM
1276767,212603,"IW",09-APR-13,0,"guestUser",09-APR-13 10.30.24.148000000 AM,"guestUser",09-APR-13 10.30.24.148000000 AM
1276769,212605,"IW",09-APR-13,0,"guestUser",09-APR-13 11.22.15.573000000 AM,"guestUser",09-APR-13 11.22.15.573000000 AM
1276770,212606,"IW",09-APR-13,0,"guestUser",09-APR-13 11.38.04.914000000 AM,"guestUser",09-APR-13 11.38.04.914000000 AM
1276771,212607,"IW",09-APR-13,0,"guestUser",09-APR-13 11.40.24.085000000 AM,"guestUser",09-APR-13 11.40.24.085000000 AM
1276772,212608,"IW",09-APR-13,0,"guestUser",09-APR-13 12.14.54.547000000 PM,"guestUser",09-APR-13 12.14.54.547000000 PM
1276773,212609,"IW",09-APR-13,0,"guestUser",09-APR-13 01.00.12.124000000 PM,"guestUser",09-APR-13 01.00.12.124000000 PM
1276774,212610,"IW",09-APR-13,0,"guestUser",09-APR-13 01.12.52.875000000 PM,"guestUser",09-APR-13 01.12.52.875000000 PM
1276781,212623,"IW",09-APR-13,0,"guestUser",09-APR-13 04.18.53.581000000 PM,"guestUser",09-APR-13 04.18.53.581000000 PM
1276782,212624,"V",29-SEP-11,7,"guestUser",10-APR-13 09.06.17.466000000 AM,"guestUser",10-APR-13 08.41.22.352000000 AM
1276782,212635,"PC",10-APR-13,0,"NMAIER",10-APR-13 09.08.06.239000000 AM,"NMAIER",10-APR-13 09.08.06.239000000 AM
1276782,212636,"PS",10-APR-13,0,"NMAIER",10-APR-13 09.09.22.670000000 AM,"NMAIER",10-APR-13 09.09.22.670000000 AM
1276782,212637,"AP",10-APR-13,0,"NMAIER",10-APR-13 09.13.31.673000000 AM,"NMAIER",10-APR-13 09.13.31.673000000 AM
1276782,212638,"AA",10-APR-13,0,"NMAIER",10-APR-13 09.13.31.788000000 AM,"NMAIER",10-APR-13 09.13.31.788000000 AM
1181390,212639,"V",29-SEP-11,0,"NMAIER",10-APR-13 09.13.31.856000000 AM,"NMAIER",10-APR-13 09.13.31.856000000 AM
1181390,212640,"IP",10-APR-13,0,"NMAIER",10-APR-13 09.13.31.857000000 AM,"NMAIER",10-APR-13 09.13.31.857000000 AM
1181390,212641,"PN",10-APR-13,0,"NMAIER",10-APR-13 09.13.31.857000000 AM,"NMAIER",10-APR-13 09.13.31.857000000 AM
1181390,212642,"PC",10-APR-13,0,"NMAIER",10-APR-13 09.13.31.857000000 AM,"NMAIER",10-APR-13 09.13.31.857000000 AM
1181390,212643,"PS",10-APR-13,0,"NMAIER",10-APR-13 09.13.31.858000000 AM,"NMAIER",10-APR-13 09.13.31.858000000 AM
1181390,212644,"RQ",01-OCT-13,5,"SMCNEIL",17-AUG-15 12.13.49.321000000 PM,"defect ESPRD01032661 data fix",10-APR-13 09.13.31.858000000 AM
1276784,212645,"IW",10-APR-13,0,"guestUser",10-APR-13 09.17.16.813000000 AM,"guestUser",10-APR-13 09.17.16.813000000 AM
1276786,212647,"IW",10-APR-13,0,"guestUser",10-APR-13 09.58.08.253000000 AM,"guestUser",10-APR-13 09.58.08.253000000 AM
1276787,212648,"V",05-DEC-13,8,"guestUser",05-DEC-13 09.15.51.104000000 AM,"guestUser",10-APR-13 10.00.49.713000000 AM
1276786,212666,"PN",10-APR-13,0,"guestUser",10-APR-13 10.36.22.484000000 AM,"guestUser",10-APR-13 10.36.22.484000000 AM
1276788,212650,"IW",10-APR-13,0,"guestUser",10-APR-13 09.59.59.073000000 AM,"guestUser",10-APR-13 09.59.59.073000000 AM
1276789,212651,"IW",10-APR-13,0,"guestUser",10-APR-13 10.07.32.818000000 AM,"guestUser",10-APR-13 10.07.32.818000000 AM
1276758,212656,"PN",10-APR-13,0,"JMLAGRO",10-APR-13 10.27.03.911000000 AM,"JMLAGRO",10-APR-13 10.27.03.911000000 AM
1276790,212653,"IW",10-APR-13,0,"guestUser",10-APR-13 10.25.23.519000000 AM,"guestUser",10-APR-13 10.25.23.519000000 AM
1276791,212655,"IW",10-APR-13,0,"guestUser",10-APR-13 10.25.33.240000000 AM,"guestUser",10-APR-13 10.25.33.240000000 AM
1276787,212662,"IP",10-APR-13,1,"guestUser",10-APR-13 10.34.17.794000000 AM,"guestUser",10-APR-13 10.34.17.749000000 AM
1276792,212658,"IW",10-APR-13,0,"guestUser",10-APR-13 10.28.04.462000000 AM,"guestUser",10-APR-13 10.28.04.462000000 AM
1276787,212663,"PN",10-APR-13,0,"guestUser",10-APR-13 10.34.17.826000000 AM,"guestUser",10-APR-13 10.34.17.826000000 AM
1276793,212664,"IW",10-APR-13,0,"guestUser",10-APR-13 10.34.50.856000000 AM,"guestUser",10-APR-13 10.34.50.856000000 AM
1276786,212665,"V",10-APR-13,0,"guestUser",10-APR-13 10.36.22.475000000 AM,"guestUser",10-APR-13 10.36.22.475000000 AM
1276758,212667,"PC",10-APR-13,0,"JMLAGRO",10-APR-13 10.50.21.015000000 AM,"JMLAGRO",10-APR-13 10.50.21.015000000 AM
1276758,212668,"PS",10-APR-13,0,"JMLAGRO",10-APR-13 10.50.56.512000000 AM,"JMLAGRO",10-APR-13 10.50.56.512000000 AM
1276794,212671,"IW",10-APR-13,0,"guestUser",10-APR-13 11.01.59.611000000 AM,"guestUser",10-APR-13 11.01.59.611000000 AM
1276852,212910,"IW",16-APR-13,0,"guestUser",16-APR-13 04.56.41.130000000 PM,"guestUser",16-APR-13 04.56.41.130000000 PM
1276796,212675,"IW",10-APR-13,0,"guestUser",10-APR-13 11.24.07.124000000 AM,"guestUser",10-APR-13 11.24.07.124000000 AM
1276776,212914,"V",17-APR-13,0,"guestUser",17-APR-13 08.12.07.008000000 AM,"guestUser",17-APR-13 08.12.07.008000000 AM
1276853,212911,"IW",16-APR-13,0,"guestUser",16-APR-13 05.23.52.287000000 PM,"guestUser",16-APR-13 05.23.52.287000000 PM
1276776,212915,"PN",17-APR-13,0,"guestUser",17-APR-13 08.12.07.015000000 AM,"guestUser",17-APR-13 08.12.07.015000000 AM
1276785,212916,"V",17-APR-13,0,"guestUser",17-APR-13 08.16.20.099000000 AM,"guestUser",17-APR-13 08.16.20.099000000 AM
1276785,212917,"PN",17-APR-13,0,"guestUser",17-APR-13 08.16.20.108000000 AM,"guestUser",17-APR-13 08.16.20.108000000 AM
1276788,212918,"V",17-APR-13,0,"guestUser",17-APR-13 08.18.47.232000000 AM,"guestUser",17-APR-13 08.18.47.232000000 AM
1276788,212919,"PN",17-APR-13,0,"guestUser",17-APR-13 08.18.47.238000000 AM,"guestUser",17-APR-13 08.18.47.238000000 AM
1276854,212920,"IW",17-APR-13,0,"guestUser",17-APR-13 09.12.21.375000000 AM,"guestUser",17-APR-13 09.12.21.375000000 AM
1276855,212923,"V",17-APR-13,0,"guestUser",17-APR-13 09.59.43.573000000 AM,"guestUser",17-APR-13 09.59.43.573000000 AM
1276855,212924,"PN",17-APR-13,0,"guestUser",17-APR-13 09.59.43.579000000 AM,"guestUser",17-APR-13 09.59.43.579000000 AM
1276857,212925,"IW",17-APR-13,0,"guestUser",17-APR-13 10.06.26.350000000 AM,"guestUser",17-APR-13 10.06.26.350000000 AM
1276858,212926,"IW",17-APR-13,0,"guestUser",17-APR-13 10.39.24.719000000 AM,"guestUser",17-APR-13 10.39.24.719000000 AM
1276859,212931,"IW",17-APR-13,0,"guestUser",17-APR-13 11.15.15.481000000 AM,"guestUser",17-APR-13 11.15.15.481000000 AM
1276860,212932,"IW",17-APR-13,0,"guestUser",17-APR-13 11.15.25.116000000 AM,"guestUser",17-APR-13 11.15.25.116000000 AM
1276861,212935,"IW",17-APR-13,0,"guestUser",17-APR-13 12.08.12.715000000 PM,"guestUser",17-APR-13 12.08.12.715000000 PM
1276867,212941,"IW",17-APR-13,0,"guestUser",17-APR-13 03.18.10.890000000 PM,"guestUser",17-APR-13 03.18.10.890000000 PM
1276868,212942,"IW",17-APR-13,0,"guestUser",17-APR-13 03.44.14.034000000 PM,"guestUser",17-APR-13 03.44.14.034000000 PM
1276869,212943,"IW",17-APR-13,0,"guestUser",17-APR-13 03.46.32.019000000 PM,"guestUser",17-APR-13 03.46.32.019000000 PM
1276871,212947,"IW",17-APR-13,0,"guestUser",17-APR-13 06.33.34.044000000 PM,"guestUser",17-APR-13 06.33.34.044000000 PM
1276872,212948,"IW",17-APR-13,0,"guestUser",17-APR-13 07.12.17.977000000 PM,"guestUser",17-APR-13 07.12.17.977000000 PM
1276873,212951,"IW",18-APR-13,0,"guestUser",18-APR-13 09.38.00.586000000 AM,"guestUser",18-APR-13 09.38.00.586000000 AM
1276875,212957,"IW",18-APR-13,0,"guestUser",18-APR-13 11.05.11.498000000 AM,"guestUser",18-APR-13 11.05.11.498000000 AM
1276876,212958,"IW",18-APR-13,0,"guestUser",18-APR-13 11.06.34.432000000 AM,"guestUser",18-APR-13 11.06.34.432000000 AM
1276882,212964,"IW",18-APR-13,0,"guestUser",18-APR-13 01.41.08.444000000 PM,"guestUser",18-APR-13 01.41.08.444000000 PM
1276892,212986,"IW",18-APR-13,0,"guestUser",18-APR-13 03.32.04.339000000 PM,"guestUser",18-APR-13 03.32.04.339000000 PM
1276892,212988,"V",18-APR-13,0,"guestUser",18-APR-13 03.38.20.817000000 PM,"guestUser",18-APR-13 03.38.20.817000000 PM
1276892,212989,"PN",18-APR-13,0,"guestUser",18-APR-13 03.38.20.827000000 PM,"guestUser",18-APR-13 03.38.20.827000000 PM
1276889,212990,"V",18-APR-13,0,"guestUser",18-APR-13 03.38.20.832000000 PM,"guestUser",18-APR-13 03.38.20.832000000 PM
1276889,212991,"PN",18-APR-13,0,"guestUser",18-APR-13 03.38.20.835000000 PM,"guestUser",18-APR-13 03.38.20.835000000 PM
1276891,212992,"V",18-APR-13,0,"guestUser",18-APR-13 03.38.20.839000000 PM,"guestUser",18-APR-13 03.38.20.839000000 PM
1276891,212993,"PN",18-APR-13,0,"guestUser",18-APR-13 03.38.20.842000000 PM,"guestUser",18-APR-13 03.38.20.842000000 PM
1276887,212994,"V",18-APR-13,0,"guestUser",18-APR-13 03.38.20.845000000 PM,"guestUser",18-APR-13 03.38.20.845000000 PM
1276887,212995,"PN",18-APR-13,0,"guestUser",18-APR-13 03.38.20.849000000 PM,"guestUser",18-APR-13 03.38.20.849000000 PM
1276894,212996,"IW",18-APR-13,0,"guestUser",18-APR-13 03.46.00.279000000 PM,"guestUser",18-APR-13 03.46.00.279000000 PM
1276897,212999,"IW",18-APR-13,0,"guestUser",18-APR-13 06.01.39.899000000 PM,"guestUser",18-APR-13 06.01.39.899000000 PM
1276883,213001,"V",19-APR-13,0,"guestUser",19-APR-13 09.37.11.597000000 AM,"guestUser",19-APR-13 09.37.11.597000000 AM
1276883,213002,"PN",19-APR-13,0,"guestUser",19-APR-13 09.37.11.607000000 AM,"guestUser",19-APR-13 09.37.11.607000000 AM
1276819,213031,"V",19-APR-13,0,"guestUser",19-APR-13 01.13.06.795000000 PM,"guestUser",19-APR-13 01.13.06.795000000 PM
1276819,213032,"PN",19-APR-13,0,"guestUser",19-APR-13 01.13.06.804000000 PM,"guestUser",19-APR-13 01.13.06.804000000 PM
1276867,213050,"V",19-APR-13,0,"guestUser",19-APR-13 02.00.34.717000000 PM,"guestUser",19-APR-13 02.00.34.717000000 PM
1276867,213051,"PN",19-APR-13,0,"guestUser",19-APR-13 02.00.34.727000000 PM,"guestUser",19-APR-13 02.00.34.727000000 PM
1276912,213052,"V",19-APR-13,0,"guestUser",19-APR-13 02.00.34.731000000 PM,"guestUser",19-APR-13 02.00.34.731000000 PM
1276912,213053,"PN",19-APR-13,0,"guestUser",19-APR-13 02.00.34.735000000 PM,"guestUser",19-APR-13 02.00.34.735000000 PM
1276914,213054,"IW",19-APR-13,0,"guestUser",19-APR-13 02.01.31.452000000 PM,"guestUser",19-APR-13 02.01.31.452000000 PM
1276915,213055,"IW",19-APR-13,0,"guestUser",19-APR-13 02.11.45.534000000 PM,"guestUser",19-APR-13 02.11.45.534000000 PM
1276914,213056,"V",19-APR-13,0,"guestUser",19-APR-13 02.15.17.616000000 PM,"guestUser",19-APR-13 02.15.17.616000000 PM
1276914,213057,"PN",19-APR-13,0,"guestUser",19-APR-13 02.15.17.627000000 PM,"guestUser",19-APR-13 02.15.17.627000000 PM
1276909,213058,"V",19-APR-13,0,"guestUser",19-APR-13 02.15.17.654000000 PM,"guestUser",19-APR-13 02.15.17.654000000 PM
1276909,213059,"PN",19-APR-13,0,"guestUser",19-APR-13 02.15.17.658000000 PM,"guestUser",19-APR-13 02.15.17.658000000 PM
1276911,213060,"V",19-APR-13,0,"guestUser",19-APR-13 02.15.17.663000000 PM,"guestUser",19-APR-13 02.15.17.663000000 PM
1276911,213061,"PN",19-APR-13,0,"guestUser",19-APR-13 02.15.17.667000000 PM,"guestUser",19-APR-13 02.15.17.667000000 PM
1276759,212577,"PC",04-APR-13,0,"RRUD",04-APR-13 11.41.42.555000000 AM,"RRUD",04-APR-13 11.41.42.555000000 AM
1276759,212578,"PS",04-APR-13,0,"RRUD",04-APR-13 11.44.03.597000000 AM,"RRUD",04-APR-13 11.44.03.597000000 AM
1276759,212579,"PC",04-APR-13,0,"RRUD",04-APR-13 01.42.24.733000000 PM,"RRUD",04-APR-13 01.42.24.733000000 PM
1276759,212581,"PS",04-APR-13,0,"RRUD",04-APR-13 01.51.26.304000000 PM,"RRUD",04-APR-13 01.51.26.304000000 PM
1276759,212582,"PC",04-APR-13,0,"RRUD",04-APR-13 01.50.47.220000000 PM,"RRUD",04-APR-13 01.50.47.220000000 PM
1276759,212586,"PC",04-APR-13,0,"RRUD",04-APR-13 01.57.32.764000000 PM,"RRUD",04-APR-13 01.57.32.764000000 PM
1276758,212587,"PS",04-APR-13,0,"JMLAGRO",04-APR-13 03.26.14.479000000 PM,"JMLAGRO",04-APR-13 03.26.14.479000000 PM
1276763,212596,"IW",05-APR-13,0,"guestUser",05-APR-13 12.22.16.195000000 PM,"guestUser",05-APR-13 12.22.16.195000000 PM
1276775,212611,"IW",09-APR-13,0,"guestUser",09-APR-13 01.49.37.198000000 PM,"guestUser",09-APR-13 01.49.37.198000000 PM
1276773,212612,"V",09-APR-13,0,"guestUser",09-APR-13 02.11.00.978000000 PM,"guestUser",09-APR-13 02.11.00.978000000 PM
1276773,212613,"PN",09-APR-13,0,"guestUser",09-APR-13 02.11.00.982000000 PM,"guestUser",09-APR-13 02.11.00.982000000 PM
1276776,212614,"IW",09-APR-13,0,"guestUser",09-APR-13 02.33.05.730000000 PM,"guestUser",09-APR-13 02.33.05.730000000 PM
1276777,212617,"V",09-APR-13,0,"guestUser",09-APR-13 03.03.59.838000000 PM,"guestUser",09-APR-13 03.03.59.838000000 PM
1276777,212618,"PN",09-APR-13,0,"guestUser",09-APR-13 03.03.59.848000000 PM,"guestUser",09-APR-13 03.03.59.848000000 PM
1276779,212621,"V",09-APR-13,0,"guestUser",09-APR-13 03.49.48.044000000 PM,"guestUser",09-APR-13 03.49.48.044000000 PM
1276779,212622,"PN",09-APR-13,0,"guestUser",09-APR-13 03.49.48.048000000 PM,"guestUser",09-APR-13 03.49.48.048000000 PM
1276795,212687,"PC",10-APR-13,0,"NMAIER",10-APR-13 11.56.19.767000000 AM,"NMAIER",10-APR-13 11.56.19.767000000 AM
1276783,212628,"IW",10-APR-13,0,"guestUser",10-APR-13 09.02.26.245000000 AM,"guestUser",10-APR-13 09.02.26.245000000 AM
1276782,212633,"IP",10-APR-13,1,"guestUser",10-APR-13 09.06.17.496000000 AM,"guestUser",10-APR-13 09.06.17.455000000 AM
1276782,212634,"PN",10-APR-13,0,"guestUser",10-APR-13 09.06.17.529000000 AM,"guestUser",10-APR-13 09.06.17.529000000 AM
1276758,212669,"PC",10-APR-13,0,"JMLAGRO",10-APR-13 10.52.40.329000000 AM,"JMLAGRO",10-APR-13 10.52.40.329000000 AM
1276758,212670,"RQ",01-OCT-13,2,"JMLAGRO",30-JAN-15 02.55.56.898000000 PM,"defect ESPRD01032661 data fix",10-APR-13 10.53.04.711000000 AM
1276802,212766,"V",10-APR-13,0,"guestUser",10-APR-13 04.27.24.495000000 PM,"guestUser",10-APR-13 04.27.24.495000000 PM
1276798,212709,"IP",10-APR-13,1,"guestUser",10-APR-13 01.52.53.533000000 PM,"guestUser",10-APR-13 01.52.53.485000000 PM
1276798,212710,"PN",10-APR-13,0,"guestUser",10-APR-13 01.52.53.569000000 PM,"guestUser",10-APR-13 01.52.53.569000000 PM
1276797,212712,"PS",10-APR-13,0,"NMAIER",10-APR-13 02.04.01.406000000 PM,"NMAIER",10-APR-13 02.04.01.406000000 PM
1276802,212762,"IW",10-APR-13,0,"guestUser",10-APR-13 04.11.01.490000000 PM,"guestUser",10-APR-13 04.11.01.490000000 PM
1276802,212767,"PN",10-APR-13,0,"guestUser",10-APR-13 04.27.24.504000000 PM,"guestUser",10-APR-13 04.27.24.504000000 PM
1276821,212865,"V",15-APR-13,0,"guestUser",15-APR-13 09.42.07.681000000 AM,"guestUser",15-APR-13 09.42.07.681000000 AM
1276772,212869,"PN",15-APR-13,0,"guestUser",15-APR-13 09.58.30.120000000 AM,"guestUser",15-APR-13 09.58.30.120000000 AM
1276821,212866,"PN",15-APR-13,0,"guestUser",15-APR-13 09.42.07.721000000 AM,"guestUser",15-APR-13 09.42.07.721000000 AM
1276772,212868,"V",15-APR-13,0,"guestUser",15-APR-13 09.58.30.112000000 AM,"guestUser",15-APR-13 09.58.30.112000000 AM
1276833,212877,"IW",15-APR-13,0,"guestUser",15-APR-13 12.42.22.174000000 PM,"guestUser",15-APR-13 12.42.22.174000000 PM
1276913,213062,"V",19-APR-13,0,"guestUser",19-APR-13 02.15.17.670000000 PM,"guestUser",19-APR-13 02.15.17.670000000 PM
1276934,213092,"IW",22-APR-13,0,"guestUser",22-APR-13 12.14.56.672000000 PM,"guestUser",22-APR-13 12.14.56.672000000 PM
1276936,213094,"IW",22-APR-13,0,"guestUser",22-APR-13 12.21.13.880000000 PM,"guestUser",22-APR-13 12.21.13.880000000 PM
1276886,213100,"V",23-APR-13,0,"guestUser",23-APR-13 08.09.50.621000000 AM,"guestUser",23-APR-13 08.09.50.621000000 AM
1276886,213101,"PN",23-APR-13,0,"guestUser",23-APR-13 08.09.50.630000000 AM,"guestUser",23-APR-13 08.09.50.630000000 AM
1276814,213119,"V",23-APR-13,0,"guestUser",23-APR-13 10.25.39.617000000 AM,"guestUser",23-APR-13 10.25.39.617000000 AM
1276814,213120,"PN",23-APR-13,0,"guestUser",23-APR-13 10.25.39.628000000 AM,"guestUser",23-APR-13 10.25.39.628000000 AM
1276946,213126,"V",23-APR-13,0,"guestUser",23-APR-13 10.51.04.659000000 AM,"guestUser",23-APR-13 10.51.04.659000000 AM
1276946,213127,"PN",23-APR-13,0,"guestUser",23-APR-13 10.51.04.665000000 AM,"guestUser",23-APR-13 10.51.04.665000000 AM
1276947,213128,"V",23-APR-13,0,"guestUser",23-APR-13 10.51.04.669000000 AM,"guestUser",23-APR-13 10.51.04.669000000 AM
1276947,213129,"PN",23-APR-13,0,"guestUser",23-APR-13 10.51.04.673000000 AM,"guestUser",23-APR-13 10.51.04.673000000 AM
1276949,213130,"V",23-APR-13,0,"guestUser",23-APR-13 10.51.04.678000000 AM,"guestUser",23-APR-13 10.51.04.678000000 AM
1276949,213131,"PN",23-APR-13,0,"guestUser",23-APR-13 10.51.04.682000000 AM,"guestUser",23-APR-13 10.51.04.682000000 AM
1276943,213132,"V",23-APR-13,0,"guestUser",23-APR-13 10.51.04.688000000 AM,"guestUser",23-APR-13 10.51.04.688000000 AM
1276943,213133,"PN",23-APR-13,0,"guestUser",23-APR-13 10.51.04.693000000 AM,"guestUser",23-APR-13 10.51.04.693000000 AM
1276976,213170,"IW",23-APR-13,0,"guestUser",23-APR-13 01.23.29.006000000 PM,"guestUser",23-APR-13 01.23.29.006000000 PM
1276910,213176,"V",23-APR-13,0,"guestUser",23-APR-13 02.16.24.024000000 PM,"guestUser",23-APR-13 02.16.24.024000000 PM
1276910,213177,"PN",23-APR-13,0,"guestUser",23-APR-13 02.16.24.034000000 PM,"guestUser",23-APR-13 02.16.24.034000000 PM
1276979,213179,"IW",23-APR-13,0,"guestUser",23-APR-13 02.39.10.565000000 PM,"guestUser",23-APR-13 02.39.10.565000000 PM
1277000,213242,"IW",24-APR-13,0,"guestUser",24-APR-13 01.23.36.894000000 PM,"guestUser",24-APR-13 01.23.36.894000000 PM
1277008,213266,"V",24-APR-13,0,"guestUser",24-APR-13 02.41.13.929000000 PM,"guestUser",24-APR-13 02.41.13.929000000 PM
1277008,213267,"PN",24-APR-13,0,"guestUser",24-APR-13 02.41.13.933000000 PM,"guestUser",24-APR-13 02.41.13.933000000 PM
1276873,213268,"V",24-APR-13,0,"guestUser",24-APR-13 02.48.47.915000000 PM,"guestUser",24-APR-13 02.48.47.915000000 PM
1276873,213269,"PN",24-APR-13,0,"guestUser",24-APR-13 02.48.47.919000000 PM,"guestUser",24-APR-13 02.48.47.919000000 PM
1277036,213310,"IW",25-APR-13,0,"guestUser",25-APR-13 02.42.54.867000000 PM,"guestUser",25-APR-13 02.42.54.867000000 PM
1277065,213373,"IW",26-APR-13,0,"guestUser",26-APR-13 03.46.43.274000000 PM,"guestUser",26-APR-13 03.46.43.274000000 PM
1277069,213381,"IW",29-APR-13,0,"guestUser",29-APR-13 08.45.30.925000000 AM,"guestUser",29-APR-13 08.45.30.925000000 AM
1277077,213403,"IW",29-APR-13,0,"guestUser",29-APR-13 12.02.47.203000000 PM,"guestUser",29-APR-13 12.02.47.203000000 PM
1277016,213404,"V",29-APR-13,0,"guestUser",29-APR-13 12.13.31.924000000 PM,"guestUser",29-APR-13 12.13.31.924000000 PM
1277016,213405,"PN",29-APR-13,0,"guestUser",29-APR-13 12.13.31.928000000 PM,"guestUser",29-APR-13 12.13.31.928000000 PM
1277083,213424,"V",29-APR-13,0,"guestUser",29-APR-13 03.54.39.296000000 PM,"guestUser",29-APR-13 03.54.39.296000000 PM
1277083,213425,"PN",29-APR-13,0,"guestUser",29-APR-13 03.54.39.304000000 PM,"guestUser",29-APR-13 03.54.39.304000000 PM
1277084,213426,"IW",29-APR-13,0,"guestUser",29-APR-13 04.16.44.777000000 PM,"guestUser",29-APR-13 04.16.44.777000000 PM
1277085,213427,"IW",29-APR-13,0,"guestUser",29-APR-13 04.22.29.384000000 PM,"guestUser",29-APR-13 04.22.29.384000000 PM
1276839,213430,"V",30-APR-13,0,"guestUser",30-APR-13 08.48.47.482000000 AM,"guestUser",30-APR-13 08.48.47.482000000 AM
1276839,213431,"PN",30-APR-13,0,"guestUser",30-APR-13 08.48.47.491000000 AM,"guestUser",30-APR-13 08.48.47.491000000 AM
1277087,213433,"IW",30-APR-13,0,"guestUser",30-APR-13 10.01.57.842000000 AM,"guestUser",30-APR-13 10.01.57.842000000 AM
1277088,213434,"IW",30-APR-13,0,"guestUser",30-APR-13 10.07.33.009000000 AM,"guestUser",30-APR-13 10.07.33.009000000 AM
1277059,213435,"V",30-APR-13,0,"guestUser",30-APR-13 10.09.30.960000000 AM,"guestUser",30-APR-13 10.09.30.960000000 AM
1277059,213436,"PN",30-APR-13,0,"guestUser",30-APR-13 10.09.30.964000000 AM,"guestUser",30-APR-13 10.09.30.964000000 AM
1277089,213437,"IW",30-APR-13,0,"guestUser",30-APR-13 10.11.08.327000000 AM,"guestUser",30-APR-13 10.11.08.327000000 AM
1277081,213438,"V",30-APR-13,0,"guestUser",30-APR-13 10.15.33.117000000 AM,"guestUser",30-APR-13 10.15.33.117000000 AM
1277081,213439,"PN",30-APR-13,0,"guestUser",30-APR-13 10.15.33.121000000 AM,"guestUser",30-APR-13 10.15.33.121000000 AM
1277088,213440,"V",30-APR-13,0,"guestUser",30-APR-13 10.15.33.127000000 AM,"guestUser",30-APR-13 10.15.33.127000000 AM
1277088,213441,"PN",30-APR-13,0,"guestUser",30-APR-13 10.15.33.132000000 AM,"guestUser",30-APR-13 10.15.33.132000000 AM
1277089,213442,"V",30-APR-13,0,"guestUser",30-APR-13 10.15.33.135000000 AM,"guestUser",30-APR-13 10.15.33.135000000 AM
1277089,213443,"PN",30-APR-13,0,"guestUser",30-APR-13 10.15.33.139000000 AM,"guestUser",30-APR-13 10.15.33.139000000 AM
1277094,213450,"IW",30-APR-13,0,"guestUser",30-APR-13 10.40.42.676000000 AM,"guestUser",30-APR-13 10.40.42.676000000 AM
1277045,213451,"V",30-APR-13,0,"guestUser",30-APR-13 10.44.04.992000000 AM,"guestUser",30-APR-13 10.44.04.992000000 AM
1277045,213452,"PN",30-APR-13,0,"guestUser",30-APR-13 10.44.04.996000000 AM,"guestUser",30-APR-13 10.44.04.996000000 AM
1277095,213453,"IW",30-APR-13,0,"guestUser",30-APR-13 10.58.13.792000000 AM,"guestUser",30-APR-13 10.58.13.792000000 AM
1277108,213472,"IW",30-APR-13,0,"guestUser",30-APR-13 02.17.24.923000000 PM,"guestUser",30-APR-13 02.17.24.923000000 PM
1277119,213497,"IW",01-MAY-13,0,"guestUser",01-MAY-13 10.34.44.429000000 AM,"guestUser",01-MAY-13 10.34.44.429000000 AM
1277120,213499,"V",01-MAY-13,0,"guestUser",01-MAY-13 10.54.38.980000000 AM,"guestUser",01-MAY-13 10.54.38.980000000 AM
1277120,213500,"PN",01-MAY-13,0,"guestUser",01-MAY-13 10.54.38.984000000 AM,"guestUser",01-MAY-13 10.54.38.984000000 AM
1277121,213501,"IW",01-MAY-13,0,"guestUser",01-MAY-13 11.01.10.326000000 AM,"guestUser",01-MAY-13 11.01.10.326000000 AM
1277123,213505,"IW",01-MAY-13,0,"guestUser",01-MAY-13 11.10.00.647000000 AM,"guestUser",01-MAY-13 11.10.00.647000000 AM
1277124,213506,"IW",01-MAY-13,0,"guestUser",01-MAY-13 11.11.57.292000000 AM,"guestUser",01-MAY-13 11.11.57.292000000 AM
1277125,213509,"IW",01-MAY-13,0,"guestUser",01-MAY-13 11.14.38.495000000 AM,"guestUser",01-MAY-13 11.14.38.495000000 AM
1277112,213510,"V",01-MAY-13,0,"guestUser",01-MAY-13 11.20.28.534000000 AM,"guestUser",01-MAY-13 11.20.28.534000000 AM
1277112,213511,"PN",01-MAY-13,0,"guestUser",01-MAY-13 11.20.28.539000000 AM,"guestUser",01-MAY-13 11.20.28.539000000 AM
1277125,213513,"V",01-MAY-13,0,"guestUser",01-MAY-13 11.23.53.979000000 AM,"guestUser",01-MAY-13 11.23.53.979000000 AM
1277125,213514,"PN",01-MAY-13,0,"guestUser",01-MAY-13 11.23.53.983000000 AM,"guestUser",01-MAY-13 11.23.53.983000000 AM
1277127,213515,"IW",01-MAY-13,0,"guestUser",01-MAY-13 11.30.20.195000000 AM,"guestUser",01-MAY-13 11.30.20.195000000 AM
1277128,213516,"IW",01-MAY-13,0,"guestUser",01-MAY-13 11.36.43.022000000 AM,"guestUser",01-MAY-13 11.36.43.022000000 AM
1277129,213517,"IW",01-MAY-13,0,"guestUser",01-MAY-13 11.44.48.363000000 AM,"guestUser",01-MAY-13 11.44.48.363000000 AM
1277170,213594,"IW",02-MAY-13,0,"guestUser",02-MAY-13 09.41.42.710000000 AM,"guestUser",02-MAY-13 09.41.42.710000000 AM
1276758,212570,"IW",03-APR-13,0,"guestUser",03-APR-13 09.19.38.476000000 AM,"guestUser",03-APR-13 09.19.38.476000000 AM
1276759,212571,"IW",03-APR-13,0,"guestUser",03-APR-13 09.54.01.798000000 AM,"guestUser",03-APR-13 09.54.01.798000000 AM
1276759,212573,"V",04-APR-13,0,"guestUser",04-APR-13 09.22.18.247000000 AM,"guestUser",04-APR-13 09.22.18.247000000 AM
1276759,212574,"PN",04-APR-13,0,"guestUser",04-APR-13 09.22.18.253000000 AM,"guestUser",04-APR-13 09.22.18.253000000 AM
1276758,212575,"V",04-APR-13,0,"guestUser",04-APR-13 09.49.45.983000000 AM,"guestUser",04-APR-13 09.49.45.983000000 AM
1276758,212576,"PN",04-APR-13,0,"guestUser",04-APR-13 09.49.45.989000000 AM,"guestUser",04-APR-13 09.49.45.989000000 AM
1276768,212604,"IW",09-APR-13,0,"guestUser",09-APR-13 10.59.06.979000000 AM,"guestUser",09-APR-13 10.59.06.979000000 AM
1276778,212616,"IW",09-APR-13,0,"guestUser",09-APR-13 03.01.51.790000000 PM,"guestUser",09-APR-13 03.01.51.790000000 PM
1276797,212711,"PC",10-APR-13,0,"NMAIER",10-APR-13 02.02.58.528000000 PM,"NMAIER",10-APR-13 02.02.58.528000000 PM
1276793,212713,"V",10-APR-13,0,"guestUser",10-APR-13 02.18.23.878000000 PM,"guestUser",10-APR-13 02.18.23.878000000 PM
1276793,212714,"PN",10-APR-13,0,"guestUser",10-APR-13 02.18.23.881000000 PM,"guestUser",10-APR-13 02.18.23.881000000 PM
1276798,212718,"PC",10-APR-13,0,"NMAIER",10-APR-13 02.41.38.841000000 PM,"NMAIER",10-APR-13 02.41.38.841000000 PM
1293543,449799,"PC",08-MAY-15,0,"MMANYGUNS",08-MAY-15 10.35.27.851000000 AM,"MMANYGUNS",08-MAY-15 10.35.27.851000000 AM
1276823,212848,"PC",12-APR-13,0,"KRBACKMAN",12-APR-13 10.54.48.601000000 AM,"KRBACKMAN",12-APR-13 10.54.48.601000000 AM
1276823,212849,"PS",12-APR-13,0,"KRBACKMAN",12-APR-13 10.54.57.327000000 AM,"KRBACKMAN",12-APR-13 10.54.57.327000000 AM
1276823,212850,"AP",12-APR-13,0,"KRBACKMAN",12-APR-13 11.04.45.561000000 AM,"KRBACKMAN",12-APR-13 11.04.45.561000000 AM
1276823,212851,"AA",12-APR-13,0,"KRBACKMAN",12-APR-13 11.04.45.621000000 AM,"KRBACKMAN",12-APR-13 11.04.45.621000000 AM
1177532,212852,"IW",12-APR-13,0,"KRBACKMAN",12-APR-13 11.04.45.637000000 AM,"KRBACKMAN",12-APR-13 11.04.45.637000000 AM
1177532,212853,"V",12-APR-13,0,"KRBACKMAN",12-APR-13 11.04.45.637000000 AM,"KRBACKMAN",12-APR-13 11.04.45.637000000 AM
1177532,212854,"PN",12-APR-13,0,"KRBACKMAN",12-APR-13 11.04.45.637000000 AM,"KRBACKMAN",12-APR-13 11.04.45.637000000 AM
1177532,212855,"PC",12-APR-13,0,"KRBACKMAN",12-APR-13 11.04.45.638000000 AM,"KRBACKMAN",12-APR-13 11.04.45.638000000 AM
1177532,212856,"PS",12-APR-13,0,"KRBACKMAN",12-APR-13 11.04.45.638000000 AM,"KRBACKMAN",12-APR-13 11.04.45.638000000 AM
1177532,212857,"RQ",01-OCT-13,1,"NMAIER",11-MAY-15 01.55.02.979000000 PM,"defect ESPRD01032661 data fix",12-APR-13 11.04.45.638000000 AM
1276894,213033,"V",19-APR-13,0,"guestUser",19-APR-13 01.37.37.693000000 PM,"guestUser",19-APR-13 01.37.37.693000000 PM
1276894,213034,"PN",19-APR-13,0,"guestUser",19-APR-13 01.37.37.699000000 PM,"guestUser",19-APR-13 01.37.37.699000000 PM
1276862,213035,"V",19-APR-13,0,"guestUser",19-APR-13 01.37.37.702000000 PM,"guestUser",19-APR-13 01.37.37.702000000 PM
1276862,213036,"PN",19-APR-13,0,"guestUser",19-APR-13 01.37.37.705000000 PM,"guestUser",19-APR-13 01.37.37.705000000 PM
1276890,213037,"V",19-APR-13,0,"guestUser",19-APR-13 01.37.37.710000000 PM,"guestUser",19-APR-13 01.37.37.710000000 PM
1276890,213038,"PN",19-APR-13,0,"guestUser",19-APR-13 01.37.37.713000000 PM,"guestUser",19-APR-13 01.37.37.713000000 PM
1276893,213039,"V",19-APR-13,0,"guestUser",19-APR-13 01.37.37.716000000 PM,"guestUser",19-APR-13 01.37.37.716000000 PM
1276893,213040,"PN",19-APR-13,0,"guestUser",19-APR-13 01.37.37.720000000 PM,"guestUser",19-APR-13 01.37.37.720000000 PM
1276895,213041,"V",19-APR-13,0,"guestUser",19-APR-13 01.37.37.724000000 PM,"guestUser",19-APR-13 01.37.37.724000000 PM
1276895,213042,"PN",19-APR-13,0,"guestUser",19-APR-13 01.37.37.727000000 PM,"guestUser",19-APR-13 01.37.37.727000000 PM
1276896,213043,"V",19-APR-13,0,"guestUser",19-APR-13 01.37.37.730000000 PM,"guestUser",19-APR-13 01.37.37.730000000 PM
1276896,213044,"PN",19-APR-13,0,"guestUser",19-APR-13 01.37.37.733000000 PM,"guestUser",19-APR-13 01.37.37.733000000 PM
1276909,213045,"IW",19-APR-13,0,"guestUser",19-APR-13 01.38.07.806000000 PM,"guestUser",19-APR-13 01.38.07.806000000 PM
1276912,213048,"IW",19-APR-13,0,"guestUser",19-APR-13 01.54.00.933000000 PM,"guestUser",19-APR-13 01.54.00.933000000 PM
1276913,213063,"PN",19-APR-13,0,"guestUser",19-APR-13 02.15.17.674000000 PM,"guestUser",19-APR-13 02.15.17.674000000 PM
1276916,213064,"IW",19-APR-13,0,"guestUser",19-APR-13 02.14.34.458000000 PM,"guestUser",19-APR-13 02.14.34.458000000 PM
1276917,213065,"IW",19-APR-13,0,"guestUser",19-APR-13 02.28.26.715000000 PM,"guestUser",19-APR-13 02.28.26.715000000 PM
1276920,213068,"IW",19-APR-13,0,"guestUser",19-APR-13 02.46.01.578000000 PM,"guestUser",19-APR-13 02.46.01.578000000 PM
1276921,213069,"IW",19-APR-13,0,"guestUser",19-APR-13 02.48.26.025000000 PM,"guestUser",19-APR-13 02.48.26.025000000 PM
1276922,213070,"IW",19-APR-13,0,"guestUser",19-APR-13 02.50.51.121000000 PM,"guestUser",19-APR-13 02.50.51.121000000 PM
1276923,213071,"IW",19-APR-13,0,"guestUser",19-APR-13 02.55.08.529000000 PM,"guestUser",19-APR-13 02.55.08.529000000 PM
1276917,213072,"V",19-APR-13,0,"guestUser",19-APR-13 02.55.46.061000000 PM,"guestUser",19-APR-13 02.55.46.061000000 PM
1276917,213073,"PN",19-APR-13,0,"guestUser",19-APR-13 02.55.46.066000000 PM,"guestUser",19-APR-13 02.55.46.066000000 PM
1276920,213074,"V",19-APR-13,0,"guestUser",19-APR-13 02.55.46.070000000 PM,"guestUser",19-APR-13 02.55.46.070000000 PM
1276920,213075,"PN",19-APR-13,0,"guestUser",19-APR-13 02.55.46.074000000 PM,"guestUser",19-APR-13 02.55.46.074000000 PM
1276922,213076,"V",19-APR-13,0,"guestUser",19-APR-13 02.55.46.077000000 PM,"guestUser",19-APR-13 02.55.46.077000000 PM
1276922,213077,"PN",19-APR-13,0,"guestUser",19-APR-13 02.55.46.081000000 PM,"guestUser",19-APR-13 02.55.46.081000000 PM
1276919,213078,"V",19-APR-13,0,"guestUser",19-APR-13 02.55.46.085000000 PM,"guestUser",19-APR-13 02.55.46.085000000 PM
1276919,213079,"PN",19-APR-13,0,"guestUser",19-APR-13 02.55.46.089000000 PM,"guestUser",19-APR-13 02.55.46.089000000 PM
1276924,213080,"IW",19-APR-13,0,"guestUser",19-APR-13 02.59.13.766000000 PM,"guestUser",19-APR-13 02.59.13.766000000 PM
1276925,213081,"IW",19-APR-13,0,"guestUser",19-APR-13 03.05.45.624000000 PM,"guestUser",19-APR-13 03.05.45.624000000 PM
1276927,213083,"IW",19-APR-13,0,"guestUser",19-APR-13 04.01.40.813000000 PM,"guestUser",19-APR-13 04.01.40.813000000 PM
1276928,213084,"IW",19-APR-13,0,"guestUser",19-APR-13 04.07.54.228000000 PM,"guestUser",19-APR-13 04.07.54.228000000 PM
1276929,213085,"IW",22-APR-13,0,"guestUser",22-APR-13 10.25.18.033000000 AM,"guestUser",22-APR-13 10.25.18.033000000 AM
1276931,213087,"IW",22-APR-13,0,"guestUser",22-APR-13 10.55.34.815000000 AM,"guestUser",22-APR-13 10.55.34.815000000 AM
1276930,213088,"V",22-APR-13,0,"guestUser",22-APR-13 10.55.35.349000000 AM,"guestUser",22-APR-13 10.55.35.349000000 AM
1276930,213089,"PN",22-APR-13,0,"guestUser",22-APR-13 10.55.35.353000000 AM,"guestUser",22-APR-13 10.55.35.353000000 AM
1276935,213093,"IW",22-APR-13,0,"guestUser",22-APR-13 12.17.02.467000000 PM,"guestUser",22-APR-13 12.17.02.467000000 PM
1276937,213095,"IW",22-APR-13,0,"guestUser",22-APR-13 12.22.26.599000000 PM,"guestUser",22-APR-13 12.22.26.599000000 PM
1276938,213096,"IW",22-APR-13,0,"guestUser",22-APR-13 12.41.26.110000000 PM,"guestUser",22-APR-13 12.41.26.110000000 PM
1276939,213097,"IW",22-APR-13,0,"guestUser",22-APR-13 12.48.52.580000000 PM,"guestUser",22-APR-13 12.48.52.580000000 PM
1276940,213098,"IW",22-APR-13,0,"guestUser",22-APR-13 03.05.25.162000000 PM,"guestUser",22-APR-13 03.05.25.162000000 PM
1276941,213099,"IW",22-APR-13,0,"guestUser",22-APR-13 03.34.21.826000000 PM,"guestUser",22-APR-13 03.34.21.826000000 PM
1276915,213102,"V",23-APR-13,0,"guestUser",23-APR-13 08.18.24.129000000 AM,"guestUser",23-APR-13 08.18.24.129000000 AM
1276915,213103,"PN",23-APR-13,0,"guestUser",23-APR-13 08.18.24.137000000 AM,"guestUser",23-APR-13 08.18.24.137000000 AM
1276924,213104,"V",23-APR-13,0,"guestUser",23-APR-13 08.25.33.118000000 AM,"guestUser",23-APR-13 08.25.33.118000000 AM
1276924,213105,"PN",23-APR-13,0,"guestUser",23-APR-13 08.25.33.124000000 AM,"guestUser",23-APR-13 08.25.33.124000000 AM
1276925,213106,"V",23-APR-13,0,"guestUser",23-APR-13 08.25.33.128000000 AM,"guestUser",23-APR-13 08.25.33.128000000 AM
1276925,213107,"PN",23-APR-13,0,"guestUser",23-APR-13 08.25.33.131000000 AM,"guestUser",23-APR-13 08.25.33.131000000 AM
1276918,213108,"V",23-APR-13,0,"guestUser",23-APR-13 08.25.33.134000000 AM,"guestUser",23-APR-13 08.25.33.134000000 AM
1276918,213109,"PN",23-APR-13,0,"guestUser",23-APR-13 08.25.33.138000000 AM,"guestUser",23-APR-13 08.25.33.138000000 AM
1276927,213110,"V",23-APR-13,0,"guestUser",23-APR-13 08.31.42.398000000 AM,"guestUser",23-APR-13 08.31.42.398000000 AM
1276927,213111,"PN",23-APR-13,0,"guestUser",23-APR-13 08.31.42.404000000 AM,"guestUser",23-APR-13 08.31.42.404000000 AM
1276928,213112,"V",23-APR-13,0,"guestUser",23-APR-13 08.31.42.408000000 AM,"guestUser",23-APR-13 08.31.42.408000000 AM
1276928,213113,"PN",23-APR-13,0,"guestUser",23-APR-13 08.31.42.412000000 AM,"guestUser",23-APR-13 08.31.42.412000000 AM
1276926,213114,"V",23-APR-13,0,"guestUser",23-APR-13 08.31.42.415000000 AM,"guestUser",23-APR-13 08.31.42.415000000 AM
1276926,213115,"PN",23-APR-13,0,"guestUser",23-APR-13 08.31.42.418000000 AM,"guestUser",23-APR-13 08.31.42.418000000 AM
1276945,213121,"IW",23-APR-13,0,"guestUser",23-APR-13 10.29.14.563000000 AM,"guestUser",23-APR-13 10.29.14.563000000 AM
1276946,213122,"IW",23-APR-13,0,"guestUser",23-APR-13 10.33.44.618000000 AM,"guestUser",23-APR-13 10.33.44.618000000 AM
1276947,213123,"IW",23-APR-13,0,"guestUser",23-APR-13 10.39.15.405000000 AM,"guestUser",23-APR-13 10.39.15.405000000 AM
1276948,213124,"IW",23-APR-13,0,"guestUser",23-APR-13 10.43.41.960000000 AM,"guestUser",23-APR-13 10.43.41.960000000 AM
1276949,213125,"IW",23-APR-13,0,"guestUser",23-APR-13 10.44.12.005000000 AM,"guestUser",23-APR-13 10.44.12.005000000 AM
1276951,213135,"IW",23-APR-13,0,"guestUser",23-APR-13 11.02.23.381000000 AM,"guestUser",23-APR-13 11.02.23.381000000 AM
1276952,213136,"IW",23-APR-13,0,"guestUser",23-APR-13 11.04.44.787000000 AM,"guestUser",23-APR-13 11.04.44.787000000 AM
1276967,213151,"IW",23-APR-13,0,"guestUser",23-APR-13 11.45.56.784000000 AM,"guestUser",23-APR-13 11.45.56.784000000 AM
1276968,213152,"IW",23-APR-13,0,"guestUser",23-APR-13 11.46.25.256000000 AM,"guestUser",23-APR-13 11.46.25.256000000 AM
1276971,213159,"IW",23-APR-13,0,"guestUser",23-APR-13 12.03.00.383000000 PM,"guestUser",23-APR-13 12.03.00.383000000 PM
1276972,213160,"IW",23-APR-13,0,"guestUser",23-APR-13 12.08.47.968000000 PM,"guestUser",23-APR-13 12.08.47.968000000 PM
1276975,213165,"IW",23-APR-13,0,"guestUser",23-APR-13 12.52.54.549000000 PM,"guestUser",23-APR-13 12.52.54.549000000 PM
1276975,213166,"V",23-APR-13,0,"guestUser",23-APR-13 12.52.54.906000000 PM,"guestUser",23-APR-13 12.52.54.906000000 PM
1276975,213167,"PN",23-APR-13,0,"guestUser",23-APR-13 12.52.54.912000000 PM,"guestUser",23-APR-13 12.52.54.912000000 PM
1276974,213168,"V",23-APR-13,0,"guestUser",23-APR-13 12.52.54.919000000 PM,"guestUser",23-APR-13 12.52.54.919000000 PM
1276974,213169,"PN",23-APR-13,0,"guestUser",23-APR-13 12.52.54.925000000 PM,"guestUser",23-APR-13 12.52.54.925000000 PM
1276978,213178,"IW",23-APR-13,0,"guestUser",23-APR-13 02.19.59.714000000 PM,"guestUser",23-APR-13 02.19.59.714000000 PM
1276982,213182,"IW",23-APR-13,0,"guestUser",23-APR-13 03.51.23.644000000 PM,"guestUser",23-APR-13 03.51.23.644000000 PM
1276978,213183,"V",23-APR-13,0,"guestUser",23-APR-13 03.51.48.186000000 PM,"guestUser",23-APR-13 03.51.48.186000000 PM
1276978,213184,"PN",23-APR-13,0,"guestUser",23-APR-13 03.51.48.190000000 PM,"guestUser",23-APR-13 03.51.48.190000000 PM
1276759,212583,"PC",04-APR-13,0,"RRUD",04-APR-13 01.51.21.274000000 PM,"RRUD",04-APR-13 01.51.21.274000000 PM
1276759,212585,"PS",04-APR-13,0,"RRUD",04-APR-13 01.56.24.996000000 PM,"RRUD",04-APR-13 01.56.24.996000000 PM
1276797,212715,"PC",10-APR-13,0,"NMAIER",10-APR-13 02.25.24.368000000 PM,"NMAIER",10-APR-13 02.25.24.368000000 PM
1276798,212719,"PS",10-APR-13,0,"NMAIER",10-APR-13 02.46.33.892000000 PM,"NMAIER",10-APR-13 02.46.33.892000000 PM
1276807,212777,"IW",11-APR-13,0,"guestUser",11-APR-13 10.35.03.297000000 AM,"guestUser",11-APR-13 10.35.03.297000000 AM
1276828,212872,"IW",15-APR-13,0,"guestUser",15-APR-13 11.22.54.325000000 AM,"guestUser",15-APR-13 11.22.54.325000000 AM
1276829,212873,"IW",15-APR-13,0,"guestUser",15-APR-13 11.26.40.949000000 AM,"guestUser",15-APR-13 11.26.40.949000000 AM
1276834,212878,"IW",15-APR-13,0,"guestUser",15-APR-13 12.57.27.867000000 PM,"guestUser",15-APR-13 12.57.27.867000000 PM
1276837,212884,"V",16-APR-13,0,"guestUser",16-APR-13 10.51.44.116000000 AM,"guestUser",16-APR-13 10.51.44.116000000 AM
1276837,212885,"PN",16-APR-13,0,"guestUser",16-APR-13 10.51.44.121000000 AM,"guestUser",16-APR-13 10.51.44.121000000 AM
1276881,212963,"IW",18-APR-13,0,"guestUser",18-APR-13 01.38.57.813000000 PM,"guestUser",18-APR-13 01.38.57.813000000 PM
1276848,212904,"IW",16-APR-13,0,"guestUser",16-APR-13 02.42.00.353000000 PM,"guestUser",16-APR-13 02.42.00.353000000 PM
1276849,212905,"IW",16-APR-13,0,"guestUser",16-APR-13 02.42.37.257000000 PM,"guestUser",16-APR-13 02.42.37.257000000 PM
1276877,212965,"V",18-APR-13,0,"guestUser",18-APR-13 01.55.20.286000000 PM,"guestUser",18-APR-13 01.55.20.286000000 PM
1276877,212966,"PN",18-APR-13,0,"guestUser",18-APR-13 01.55.20.292000000 PM,"guestUser",18-APR-13 01.55.20.292000000 PM
1276879,212967,"V",18-APR-13,0,"guestUser",18-APR-13 01.55.20.297000000 PM,"guestUser",18-APR-13 01.55.20.297000000 PM
1276879,212968,"PN",18-APR-13,0,"guestUser",18-APR-13 01.55.20.301000000 PM,"guestUser",18-APR-13 01.55.20.301000000 PM
1276881,212969,"V",18-APR-13,0,"guestUser",18-APR-13 01.55.20.304000000 PM,"guestUser",18-APR-13 01.55.20.304000000 PM
1276881,212970,"PN",18-APR-13,0,"guestUser",18-APR-13 01.55.20.309000000 PM,"guestUser",18-APR-13 01.55.20.309000000 PM
1276880,212971,"V",18-APR-13,0,"guestUser",18-APR-13 01.55.20.312000000 PM,"guestUser",18-APR-13 01.55.20.312000000 PM
1276880,212972,"PN",18-APR-13,0,"guestUser",18-APR-13 01.55.20.316000000 PM,"guestUser",18-APR-13 01.55.20.316000000 PM
1276895,212997,"IW",18-APR-13,0,"guestUser",18-APR-13 03.55.11.309000000 PM,"guestUser",18-APR-13 03.55.11.309000000 PM
1276910,213046,"IW",19-APR-13,0,"guestUser",19-APR-13 01.41.59.159000000 PM,"guestUser",19-APR-13 01.41.59.159000000 PM
1276911,213047,"IW",19-APR-13,0,"guestUser",19-APR-13 01.49.59.842000000 PM,"guestUser",19-APR-13 01.49.59.842000000 PM
1276913,213049,"IW",19-APR-13,0,"guestUser",19-APR-13 01.56.03.256000000 PM,"guestUser",19-APR-13 01.56.03.256000000 PM
1276983,213185,"IW",23-APR-13,0,"guestUser",23-APR-13 04.25.14.477000000 PM,"guestUser",23-APR-13 04.25.14.477000000 PM
1276984,213186,"IW",23-APR-13,0,"guestUser",23-APR-13 04.27.15.452000000 PM,"guestUser",23-APR-13 04.27.15.452000000 PM
1276985,213187,"IW",23-APR-13,0,"guestUser",23-APR-13 04.59.14.801000000 PM,"guestUser",23-APR-13 04.59.14.801000000 PM
1276986,213188,"IW",23-APR-13,0,"guestUser",23-APR-13 05.06.58.838000000 PM,"guestUser",23-APR-13 05.06.58.838000000 PM
1276987,213189,"IW",23-APR-13,0,"guestUser",23-APR-13 05.07.32.116000000 PM,"guestUser",23-APR-13 05.07.32.116000000 PM
1276988,213190,"IW",23-APR-13,0,"guestUser",23-APR-13 05.16.37.022000000 PM,"guestUser",23-APR-13 05.16.37.022000000 PM
1276989,213191,"IW",23-APR-13,0,"guestUser",23-APR-13 05.29.25.223000000 PM,"guestUser",23-APR-13 05.29.25.223000000 PM
1276988,213192,"V",23-APR-13,0,"guestUser",23-APR-13 05.34.28.765000000 PM,"guestUser",23-APR-13 05.34.28.765000000 PM
1276988,213193,"PN",23-APR-13,0,"guestUser",23-APR-13 05.34.28.774000000 PM,"guestUser",23-APR-13 05.34.28.774000000 PM
1276989,213194,"V",23-APR-13,0,"guestUser",23-APR-13 05.34.28.779000000 PM,"guestUser",23-APR-13 05.34.28.779000000 PM
1276989,213195,"PN",23-APR-13,0,"guestUser",23-APR-13 05.34.28.782000000 PM,"guestUser",23-APR-13 05.34.28.782000000 PM
1276980,213196,"V",23-APR-13,0,"guestUser",23-APR-13 05.34.28.785000000 PM,"guestUser",23-APR-13 05.34.28.785000000 PM
1276980,213197,"PN",23-APR-13,0,"guestUser",23-APR-13 05.34.28.789000000 PM,"guestUser",23-APR-13 05.34.28.789000000 PM
1276986,213198,"V",23-APR-13,0,"guestUser",23-APR-13 05.34.28.792000000 PM,"guestUser",23-APR-13 05.34.28.792000000 PM
1276986,213199,"PN",23-APR-13,0,"guestUser",23-APR-13 05.34.28.795000000 PM,"guestUser",23-APR-13 05.34.28.795000000 PM
1276987,213200,"V",23-APR-13,0,"guestUser",23-APR-13 05.34.28.798000000 PM,"guestUser",23-APR-13 05.34.28.798000000 PM
1276987,213201,"PN",23-APR-13,0,"guestUser",23-APR-13 05.34.28.802000000 PM,"guestUser",23-APR-13 05.34.28.802000000 PM
1276990,213204,"IW",23-APR-13,0,"guestUser",23-APR-13 07.32.31.372000000 PM,"guestUser",23-APR-13 07.32.31.372000000 PM
1276990,213205,"V",23-APR-13,0,"guestUser",23-APR-13 08.26.08.707000000 PM,"guestUser",23-APR-13 08.26.08.707000000 PM
1276990,213206,"PN",23-APR-13,0,"guestUser",23-APR-13 08.26.08.714000000 PM,"guestUser",23-APR-13 08.26.08.714000000 PM
1276993,213209,"IW",24-APR-13,0,"guestUser",24-APR-13 09.12.21.753000000 AM,"guestUser",24-APR-13 09.12.21.753000000 AM
1276994,213210,"IW",24-APR-13,0,"guestUser",24-APR-13 09.13.46.984000000 AM,"guestUser",24-APR-13 09.13.46.984000000 AM
1276995,213211,"IW",24-APR-13,0,"guestUser",24-APR-13 09.31.07.262000000 AM,"guestUser",24-APR-13 09.31.07.262000000 AM
1276807,213212,"V",24-APR-13,0,"guestUser",24-APR-13 09.33.51.856000000 AM,"guestUser",24-APR-13 09.33.51.856000000 AM
1276807,213213,"PN",24-APR-13,0,"guestUser",24-APR-13 09.33.51.860000000 AM,"guestUser",24-APR-13 09.33.51.860000000 AM
1276995,213214,"V",24-APR-13,0,"guestUser",24-APR-13 09.37.49.932000000 AM,"guestUser",24-APR-13 09.37.49.932000000 AM
1276995,213215,"PN",24-APR-13,0,"guestUser",24-APR-13 09.37.49.937000000 AM,"guestUser",24-APR-13 09.37.49.937000000 AM
1276929,213216,"V",24-APR-13,0,"guestUser",24-APR-13 09.37.49.941000000 AM,"guestUser",24-APR-13 09.37.49.941000000 AM
1276929,213217,"PN",24-APR-13,0,"guestUser",24-APR-13 09.37.49.945000000 AM,"guestUser",24-APR-13 09.37.49.945000000 AM
1276931,213218,"V",24-APR-13,0,"guestUser",24-APR-13 09.37.49.948000000 AM,"guestUser",24-APR-13 09.37.49.948000000 AM
1276931,213219,"PN",24-APR-13,0,"guestUser",24-APR-13 09.37.49.952000000 AM,"guestUser",24-APR-13 09.37.49.952000000 AM
1276993,213220,"V",24-APR-13,0,"guestUser",24-APR-13 09.37.49.955000000 AM,"guestUser",24-APR-13 09.37.49.955000000 AM
1276993,213221,"PN",24-APR-13,0,"guestUser",24-APR-13 09.37.49.958000000 AM,"guestUser",24-APR-13 09.37.49.958000000 AM
1276932,213222,"V",24-APR-13,0,"guestUser",24-APR-13 09.37.49.961000000 AM,"guestUser",24-APR-13 09.37.49.961000000 AM
1276932,213223,"PN",24-APR-13,0,"guestUser",24-APR-13 09.37.49.965000000 AM,"guestUser",24-APR-13 09.37.49.965000000 AM
1276860,213224,"V",24-APR-13,0,"guestUser",24-APR-13 10.29.46.077000000 AM,"guestUser",24-APR-13 10.29.46.077000000 AM
1276860,213225,"IP",24-APR-13,7,"guestUser",24-APR-13 10.39.13.546000000 AM,"guestUser",24-APR-13 10.29.46.078000000 AM
1276860,213226,"V",24-APR-13,0,"guestUser",24-APR-13 10.39.13.585000000 AM,"guestUser",24-APR-13 10.39.13.585000000 AM
1276860,213227,"PN",24-APR-13,0,"guestUser",24-APR-13 10.39.13.589000000 AM,"guestUser",24-APR-13 10.39.13.589000000 AM
1276996,213228,"IW",24-APR-13,0,"guestUser",24-APR-13 11.02.07.297000000 AM,"guestUser",24-APR-13 11.02.07.297000000 AM
1276996,213229,"V",24-APR-13,0,"guestUser",24-APR-13 11.06.12.949000000 AM,"guestUser",24-APR-13 11.06.12.949000000 AM
1276996,213230,"PN",24-APR-13,0,"guestUser",24-APR-13 11.06.12.957000000 AM,"guestUser",24-APR-13 11.06.12.957000000 AM
1276994,213231,"V",24-APR-13,0,"guestUser",24-APR-13 11.05.23.973000000 AM,"guestUser",24-APR-13 11.05.23.973000000 AM
1276994,213232,"PN",24-APR-13,0,"guestUser",24-APR-13 11.05.23.981000000 AM,"guestUser",24-APR-13 11.05.23.981000000 AM
1276937,213233,"V",24-APR-13,0,"guestUser",24-APR-13 11.06.56.614000000 AM,"guestUser",24-APR-13 11.06.56.614000000 AM
1276937,213234,"PN",24-APR-13,0,"guestUser",24-APR-13 11.06.56.618000000 AM,"guestUser",24-APR-13 11.06.56.618000000 AM
1276997,213235,"IW",24-APR-13,0,"guestUser",24-APR-13 11.19.09.672000000 AM,"guestUser",24-APR-13 11.19.09.672000000 AM
1276997,213236,"V",24-APR-13,0,"guestUser",24-APR-13 11.20.08.855000000 AM,"guestUser",24-APR-13 11.20.08.855000000 AM
1276997,213237,"PN",24-APR-13,0,"guestUser",24-APR-13 11.20.08.858000000 AM,"guestUser",24-APR-13 11.20.08.858000000 AM
1276998,213238,"IW",24-APR-13,0,"guestUser",24-APR-13 11.33.33.461000000 AM,"guestUser",24-APR-13 11.33.33.461000000 AM
1276998,213240,"V",24-APR-13,0,"guestUser",24-APR-13 12.33.25.180000000 PM,"guestUser",24-APR-13 12.33.25.180000000 PM
1276998,213241,"PN",24-APR-13,0,"guestUser",24-APR-13 12.33.25.188000000 PM,"guestUser",24-APR-13 12.33.25.188000000 PM
1277001,213243,"IW",24-APR-13,0,"guestUser",24-APR-13 01.38.20.726000000 PM,"guestUser",24-APR-13 01.38.20.726000000 PM
1277001,213244,"V",24-APR-13,0,"guestUser",24-APR-13 01.39.38.870000000 PM,"guestUser",24-APR-13 01.39.38.870000000 PM
1277001,213245,"PN",24-APR-13,0,"guestUser",24-APR-13 01.39.38.875000000 PM,"guestUser",24-APR-13 01.39.38.875000000 PM
1277002,213246,"IW",24-APR-13,0,"guestUser",24-APR-13 01.52.49.248000000 PM,"guestUser",24-APR-13 01.52.49.248000000 PM
1277003,213247,"IW",24-APR-13,0,"guestUser",24-APR-13 01.53.34.822000000 PM,"guestUser",24-APR-13 01.53.34.822000000 PM
1277004,213248,"IW",24-APR-13,0,"guestUser",24-APR-13 02.05.22.976000000 PM,"guestUser",24-APR-13 02.05.22.976000000 PM
1277005,213249,"IW",24-APR-13,0,"guestUser",24-APR-13 02.11.33.967000000 PM,"guestUser",24-APR-13 02.11.33.967000000 PM
1277006,213250,"IW",24-APR-13,0,"guestUser",24-APR-13 02.11.15.562000000 PM,"guestUser",24-APR-13 02.11.15.562000000 PM
1277007,213251,"IW",24-APR-13,0,"guestUser",24-APR-13 02.16.13.613000000 PM,"guestUser",24-APR-13 02.16.13.613000000 PM
1277000,213252,"V",24-APR-13,0,"guestUser",24-APR-13 02.20.49.071000000 PM,"guestUser",24-APR-13 02.20.49.071000000 PM
1277000,213253,"PN",24-APR-13,0,"guestUser",24-APR-13 02.20.49.075000000 PM,"guestUser",24-APR-13 02.20.49.075000000 PM
1277003,213254,"V",24-APR-13,0,"guestUser",24-APR-13 02.21.23.846000000 PM,"guestUser",24-APR-13 02.21.23.846000000 PM
1277003,213255,"PN",24-APR-13,0,"guestUser",24-APR-13 02.21.23.852000000 PM,"guestUser",24-APR-13 02.21.23.852000000 PM
1277004,213256,"V",24-APR-13,0,"guestUser",24-APR-13 02.21.23.855000000 PM,"guestUser",24-APR-13 02.21.23.855000000 PM
1277004,213257,"PN",24-APR-13,0,"guestUser",24-APR-13 02.21.23.859000000 PM,"guestUser",24-APR-13 02.21.23.859000000 PM
1277005,213258,"V",24-APR-13,0,"guestUser",24-APR-13 02.21.23.863000000 PM,"guestUser",24-APR-13 02.21.23.863000000 PM
1277005,213259,"PN",24-APR-13,0,"guestUser",24-APR-13 02.21.23.867000000 PM,"guestUser",24-APR-13 02.21.23.867000000 PM
1277007,213260,"V",24-APR-13,0,"guestUser",24-APR-13 02.21.23.871000000 PM,"guestUser",24-APR-13 02.21.23.871000000 PM
1277007,213261,"PN",24-APR-13,0,"guestUser",24-APR-13 02.21.23.874000000 PM,"guestUser",24-APR-13 02.21.23.874000000 PM
1277008,213262,"IW",24-APR-13,0,"guestUser",24-APR-13 02.39.50.809000000 PM,"guestUser",24-APR-13 02.39.50.809000000 PM
1277009,213263,"IW",24-APR-13,0,"guestUser",24-APR-13 02.42.03.277000000 PM,"guestUser",24-APR-13 02.42.03.277000000 PM
1277009,213264,"V",24-APR-13,0,"guestUser",24-APR-13 02.42.03.557000000 PM,"guestUser",24-APR-13 02.42.03.557000000 PM
1277009,213265,"PN",24-APR-13,0,"guestUser",24-APR-13 02.42.03.562000000 PM,"guestUser",24-APR-13 02.42.03.562000000 PM
1276759,212584,"PC",04-APR-13,0,"RRUD",04-APR-13 01.51.59.980000000 PM,"RRUD",04-APR-13 01.51.59.980000000 PM
1276761,212594,"V",05-APR-13,0,"guestUser",05-APR-13 11.17.42.245000000 AM,"guestUser",05-APR-13 11.17.42.245000000 AM
1276761,212595,"PN",05-APR-13,0,"guestUser",05-APR-13 11.17.42.258000000 AM,"guestUser",05-APR-13 11.17.42.258000000 AM
1276777,212615,"IW",09-APR-13,0,"guestUser",09-APR-13 02.42.37.698000000 PM,"guestUser",09-APR-13 02.42.37.698000000 PM
1276779,212619,"IW",09-APR-13,0,"guestUser",09-APR-13 03.29.38.732000000 PM,"guestUser",09-APR-13 03.29.38.732000000 PM
1276780,212620,"IW",09-APR-13,0,"guestUser",09-APR-13 03.34.39.890000000 PM,"guestUser",09-APR-13 03.34.39.890000000 PM
1276785,212646,"IW",10-APR-13,0,"guestUser",10-APR-13 09.20.30.155000000 AM,"guestUser",10-APR-13 09.20.30.155000000 AM
1276825,212859,"IW",12-APR-13,0,"guestUser",12-APR-13 11.26.15.781000000 AM,"guestUser",12-APR-13 11.26.15.781000000 AM
1276795,212672,"V",19-SEP-12,11,"guestUser",10-APR-13 11.59.15.266000000 AM,"guestUser",10-APR-13 11.11.02.923000000 AM
1276842,212891,"V",16-APR-13,0,"guestUser",16-APR-13 11.55.36.484000000 AM,"guestUser",16-APR-13 11.55.36.484000000 AM
1276842,212892,"PN",16-APR-13,0,"guestUser",16-APR-13 11.55.36.488000000 AM,"guestUser",16-APR-13 11.55.36.488000000 AM
1276880,212962,"IW",18-APR-13,0,"guestUser",18-APR-13 01.19.50.443000000 PM,"guestUser",18-APR-13 01.19.50.443000000 PM
1276886,212978,"IW",18-APR-13,0,"guestUser",18-APR-13 02.50.13.393000000 PM,"guestUser",18-APR-13 02.50.13.393000000 PM
1276887,212979,"IW",18-APR-13,0,"guestUser",18-APR-13 02.52.58.581000000 PM,"guestUser",18-APR-13 02.52.58.581000000 PM
1276950,213134,"IW",23-APR-13,0,"guestUser",23-APR-13 10.59.50.925000000 AM,"guestUser",23-APR-13 10.59.50.925000000 AM
1277010,213270,"IW",24-APR-13,0,"guestUser",24-APR-13 03.20.01.228000000 PM,"guestUser",24-APR-13 03.20.01.228000000 PM
1277010,213271,"V",24-APR-13,0,"guestUser",24-APR-13 03.20.01.462000000 PM,"guestUser",24-APR-13 03.20.01.462000000 PM
1277010,213272,"PN",24-APR-13,0,"guestUser",24-APR-13 03.20.01.470000000 PM,"guestUser",24-APR-13 03.20.01.470000000 PM
1277011,213273,"IW",24-APR-13,0,"guestUser",24-APR-13 09.08.50.040000000 PM,"guestUser",24-APR-13 09.08.50.040000000 PM
1277012,213274,"IW",25-APR-13,0,"guestUser",25-APR-13 09.34.45.675000000 AM,"guestUser",25-APR-13 09.34.45.675000000 AM
1277013,213275,"IW",25-APR-13,0,"guestUser",25-APR-13 10.18.25.429000000 AM,"guestUser",25-APR-13 10.18.25.429000000 AM
1277014,213278,"IW",25-APR-13,0,"guestUser",25-APR-13 10.39.09.664000000 AM,"guestUser",25-APR-13 10.39.09.664000000 AM
1277017,213281,"IW",25-APR-13,0,"guestUser",25-APR-13 11.42.01.290000000 AM,"guestUser",25-APR-13 11.42.01.290000000 AM
1277018,213282,"IW",25-APR-13,0,"guestUser",25-APR-13 11.42.56.235000000 AM,"guestUser",25-APR-13 11.42.56.235000000 AM
1277020,213284,"IW",25-APR-13,0,"guestUser",25-APR-13 11.54.24.884000000 AM,"guestUser",25-APR-13 11.54.24.884000000 AM
1277021,213285,"IW",25-APR-13,0,"guestUser",25-APR-13 11.59.45.395000000 AM,"guestUser",25-APR-13 11.59.45.395000000 AM
1277021,213286,"V",25-APR-13,0,"guestUser",25-APR-13 12.21.55.760000000 PM,"guestUser",25-APR-13 12.21.55.760000000 PM
1277021,213287,"PN",25-APR-13,0,"guestUser",25-APR-13 12.21.55.768000000 PM,"guestUser",25-APR-13 12.21.55.768000000 PM
1277022,213288,"IW",25-APR-13,0,"guestUser",25-APR-13 01.04.52.568000000 PM,"guestUser",25-APR-13 01.04.52.568000000 PM
1277023,213289,"IW",25-APR-13,0,"guestUser",25-APR-13 01.11.58.948000000 PM,"guestUser",25-APR-13 01.11.58.948000000 PM
1277024,213290,"IW",25-APR-13,0,"guestUser",25-APR-13 01.18.01.586000000 PM,"guestUser",25-APR-13 01.18.01.586000000 PM
1277025,213291,"IW",25-APR-13,0,"guestUser",25-APR-13 01.18.36.420000000 PM,"guestUser",25-APR-13 01.18.36.420000000 PM
1277026,213292,"IW",25-APR-13,0,"guestUser",25-APR-13 01.33.44.291000000 PM,"guestUser",25-APR-13 01.33.44.291000000 PM
1277028,213294,"IW",25-APR-13,0,"guestUser",25-APR-13 01.40.22.789000000 PM,"guestUser",25-APR-13 01.40.22.789000000 PM
1277029,213295,"IW",25-APR-13,0,"guestUser",25-APR-13 01.40.59.962000000 PM,"guestUser",25-APR-13 01.40.59.962000000 PM
1277030,213296,"IW",25-APR-13,0,"guestUser",25-APR-13 01.55.22.420000000 PM,"guestUser",25-APR-13 01.55.22.420000000 PM
1277023,213297,"V",25-APR-13,0,"guestUser",25-APR-13 01.57.49.754000000 PM,"guestUser",25-APR-13 01.57.49.754000000 PM
1277023,213298,"PN",25-APR-13,0,"guestUser",25-APR-13 01.57.49.757000000 PM,"guestUser",25-APR-13 01.57.49.757000000 PM
1277002,213299,"V",25-APR-13,2,"guestUser",25-APR-13 02.07.26.074000000 PM,"guestUser",25-APR-13 02.02.38.561000000 PM
1277002,213303,"IP",30-APR-13,41,"guestUser",30-APR-13 08.43.36.648000000 AM,"guestUser",25-APR-13 02.07.26.052000000 PM
1277032,213304,"IW",25-APR-13,0,"guestUser",25-APR-13 02.13.43.907000000 PM,"guestUser",25-APR-13 02.13.43.907000000 PM
1277031,213302,"IW",25-APR-13,0,"guestUser",25-APR-13 02.05.59.835000000 PM,"guestUser",25-APR-13 02.05.59.835000000 PM
1277033,213305,"IW",25-APR-13,0,"guestUser",25-APR-13 02.14.03.341000000 PM,"guestUser",25-APR-13 02.14.03.341000000 PM
1277034,213306,"IW",25-APR-13,0,"guestUser",25-APR-13 02.14.25.940000000 PM,"guestUser",25-APR-13 02.14.25.940000000 PM
1277038,213312,"IW",25-APR-13,0,"guestUser",25-APR-13 03.22.29.096000000 PM,"guestUser",25-APR-13 03.22.29.096000000 PM
1277035,213313,"V",25-APR-13,0,"guestUser",25-APR-13 03.35.18.520000000 PM,"guestUser",25-APR-13 03.35.18.520000000 PM
1277035,213314,"PN",25-APR-13,0,"guestUser",25-APR-13 03.35.18.527000000 PM,"guestUser",25-APR-13 03.35.18.527000000 PM
1277039,213315,"IW",25-APR-13,0,"guestUser",25-APR-13 03.58.56.709000000 PM,"guestUser",25-APR-13 03.58.56.709000000 PM
1277039,213316,"V",25-APR-13,0,"guestUser",25-APR-13 03.58.56.934000000 PM,"guestUser",25-APR-13 03.58.56.934000000 PM
1277039,213317,"PN",25-APR-13,0,"guestUser",25-APR-13 03.58.56.939000000 PM,"guestUser",25-APR-13 03.58.56.939000000 PM
1277040,213318,"IW",25-APR-13,0,"guestUser",25-APR-13 04.29.17.558000000 PM,"guestUser",25-APR-13 04.29.17.558000000 PM
1277040,213319,"V",25-APR-13,0,"guestUser",25-APR-13 04.29.17.719000000 PM,"guestUser",25-APR-13 04.29.17.719000000 PM
1277040,213320,"PN",25-APR-13,0,"guestUser",25-APR-13 04.29.17.726000000 PM,"guestUser",25-APR-13 04.29.17.726000000 PM
1277041,213321,"IW",25-APR-13,0,"guestUser",25-APR-13 04.45.23.097000000 PM,"guestUser",25-APR-13 04.45.23.097000000 PM
1277041,213322,"V",25-APR-13,0,"guestUser",25-APR-13 04.45.23.252000000 PM,"guestUser",25-APR-13 04.45.23.252000000 PM
1277041,213323,"PN",25-APR-13,0,"guestUser",25-APR-13 04.45.23.257000000 PM,"guestUser",25-APR-13 04.45.23.257000000 PM
1277042,213324,"IW",26-APR-13,0,"guestUser",26-APR-13 09.44.58.337000000 AM,"guestUser",26-APR-13 09.44.58.337000000 AM
1277043,213325,"IW",26-APR-13,0,"guestUser",26-APR-13 10.18.40.017000000 AM,"guestUser",26-APR-13 10.18.40.017000000 AM
1277044,213326,"IW",26-APR-13,0,"guestUser",26-APR-13 10.29.29.482000000 AM,"guestUser",26-APR-13 10.29.29.482000000 AM
1277045,213327,"IW",26-APR-13,0,"guestUser",26-APR-13 10.45.14.044000000 AM,"guestUser",26-APR-13 10.45.14.044000000 AM
1277046,213328,"IW",26-APR-13,0,"guestUser",26-APR-13 10.46.56.209000000 AM,"guestUser",26-APR-13 10.46.56.209000000 AM
1277044,213329,"V",26-APR-13,0,"guestUser",26-APR-13 10.50.06.269000000 AM,"guestUser",26-APR-13 10.50.06.269000000 AM
1277044,213330,"PN",26-APR-13,0,"guestUser",26-APR-13 10.50.06.279000000 AM,"guestUser",26-APR-13 10.50.06.279000000 AM
1277047,213331,"IW",26-APR-13,0,"guestUser",26-APR-13 11.04.53.641000000 AM,"guestUser",26-APR-13 11.04.53.641000000 AM
1277048,213332,"IW",26-APR-13,0,"guestUser",26-APR-13 11.10.18.607000000 AM,"guestUser",26-APR-13 11.10.18.607000000 AM
1276791,213333,"V",26-APR-13,0,"guestUser",26-APR-13 11.27.35.296000000 AM,"guestUser",26-APR-13 11.27.35.296000000 AM
1276791,213334,"PN",26-APR-13,0,"guestUser",26-APR-13 11.27.35.303000000 AM,"guestUser",26-APR-13 11.27.35.303000000 AM
1277049,213335,"IW",26-APR-13,0,"guestUser",26-APR-13 11.40.15.443000000 AM,"guestUser",26-APR-13 11.40.15.443000000 AM
1277049,213337,"V",26-APR-13,0,"guestUser",26-APR-13 12.01.46.615000000 PM,"guestUser",26-APR-13 12.01.46.615000000 PM
1277049,213338,"PN",26-APR-13,0,"guestUser",26-APR-13 12.01.46.623000000 PM,"guestUser",26-APR-13 12.01.46.623000000 PM
1277050,213339,"V",26-APR-13,0,"guestUser",26-APR-13 12.12.31.309000000 PM,"guestUser",26-APR-13 12.12.31.309000000 PM
1277050,213340,"PN",26-APR-13,0,"guestUser",26-APR-13 12.12.31.317000000 PM,"guestUser",26-APR-13 12.12.31.317000000 PM
1277051,213341,"IW",26-APR-13,0,"guestUser",26-APR-13 12.30.18.023000000 PM,"guestUser",26-APR-13 12.30.18.023000000 PM
1276951,213342,"V",26-APR-13,0,"guestUser",26-APR-13 12.32.36.171000000 PM,"guestUser",26-APR-13 12.32.36.171000000 PM
1276951,213343,"IP",30-MAY-13,11,"guestUser",30-MAY-13 03.19.11.526000000 PM,"guestUser",26-APR-13 12.32.36.171000000 PM
1277052,213344,"IW",26-APR-13,0,"guestUser",26-APR-13 12.40.08.108000000 PM,"guestUser",26-APR-13 12.40.08.108000000 PM
1277053,213346,"V",26-APR-13,0,"guestUser",26-APR-13 01.09.53.011000000 PM,"guestUser",26-APR-13 01.09.53.011000000 PM
1277053,213347,"PN",26-APR-13,0,"guestUser",26-APR-13 01.09.53.020000000 PM,"guestUser",26-APR-13 01.09.53.020000000 PM
1277054,213348,"IW",26-APR-13,0,"guestUser",26-APR-13 01.13.41.890000000 PM,"guestUser",26-APR-13 01.13.41.890000000 PM
1277054,213349,"V",26-APR-13,0,"guestUser",26-APR-13 01.16.25.185000000 PM,"guestUser",26-APR-13 01.16.25.185000000 PM
1277054,213350,"PN",26-APR-13,0,"guestUser",26-APR-13 01.16.25.195000000 PM,"guestUser",26-APR-13 01.16.25.195000000 PM
1276907,213351,"V",26-APR-13,0,"guestUser",26-APR-13 01.22.21.416000000 PM,"guestUser",26-APR-13 01.22.21.416000000 PM
1276907,213352,"PN",26-APR-13,0,"guestUser",26-APR-13 01.22.21.421000000 PM,"guestUser",26-APR-13 01.22.21.421000000 PM
1277046,213353,"V",26-APR-13,0,"guestUser",26-APR-13 01.22.21.425000000 PM,"guestUser",26-APR-13 01.22.21.425000000 PM
1277046,213354,"PN",26-APR-13,0,"guestUser",26-APR-13 01.22.21.429000000 PM,"guestUser",26-APR-13 01.22.21.429000000 PM
1277055,213355,"IW",26-APR-13,0,"guestUser",26-APR-13 01.23.40.783000000 PM,"guestUser",26-APR-13 01.23.40.783000000 PM
1277064,213369,"V",26-APR-13,0,"guestUser",26-APR-13 03.21.20.283000000 PM,"guestUser",26-APR-13 03.21.20.283000000 PM
1277064,213370,"PN",26-APR-13,0,"guestUser",26-APR-13 03.21.20.288000000 PM,"guestUser",26-APR-13 03.21.20.288000000 PM
1277066,213374,"IW",26-APR-13,0,"guestUser",26-APR-13 04.33.59.960000000 PM,"guestUser",26-APR-13 04.33.59.960000000 PM
1277067,213377,"IW",26-APR-13,0,"guestUser",26-APR-13 05.00.38.134000000 PM,"guestUser",26-APR-13 05.00.38.134000000 PM
1277011,213378,"V",28-APR-13,0,"guestUser",28-APR-13 08.44.50.248000000 AM,"guestUser",28-APR-13 08.44.50.248000000 AM
1277011,213379,"PN",28-APR-13,0,"guestUser",28-APR-13 08.44.50.260000000 AM,"guestUser",28-APR-13 08.44.50.260000000 AM
1277070,213384,"IW",29-APR-13,0,"guestUser",29-APR-13 09.15.23.066000000 AM,"guestUser",29-APR-13 09.15.23.066000000 AM
1277071,213385,"IW",29-APR-13,0,"guestUser",29-APR-13 09.40.32.804000000 AM,"guestUser",29-APR-13 09.40.32.804000000 AM
1277030,213386,"V",29-APR-13,0,"guestUser",29-APR-13 09.49.55.983000000 AM,"guestUser",29-APR-13 09.49.55.983000000 AM
1277030,213387,"PN",29-APR-13,0,"guestUser",29-APR-13 09.49.55.988000000 AM,"guestUser",29-APR-13 09.49.55.988000000 AM
1277069,213388,"V",29-APR-13,0,"guestUser",29-APR-13 10.10.37.746000000 AM,"guestUser",29-APR-13 10.10.37.746000000 AM
1277069,213389,"PN",29-APR-13,0,"guestUser",29-APR-13 10.10.37.750000000 AM,"guestUser",29-APR-13 10.10.37.750000000 AM
