"P_SYS_ID","P_BLNG_MEDM_SK","P_BLNG_MEDM_CD","L_HIBERNATE_VER_NUM","G_AUD_USER_ID","G_AUD_TS","G_AUD_ADD_USER_ID","G_AUD_ADD_TS"
1281287,904,"I",0,"PJHEID",09-DEC-13 09.17.45.501000000 AM,"PJHEID",09-DEC-13 09.17.45.501000000 AM
1280846,905,"I",0,"JMLAGRO",10-DEC-13 10.21.22.282000000 AM,"JMLAGRO",10-DEC-13 10.21.22.282000000 AM
1278107,990,"I",0,"JMLAGRO",10-JAN-14 12.56.02.261000000 PM,"JMLAGRO",10-JAN-14 12.56.02.261000000 PM
1277687,1009,"I",0,"PJHEID",31-JAN-14 10.24.28.403000000 AM,"PJHEID",31-JAN-14 10.24.28.403000000 AM
1277702,1010,"I",0,"PJHEID",31-JAN-14 10.24.28.647000000 AM,"PJHEID",31-JAN-14 10.24.28.647000000 AM
1001031,1011,"I",0,"PJHEID",31-JAN-14 10.24.29.372000000 AM,"PJHEID",31-JAN-14 10.24.29.372000000 AM
1281406,1039,"I",0,"guestUser",10-FEB-14 08.00.14.148000000 AM,"guestUser",10-FEB-14 08.00.14.148000000 AM
1281405,1040,"I",0,"guestUser",10-FEB-14 08.00.14.438000000 AM,"guestUser",10-FEB-14 08.00.14.438000000 AM
1281403,1041,"I",0,"JMLAGRO",10-FEB-14 08.00.14.582000000 AM,"JMLAGRO",10-FEB-14 08.00.14.582000000 AM
1280195,1067,"I",0,"JOYSPEZIALE",20-FEB-14 05.36.50.600000000 PM,"JOYSPEZIALE",20-FEB-14 05.36.50.600000000 PM
1279734,1068,"I",0,"guestUser",20-FEB-14 06.40.39.189000000 PM,"guestUser",20-FEB-14 06.40.39.189000000 PM
1279732,1069,"I",0,"guestUser",20-FEB-14 06.40.39.503000000 PM,"guestUser",20-FEB-14 06.40.39.503000000 PM
1279735,1070,"I",0,"JOYSPEZIALE",20-FEB-14 06.40.39.731000000 PM,"JOYSPEZIALE",20-FEB-14 06.40.39.731000000 PM
1279766,1074,"I",0,"guestUser",21-FEB-14 02.15.12.232000000 PM,"guestUser",21-FEB-14 02.15.12.232000000 PM
1279765,1075,"I",0,"JOYSPEZIALE",21-FEB-14 02.15.12.429000000 PM,"JOYSPEZIALE",21-FEB-14 02.15.12.429000000 PM
1280199,1088,"I",0,"JMLAGRO",03-MAR-14 01.38.23.699000000 PM,"JMLAGRO",03-MAR-14 01.38.23.699000000 PM
1280198,1089,"I",0,"JMLAGRO",03-MAR-14 01.38.23.970000000 PM,"JMLAGRO",03-MAR-14 01.38.23.970000000 PM
1280197,1090,"I",0,"JMLAGRO",03-MAR-14 01.38.24.135000000 PM,"JMLAGRO",03-MAR-14 01.38.24.135000000 PM
1280938,1118,"I",0,"guestUser",11-MAR-14 12.47.33.165000000 PM,"guestUser",11-MAR-14 12.47.33.165000000 PM
1280937,1119,"I",0,"JUDITHSZEGEDI",11-MAR-14 12.47.33.560000000 PM,"JUDITHSZEGEDI",11-MAR-14 12.47.33.560000000 PM
1277247,863,"I",0,"JMLAGRO",04-NOV-13 01.54.31.948000000 PM,"JMLAGRO",04-NOV-13 01.54.31.948000000 PM
1277246,864,"I",0,"JMLAGRO",04-NOV-13 01.54.32.296000000 PM,"JMLAGRO",04-NOV-13 01.54.32.296000000 PM
1277245,865,"I",0,"JMLAGRO",04-NOV-13 01.54.32.496000000 PM,"JMLAGRO",04-NOV-13 01.54.32.496000000 PM
1277244,866,"I",0,"JMLAGRO",04-NOV-13 01.54.32.690000000 PM,"JMLAGRO",04-NOV-13 01.54.32.690000000 PM
1277325,875,"I",0,"PJHEID",08-NOV-13 07.26.07.922000000 AM,"PJHEID",08-NOV-13 07.26.07.922000000 AM
1277324,876,"I",0,"PJHEID",08-NOV-13 07.26.08.360000000 AM,"PJHEID",08-NOV-13 07.26.08.360000000 AM
1277327,877,"I",0,"PJHEID",08-NOV-13 07.26.08.574000000 AM,"PJHEID",08-NOV-13 07.26.08.574000000 AM
1277321,878,"I",0,"PJHEID",08-NOV-13 07.26.08.795000000 AM,"PJHEID",08-NOV-13 07.26.08.795000000 AM
1277103,974,"I",0,"JMLAGRO",16-DEC-13 10.57.49.011000000 AM,"JMLAGRO",16-DEC-13 10.57.49.011000000 AM
1281421,1019,"I",0,"guestUser",07-FEB-14 07.15.48.643000000 AM,"guestUser",07-FEB-14 07.15.48.643000000 AM
1281420,1020,"I",0,"guestUser",07-FEB-14 07.15.48.925000000 AM,"guestUser",07-FEB-14 07.15.48.925000000 AM
1281414,1021,"I",0,"JMLAGRO",07-FEB-14 07.15.49.081000000 AM,"JMLAGRO",07-FEB-14 07.15.49.081000000 AM
1278175,1076,"I",0,"LISACAMPBELL",21-FEB-14 02.52.13.999000000 PM,"LISACAMPBELL",21-FEB-14 02.52.13.999000000 PM
1282287,1117,"I",0,"JOYSPEZIALE",10-MAR-14 04.43.30.850000000 PM,"JOYSPEZIALE",10-MAR-14 04.43.30.850000000 PM
1277297,867,"I",0,"PJHEID",04-NOV-13 03.16.01.427000000 PM,"PJHEID",04-NOV-13 03.16.01.427000000 PM
1277296,868,"I",0,"PJHEID",04-NOV-13 03.16.01.775000000 PM,"PJHEID",04-NOV-13 03.16.01.775000000 PM
1277295,869,"I",0,"PJHEID",04-NOV-13 03.16.01.966000000 PM,"PJHEID",04-NOV-13 03.16.01.966000000 PM
1277294,870,"I",0,"PJHEID",04-NOV-13 03.16.02.155000000 PM,"PJHEID",04-NOV-13 03.16.02.155000000 PM
1279982,975,"I",0,"JMLAGRO",23-DEC-13 03.32.53.822000000 PM,"JMLAGRO",23-DEC-13 03.32.53.822000000 PM
1277232,976,"I",0,"JMLAGRO",23-DEC-13 03.32.54.437000000 PM,"JMLAGRO",23-DEC-13 03.32.54.437000000 PM
1277853,977,"I",0,"JMLAGRO",23-DEC-13 03.32.54.812000000 PM,"JMLAGRO",23-DEC-13 03.32.54.812000000 PM
1279981,978,"I",0,"JMLAGRO",23-DEC-13 03.32.55.184000000 PM,"JMLAGRO",23-DEC-13 03.32.55.184000000 PM
1279985,979,"I",0,"JMLAGRO",23-DEC-13 03.32.55.535000000 PM,"JMLAGRO",23-DEC-13 03.32.55.535000000 PM
1279978,980,"I",0,"JMLAGRO",23-DEC-13 03.32.55.881000000 PM,"JMLAGRO",23-DEC-13 03.32.55.881000000 PM
1277233,981,"I",0,"JMLAGRO",23-DEC-13 03.32.56.261000000 PM,"JMLAGRO",23-DEC-13 03.32.56.261000000 PM
1277854,982,"I",0,"JMLAGRO",23-DEC-13 03.32.56.610000000 PM,"JMLAGRO",23-DEC-13 03.32.56.610000000 PM
1277331,984,"I",0,"JMLAGRO",09-JAN-14 08.37.11.517000000 AM,"JMLAGRO",09-JAN-14 08.37.11.517000000 AM
1281461,987,"I",0,"JMLAGRO",10-JAN-14 08.23.27.497000000 AM,"JMLAGRO",10-JAN-14 08.23.27.497000000 AM
1281463,988,"I",0,"JMLAGRO",10-JAN-14 08.23.27.825000000 AM,"JMLAGRO",10-JAN-14 08.23.27.825000000 AM
1281462,989,"I",0,"JMLAGRO",10-JAN-14 08.23.27.986000000 AM,"JMLAGRO",10-JAN-14 08.23.27.986000000 AM
1281706,1097,"I",0,"PJHEID",07-MAR-14 12.26.45.795000000 PM,"PJHEID",07-MAR-14 12.26.45.795000000 PM
1279810,840,"I",0,"TBRABANDT",24-SEP-13 11.53.32.927000000 AM,"TBRABANDT",24-SEP-13 11.53.32.927000000 AM
1279814,841,"I",0,"guestUser",24-SEP-13 11.53.33.237000000 AM,"guestUser",24-SEP-13 11.53.33.237000000 AM
1279813,842,"I",0,"guestUser",24-SEP-13 11.53.33.420000000 AM,"guestUser",24-SEP-13 11.53.33.420000000 AM
1280547,856,"I",0,"PJHEID",22-OCT-13 09.50.01.620000000 AM,"PJHEID",22-OCT-13 09.50.01.620000000 AM
1280651,879,"I",0,"TBRABANDT",13-NOV-13 07.26.07.531000000 AM,"TBRABANDT",13-NOV-13 07.26.07.531000000 AM
1278304,895,"I",0,"PJHEID",24-NOV-13 01.43.25.637000000 PM,"PJHEID",24-NOV-13 01.43.25.637000000 PM
1277413,906,"I",0,"JMLAGRO",12-DEC-13 07.04.00.740000000 AM,"JMLAGRO",12-DEC-13 07.04.00.740000000 AM
1277412,907,"I",0,"JMLAGRO",12-DEC-13 07.04.01.113000000 AM,"JMLAGRO",12-DEC-13 07.04.01.113000000 AM
1277415,908,"I",0,"JMLAGRO",12-DEC-13 07.04.01.302000000 AM,"JMLAGRO",12-DEC-13 07.04.01.302000000 AM
1277414,909,"I",0,"JMLAGRO",12-DEC-13 07.04.01.485000000 AM,"JMLAGRO",12-DEC-13 07.04.01.485000000 AM
1277358,914,"I",0,"JMLAGRO",12-DEC-13 09.56.23.270000000 AM,"JMLAGRO",12-DEC-13 09.56.23.270000000 AM
1277362,915,"I",0,"JMLAGRO",12-DEC-13 09.56.23.621000000 AM,"JMLAGRO",12-DEC-13 09.56.23.621000000 AM
1277361,916,"I",0,"JMLAGRO",12-DEC-13 09.56.23.815000000 AM,"JMLAGRO",12-DEC-13 09.56.23.815000000 AM
1277360,917,"I",0,"JMLAGRO",12-DEC-13 09.56.24.056000000 AM,"JMLAGRO",12-DEC-13 09.56.24.056000000 AM
1277259,918,"I",0,"TBRABANDT",12-DEC-13 10.48.34.970000000 AM,"TBRABANDT",12-DEC-13 10.48.34.970000000 AM
1277292,919,"I",0,"TBRABANDT",12-DEC-13 10.48.38.045000000 AM,"TBRABANDT",12-DEC-13 10.48.38.045000000 AM
1277269,920,"I",0,"TBRABANDT",12-DEC-13 10.48.41.216000000 AM,"TBRABANDT",12-DEC-13 10.48.41.216000000 AM
1277280,921,"I",0,"TBRABANDT",12-DEC-13 10.48.44.072000000 AM,"TBRABANDT",12-DEC-13 10.48.44.072000000 AM
1277257,922,"I",0,"TBRABANDT",12-DEC-13 10.48.47.035000000 AM,"TBRABANDT",12-DEC-13 10.48.47.035000000 AM
1277290,923,"I",0,"TBRABANDT",12-DEC-13 10.48.49.988000000 AM,"TBRABANDT",12-DEC-13 10.48.49.988000000 AM
1277277,924,"I",0,"TBRABANDT",12-DEC-13 10.48.52.984000000 AM,"TBRABANDT",12-DEC-13 10.48.52.984000000 AM
1277255,925,"I",0,"TBRABANDT",12-DEC-13 10.48.56.016000000 AM,"TBRABANDT",12-DEC-13 10.48.56.016000000 AM
1276836,926,"I",0,"TBRABANDT",12-DEC-13 10.48.58.976000000 AM,"TBRABANDT",12-DEC-13 10.48.58.976000000 AM
1277265,927,"I",0,"TBRABANDT",12-DEC-13 10.49.02.050000000 AM,"TBRABANDT",12-DEC-13 10.49.02.050000000 AM
1277275,928,"I",0,"TBRABANDT",12-DEC-13 10.49.04.859000000 AM,"TBRABANDT",12-DEC-13 10.49.04.859000000 AM
1277253,929,"I",0,"TBRABANDT",12-DEC-13 10.49.07.898000000 AM,"TBRABANDT",12-DEC-13 10.49.07.898000000 AM
1276834,930,"I",0,"TBRABANDT",12-DEC-13 10.49.10.915000000 AM,"TBRABANDT",12-DEC-13 10.49.10.915000000 AM
1277263,931,"I",0,"TBRABANDT",12-DEC-13 10.49.13.765000000 AM,"TBRABANDT",12-DEC-13 10.49.13.765000000 AM
1277273,932,"I",0,"TBRABANDT",12-DEC-13 10.49.16.793000000 AM,"TBRABANDT",12-DEC-13 10.49.16.793000000 AM
1277251,933,"I",0,"TBRABANDT",12-DEC-13 10.49.19.573000000 AM,"TBRABANDT",12-DEC-13 10.49.19.573000000 AM
1276832,934,"I",0,"TBRABANDT",12-DEC-13 10.49.22.505000000 AM,"TBRABANDT",12-DEC-13 10.49.22.505000000 AM
1277283,935,"I",0,"TBRABANDT",12-DEC-13 10.49.25.318000000 AM,"TBRABANDT",12-DEC-13 10.49.25.318000000 AM
1276830,936,"I",0,"TBRABANDT",12-DEC-13 10.49.28.263000000 AM,"TBRABANDT",12-DEC-13 10.49.28.263000000 AM
1276829,937,"I",0,"TBRABANDT",12-DEC-13 10.49.30.989000000 AM,"TBRABANDT",12-DEC-13 10.49.30.989000000 AM
1277278,938,"I",0,"TBRABANDT",12-DEC-13 10.49.33.927000000 AM,"TBRABANDT",12-DEC-13 10.49.33.927000000 AM
1277266,939,"I",0,"TBRABANDT",12-DEC-13 10.49.36.919000000 AM,"TBRABANDT",12-DEC-13 10.49.36.919000000 AM
1277254,940,"I",0,"TBRABANDT",12-DEC-13 10.49.39.812000000 AM,"TBRABANDT",12-DEC-13 10.49.39.812000000 AM
1277286,941,"I",0,"TBRABANDT",12-DEC-13 10.49.42.815000000 AM,"TBRABANDT",12-DEC-13 10.49.42.815000000 AM
1276833,942,"I",0,"TBRABANDT",12-DEC-13 10.49.45.589000000 AM,"TBRABANDT",12-DEC-13 10.49.45.589000000 AM
1277262,943,"I",0,"TBRABANDT",12-DEC-13 10.49.48.702000000 AM,"TBRABANDT",12-DEC-13 10.49.48.702000000 AM
1276831,944,"I",0,"TBRABANDT",12-DEC-13 10.49.51.605000000 AM,"TBRABANDT",12-DEC-13 10.49.51.605000000 AM
1277282,945,"I",0,"TBRABANDT",12-DEC-13 10.49.54.585000000 AM,"TBRABANDT",12-DEC-13 10.49.54.585000000 AM
1157153,946,"I",0,"TBRABANDT",12-DEC-13 10.49.58.996000000 AM,"TBRABANDT",12-DEC-13 10.49.58.996000000 AM
1165331,947,"I",0,"TBRABANDT",12-DEC-13 10.50.00.372000000 AM,"TBRABANDT",12-DEC-13 10.50.00.372000000 AM
1000703,948,"I",0,"TBRABANDT",12-DEC-13 10.50.01.886000000 AM,"TBRABANDT",12-DEC-13 10.50.01.886000000 AM
1000167,949,"I",0,"TBRABANDT",12-DEC-13 10.50.03.249000000 AM,"TBRABANDT",12-DEC-13 10.50.03.249000000 AM
1163238,950,"I",0,"TBRABANDT",12-DEC-13 10.50.04.851000000 AM,"TBRABANDT",12-DEC-13 10.50.04.851000000 AM
1164691,951,"I",0,"TBRABANDT",12-DEC-13 10.50.06.608000000 AM,"TBRABANDT",12-DEC-13 10.50.06.608000000 AM
1159982,952,"I",0,"TBRABANDT",12-DEC-13 10.50.08.409000000 AM,"TBRABANDT",12-DEC-13 10.50.08.409000000 AM
1162330,953,"I",0,"TBRABANDT",12-DEC-13 10.50.10.052000000 AM,"TBRABANDT",12-DEC-13 10.50.10.052000000 AM
1162349,954,"I",0,"TBRABANDT",12-DEC-13 10.50.11.297000000 AM,"TBRABANDT",12-DEC-13 10.50.11.297000000 AM
1164529,955,"I",0,"TBRABANDT",12-DEC-13 10.50.13.438000000 AM,"TBRABANDT",12-DEC-13 10.50.13.438000000 AM
1164534,956,"I",0,"TBRABANDT",12-DEC-13 10.50.14.943000000 AM,"TBRABANDT",12-DEC-13 10.50.14.943000000 AM
1155391,957,"I",0,"TBRABANDT",12-DEC-13 10.50.17.078000000 AM,"TBRABANDT",12-DEC-13 10.50.17.078000000 AM
1165244,958,"I",0,"TBRABANDT",12-DEC-13 10.50.18.661000000 AM,"TBRABANDT",12-DEC-13 10.50.18.661000000 AM
1163212,959,"I",0,"TBRABANDT",12-DEC-13 10.50.20.453000000 AM,"TBRABANDT",12-DEC-13 10.50.20.453000000 AM
1001144,960,"I",0,"TBRABANDT",12-DEC-13 10.50.22.215000000 AM,"TBRABANDT",12-DEC-13 10.50.22.215000000 AM
1001547,961,"I",0,"TBRABANDT",12-DEC-13 10.50.23.821000000 AM,"TBRABANDT",12-DEC-13 10.50.23.821000000 AM
1000795,962,"I",0,"TBRABANDT",12-DEC-13 10.50.25.682000000 AM,"TBRABANDT",12-DEC-13 10.50.25.682000000 AM
1001548,963,"I",0,"TBRABANDT",12-DEC-13 10.50.27.254000000 AM,"TBRABANDT",12-DEC-13 10.50.27.254000000 AM
1000970,964,"I",0,"TBRABANDT",12-DEC-13 10.50.29.340000000 AM,"TBRABANDT",12-DEC-13 10.50.29.340000000 AM
1164690,965,"I",0,"TBRABANDT",12-DEC-13 10.50.30.623000000 AM,"TBRABANDT",12-DEC-13 10.50.30.623000000 AM
1000229,966,"I",0,"TBRABANDT",12-DEC-13 10.50.32.054000000 AM,"TBRABANDT",12-DEC-13 10.50.32.054000000 AM
1280188,973,"I",0,"JMLAGRO",13-DEC-13 03.16.37.504000000 PM,"JMLAGRO",13-DEC-13 03.16.37.504000000 PM
1276858,1042,"I",0,"JMLAGRO",11-FEB-14 07.53.08.227000000 AM,"JMLAGRO",11-FEB-14 07.53.08.227000000 AM
1277898,1061,"I",0,"JOYSPEZIALE",13-FEB-14 04.15.55.915000000 PM,"JOYSPEZIALE",13-FEB-14 04.15.55.915000000 PM
1280126,1121,"I",0,"guestUser",11-MAR-14 04.28.59.733000000 PM,"guestUser",11-MAR-14 04.28.59.733000000 PM
1280125,1122,"I",0,"JUDITHSZEGEDI",11-MAR-14 04.28.59.960000000 PM,"JUDITHSZEGEDI",11-MAR-14 04.28.59.960000000 PM
1278996,846,"I",0,"PJHEID",09-OCT-13 03.02.43.854000000 PM,"PJHEID",09-OCT-13 03.02.43.854000000 PM
1192446,847,"I",0,"PJHEID",09-OCT-13 03.02.45.908000000 PM,"PJHEID",09-OCT-13 03.02.45.908000000 PM
1280700,852,"I",0,"JMLAGRO",21-OCT-13 02.05.35.159000000 PM,"JMLAGRO",21-OCT-13 02.05.35.159000000 PM
1278909,853,"I",0,"JMLAGRO",21-OCT-13 03.39.27.848000000 PM,"JMLAGRO",21-OCT-13 03.39.27.848000000 PM
1278908,854,"I",0,"JMLAGRO",21-OCT-13 03.39.28.160000000 PM,"JMLAGRO",21-OCT-13 03.39.28.160000000 PM
1278907,855,"I",0,"JMLAGRO",21-OCT-13 03.39.28.334000000 PM,"JMLAGRO",21-OCT-13 03.39.28.334000000 PM
1279056,857,"I",0,"JMLAGRO",23-OCT-13 12.49.10.171000000 PM,"JMLAGRO",23-OCT-13 12.49.10.171000000 PM
1279055,858,"I",0,"JMLAGRO",23-OCT-13 12.49.10.574000000 PM,"JMLAGRO",23-OCT-13 12.49.10.574000000 PM
1281146,903,"I",0,"PJHEID",05-DEC-13 01.35.25.077000000 PM,"PJHEID",05-DEC-13 01.35.25.077000000 PM
1277379,910,"I",0,"JMLAGRO",12-DEC-13 07.34.58.390000000 AM,"JMLAGRO",12-DEC-13 07.34.58.390000000 AM
1277378,911,"I",0,"JMLAGRO",12-DEC-13 07.34.58.840000000 AM,"JMLAGRO",12-DEC-13 07.34.58.840000000 AM
1277382,912,"I",0,"JMLAGRO",12-DEC-13 07.34.59.022000000 AM,"JMLAGRO",12-DEC-13 07.34.59.022000000 AM
1277381,913,"I",0,"JMLAGRO",12-DEC-13 07.34.59.208000000 AM,"JMLAGRO",12-DEC-13 07.34.59.208000000 AM
1277862,1060,"I",0,"JMLAGRO",13-FEB-14 12.37.37.147000000 PM,"JMLAGRO",13-FEB-14 12.37.37.147000000 PM
1278158,1081,"I",0,"PJHEID",28-FEB-14 04.32.21.197000000 PM,"PJHEID",28-FEB-14 04.32.21.197000000 PM
1280095,1108,"I",0,"JOYSPEZIALE",08-MAR-14 02.28.53.984000000 PM,"JOYSPEZIALE",08-MAR-14 02.28.53.984000000 PM
1280094,1109,"I",0,"JOYSPEZIALE",08-MAR-14 02.28.54.254000000 PM,"JOYSPEZIALE",08-MAR-14 02.28.54.254000000 PM
1282285,1110,"I",0,"JUDITHSZEGEDI",08-MAR-14 02.45.25.814000000 PM,"JUDITHSZEGEDI",08-MAR-14 02.45.25.814000000 PM
1277610,859,"I",0,"JMLAGRO",04-NOV-13 07.08.19.079000000 AM,"JMLAGRO",04-NOV-13 07.08.19.079000000 AM
1277114,860,"I",0,"JMLAGRO",04-NOV-13 07.08.19.511000000 AM,"JMLAGRO",04-NOV-13 07.08.19.511000000 AM
1277180,861,"I",0,"JMLAGRO",04-NOV-13 07.08.19.714000000 AM,"JMLAGRO",04-NOV-13 07.08.19.714000000 AM
1277613,862,"I",0,"JMLAGRO",04-NOV-13 07.08.19.906000000 AM,"JMLAGRO",04-NOV-13 07.08.19.906000000 AM
1276880,991,"I",0,"JMLAGRO",15-JAN-14 12.50.34.912000000 PM,"JMLAGRO",15-JAN-14 12.50.34.912000000 PM
1276879,992,"I",0,"JMLAGRO",15-JAN-14 12.50.35.258000000 PM,"JMLAGRO",15-JAN-14 12.50.35.258000000 PM
1276881,993,"I",0,"JMLAGRO",15-JAN-14 12.50.35.435000000 PM,"JMLAGRO",15-JAN-14 12.50.35.435000000 PM
1276891,994,"I",0,"JMLAGRO",17-JAN-14 09.58.54.186000000 AM,"JMLAGRO",17-JAN-14 09.58.54.186000000 AM
1276889,995,"I",0,"JMLAGRO",17-JAN-14 09.58.54.531000000 AM,"JMLAGRO",17-JAN-14 09.58.54.531000000 AM
1276887,996,"I",0,"JMLAGRO",17-JAN-14 09.58.54.690000000 AM,"JMLAGRO",17-JAN-14 09.58.54.690000000 AM
1278211,1057,"I",0,"PJHEID",11-FEB-14 08.40.00.015000000 PM,"PJHEID",11-FEB-14 08.40.00.015000000 PM
1277771,1058,"I",0,"PJHEID",11-FEB-14 08.40.00.261000000 PM,"PJHEID",11-FEB-14 08.40.00.261000000 PM
1204331,1059,"I",0,"PJHEID",11-FEB-14 08.40.01.413000000 PM,"PJHEID",11-FEB-14 08.40.01.413000000 PM
1281233,1107,"I",0,"JUDITHSZEGEDI",08-MAR-14 01.37.25.308000000 PM,"JUDITHSZEGEDI",08-MAR-14 01.37.25.308000000 PM
1279759,1120,"I",0,"JUDITHSZEGEDI",11-MAR-14 03.14.24.219000000 PM,"JUDITHSZEGEDI",11-MAR-14 03.14.24.219000000 PM
1280647,850,"I",0,"PJHEID",10-OCT-13 03.00.58.193000000 PM,"PJHEID",10-OCT-13 03.00.58.193000000 PM
1276896,967,"I",0,"JMLAGRO",13-DEC-13 09.40.17.012000000 AM,"JMLAGRO",13-DEC-13 09.40.17.012000000 AM
1276890,968,"I",0,"JMLAGRO",13-DEC-13 09.40.17.422000000 AM,"JMLAGRO",13-DEC-13 09.40.17.422000000 AM
1276895,969,"I",0,"JMLAGRO",13-DEC-13 09.40.17.643000000 AM,"JMLAGRO",13-DEC-13 09.40.17.643000000 AM
1276894,970,"I",0,"JMLAGRO",13-DEC-13 09.40.17.885000000 AM,"JMLAGRO",13-DEC-13 09.40.17.885000000 AM
1276893,971,"I",0,"JMLAGRO",13-DEC-13 09.40.18.109000000 AM,"JMLAGRO",13-DEC-13 09.40.18.109000000 AM
1279242,983,"I",0,"PJHEID",02-JAN-14 12.23.52.641000000 PM,"PJHEID",02-JAN-14 12.23.52.641000000 PM
1277790,1014,"I",0,"JOYSPEZIALE",03-FEB-14 11.50.45.497000000 AM,"JOYSPEZIALE",03-FEB-14 11.50.45.497000000 AM
1277789,1015,"I",0,"JOYSPEZIALE",03-FEB-14 11.50.45.742000000 AM,"JOYSPEZIALE",03-FEB-14 11.50.45.742000000 AM
1279740,1071,"I",0,"guestUser",20-FEB-14 07.10.54.190000000 PM,"guestUser",20-FEB-14 07.10.54.190000000 PM
1279739,1072,"I",0,"JOYSPEZIALE",20-FEB-14 07.10.54.544000000 PM,"JOYSPEZIALE",20-FEB-14 07.10.54.544000000 PM
1279880,1073,"I",0,"JOYSPEZIALE",21-FEB-14 01.53.48.083000000 PM,"JOYSPEZIALE",21-FEB-14 01.53.48.083000000 PM
1278913,845,"I",0,"JMLAGRO",07-OCT-13 12.25.04.096000000 PM,"JMLAGRO",07-OCT-13 12.25.04.096000000 PM
1277313,871,"I",0,"PJHEID",05-NOV-13 03.45.23.338000000 PM,"PJHEID",05-NOV-13 03.45.23.338000000 PM
1277312,872,"I",0,"PJHEID",05-NOV-13 03.45.23.674000000 PM,"PJHEID",05-NOV-13 03.45.23.674000000 PM
1277317,873,"I",0,"PJHEID",05-NOV-13 03.45.23.886000000 PM,"PJHEID",05-NOV-13 03.45.23.886000000 PM
1277315,874,"I",0,"PJHEID",05-NOV-13 03.45.24.085000000 PM,"PJHEID",05-NOV-13 03.45.24.085000000 PM
1281075,889,"I",0,"PJHEID",23-NOV-13 04.52.08.139000000 PM,"PJHEID",23-NOV-13 04.52.08.139000000 PM
1280191,890,"I",0,"PJHEID",23-NOV-13 09.45.06.526000000 PM,"PJHEID",23-NOV-13 09.45.06.526000000 PM
1280190,891,"I",0,"PJHEID",23-NOV-13 09.45.06.768000000 PM,"PJHEID",23-NOV-13 09.45.06.768000000 PM
1280981,896,"I",0,"PJHEID",25-NOV-13 08.32.29.736000000 AM,"PJHEID",25-NOV-13 08.32.29.736000000 AM
1277781,897,"I",0,"PJHEID",27-NOV-13 02.43.13.430000000 PM,"PJHEID",27-NOV-13 02.43.13.430000000 PM
1277780,898,"I",0,"PJHEID",27-NOV-13 02.43.13.805000000 PM,"PJHEID",27-NOV-13 02.43.13.805000000 PM
1276912,849,"I",0,"JMLAGRO",10-OCT-13 02.46.32.486000000 PM,"JMLAGRO",10-OCT-13 02.46.32.486000000 PM
1277211,986,"I",0,"JMLAGRO",10-JAN-14 08.04.32.393000000 AM,"JMLAGRO",10-JAN-14 08.04.32.393000000 AM
1276989,1062,"I",0,"JMLAGRO",14-FEB-14 01.05.49.032000000 PM,"JMLAGRO",14-FEB-14 01.05.49.032000000 PM
1276988,1063,"I",0,"JMLAGRO",14-FEB-14 01.05.49.375000000 PM,"JMLAGRO",14-FEB-14 01.05.49.375000000 PM
1276987,1064,"I",0,"JMLAGRO",14-FEB-14 01.05.49.531000000 PM,"JMLAGRO",14-FEB-14 01.05.49.531000000 PM
1280201,1083,"I",0,"JUDITHSZEGEDI",03-MAR-14 12.31.32.154000000 PM,"JUDITHSZEGEDI",03-MAR-14 12.31.32.154000000 PM
1280202,1084,"I",0,"JUDITHSZEGEDI",03-MAR-14 12.31.32.374000000 PM,"JUDITHSZEGEDI",03-MAR-14 12.31.32.374000000 PM
1276928,1092,"I",0,"PJHEID",03-MAR-14 02.51.46.384000000 PM,"PJHEID",03-MAR-14 02.51.46.384000000 PM
1276927,1093,"I",0,"PJHEID",03-MAR-14 02.51.46.611000000 PM,"PJHEID",03-MAR-14 02.51.46.611000000 PM
1279745,1094,"I",0,"JUDITHSZEGEDI",03-MAR-14 04.00.29.167000000 PM,"JUDITHSZEGEDI",03-MAR-14 04.00.29.167000000 PM
1280644,848,"I",0,"PJHEID",10-OCT-13 01.22.27.176000000 PM,"PJHEID",10-OCT-13 01.22.27.176000000 PM
1280357,892,"I",0,"PJHEID",23-NOV-13 11.12.40.548000000 PM,"PJHEID",23-NOV-13 11.12.40.548000000 PM
1281672,1001,"I",0,"JMLAGRO",22-JAN-14 12.44.18.811000000 PM,"JMLAGRO",22-JAN-14 12.44.18.811000000 PM
1277046,881,"I",0,"JMLAGRO",17-NOV-13 02.15.08.918000000 PM,"JMLAGRO",17-NOV-13 02.15.08.918000000 PM
1277418,997,"I",0,"PJHEID",21-JAN-14 02.02.47.526000000 PM,"PJHEID",21-JAN-14 02.02.47.526000000 PM
1277417,998,"I",0,"PJHEID",21-JAN-14 02.02.47.902000000 PM,"PJHEID",21-JAN-14 02.02.47.902000000 PM
1277420,999,"I",0,"PJHEID",21-JAN-14 02.02.48.088000000 PM,"PJHEID",21-JAN-14 02.02.48.088000000 PM
1277419,1000,"I",0,"PJHEID",21-JAN-14 02.02.48.267000000 PM,"PJHEID",21-JAN-14 02.02.48.267000000 PM
1280481,893,"I",0,"PJHEID",24-NOV-13 09.09.32.136000000 AM,"PJHEID",24-NOV-13 09.09.32.136000000 AM
1280483,894,"I",0,"PJHEID",24-NOV-13 09.09.32.413000000 AM,"PJHEID",24-NOV-13 09.09.32.413000000 AM
1280183,844,"I",0,"JMLAGRO",02-OCT-13 10.01.35.853000000 AM,"JMLAGRO",02-OCT-13 10.01.35.853000000 AM
1277060,851,"I",0,"PJHEID",21-OCT-13 10.09.44.648000000 AM,"PJHEID",21-OCT-13 10.09.44.648000000 AM
1280345,880,"I",0,"JMLAGRO",16-NOV-13 03.55.38.157000000 PM,"JMLAGRO",16-NOV-13 03.55.38.157000000 PM
1277258,899,"I",0,"PJHEID",30-NOV-13 02.40.03.012000000 PM,"PJHEID",30-NOV-13 02.40.03.012000000 PM
1277252,900,"I",0,"PJHEID",30-NOV-13 02.40.03.434000000 PM,"PJHEID",30-NOV-13 02.40.03.434000000 PM
1277256,901,"I",0,"PJHEID",30-NOV-13 02.40.03.658000000 PM,"PJHEID",30-NOV-13 02.40.03.658000000 PM
1277249,902,"I",0,"PJHEID",30-NOV-13 02.40.03.857000000 PM,"PJHEID",30-NOV-13 02.40.03.857000000 PM
1281030,972,"I",0,"JMLAGRO",13-DEC-13 02.32.56.942000000 PM,"JMLAGRO",13-DEC-13 02.32.56.942000000 PM
1277330,985,"I",0,"JMLAGRO",09-JAN-14 08.56.38.217000000 AM,"JMLAGRO",09-JAN-14 08.56.38.217000000 AM
1279864,1012,"I",0,"PJHEID",31-JAN-14 01.04.16.734000000 PM,"PJHEID",31-JAN-14 01.04.16.734000000 PM
1279863,1013,"I",0,"PJHEID",31-JAN-14 01.04.16.978000000 PM,"PJHEID",31-JAN-14 01.04.16.978000000 PM
1277793,1016,"I",0,"JOYSPEZIALE",03-FEB-14 12.20.53.304000000 PM,"JOYSPEZIALE",03-FEB-14 12.20.53.304000000 PM
1277792,1017,"I",0,"JOYSPEZIALE",03-FEB-14 12.20.53.660000000 PM,"JOYSPEZIALE",03-FEB-14 12.20.53.660000000 PM
1278481,1018,"I",0,"ZOEASANDY",04-FEB-14 12.57.08.888000000 PM,"ZOEASANDY",04-FEB-14 12.57.08.888000000 PM
1279178,1022,"I",0,"PJHEID",07-FEB-14 07.55.48.968000000 AM,"PJHEID",07-FEB-14 07.55.48.968000000 AM
1279648,1037,"I",0,"guestUser",07-FEB-14 04.45.34.433000000 PM,"guestUser",07-FEB-14 04.45.34.433000000 PM
1279647,1038,"I",0,"JOYSPEZIALE",07-FEB-14 04.45.34.637000000 PM,"JOYSPEZIALE",07-FEB-14 04.45.34.637000000 PM
1279885,1082,"I",0,"JOYSPEZIALE",28-FEB-14 04.50.08.651000000 PM,"JOYSPEZIALE",28-FEB-14 04.50.08.651000000 PM
1280075,1085,"I",0,"JOYSPEZIALE",03-MAR-14 01.10.03.251000000 PM,"JOYSPEZIALE",03-MAR-14 01.10.03.251000000 PM
1280074,1086,"I",0,"JOYSPEZIALE",03-MAR-14 01.10.03.560000000 PM,"JOYSPEZIALE",03-MAR-14 01.10.03.560000000 PM
1280073,1087,"I",0,"JOYSPEZIALE",03-MAR-14 01.10.03.706000000 PM,"JOYSPEZIALE",03-MAR-14 01.10.03.706000000 PM
1281693,1091,"I",0,"JMLAGRO",03-MAR-14 01.58.31.402000000 PM,"JMLAGRO",03-MAR-14 01.58.31.402000000 PM
1276991,1125,"I",0,"PJHEID",14-MAR-14 05.06.12.793000000 PM,"PJHEID",14-MAR-14 05.06.12.793000000 PM
1277436,1126,"I",0,"PJHEID",14-MAR-14 05.06.13.089000000 PM,"PJHEID",14-MAR-14 05.06.13.089000000 PM
1280968,1133,"I",0,"PJHEID",17-MAR-14 03.40.16.237000000 PM,"PJHEID",17-MAR-14 03.40.16.237000000 PM
1280321,1155,"I",0,"JUDITHSZEGEDI",21-MAR-14 06.03.46.534000000 PM,"JUDITHSZEGEDI",21-MAR-14 06.03.46.534000000 PM
1280323,1156,"I",0,"guestUser",21-MAR-14 06.03.46.891000000 PM,"guestUser",21-MAR-14 06.03.46.891000000 PM
1280545,1157,"I",0,"JOYSPEZIALE",21-MAR-14 07.11.07.247000000 PM,"JOYSPEZIALE",21-MAR-14 07.11.07.247000000 PM
1280544,1158,"I",0,"JOYSPEZIALE",21-MAR-14 07.11.07.577000000 PM,"JOYSPEZIALE",21-MAR-14 07.11.07.577000000 PM
1280086,1159,"I",0,"JUDITHSZEGEDI",22-MAR-14 03.03.57.449000000 PM,"JUDITHSZEGEDI",22-MAR-14 03.03.57.449000000 PM
1280085,1160,"I",0,"JUDITHSZEGEDI",22-MAR-14 03.03.57.853000000 PM,"JUDITHSZEGEDI",22-MAR-14 03.03.57.853000000 PM
1280083,1161,"I",0,"JUDITHSZEGEDI",22-MAR-14 03.03.58.040000000 PM,"JUDITHSZEGEDI",22-MAR-14 03.03.58.040000000 PM
1280057,1162,"I",0,"JUDITHSZEGEDI",22-MAR-14 04.20.25.254000000 PM,"JUDITHSZEGEDI",22-MAR-14 04.20.25.254000000 PM
1280059,1163,"I",0,"JUDITHSZEGEDI",22-MAR-14 04.20.25.579000000 PM,"JUDITHSZEGEDI",22-MAR-14 04.20.25.579000000 PM
1280064,1165,"I",0,"JUDITHSZEGEDI",22-MAR-14 07.05.14.486000000 PM,"JUDITHSZEGEDI",22-MAR-14 07.05.14.486000000 PM
1280065,1166,"I",0,"JUDITHSZEGEDI",22-MAR-14 07.05.14.800000000 PM,"JUDITHSZEGEDI",22-MAR-14 07.05.14.800000000 PM
1280300,1167,"I",0,"PJHEID",24-MAR-14 08.26.30.251000000 AM,"PJHEID",24-MAR-14 08.26.30.251000000 AM
1280313,1168,"I",0,"PJHEID",24-MAR-14 08.26.30.488000000 AM,"PJHEID",24-MAR-14 08.26.30.488000000 AM
1281102,1171,"I",0,"JMLAGRO",24-MAR-14 11.25.01.158000000 AM,"JMLAGRO",24-MAR-14 11.25.01.158000000 AM
1280746,1173,"I",0,"guestUser",25-MAR-14 04.09.11.362000000 PM,"guestUser",25-MAR-14 04.09.11.362000000 PM
1280745,1174,"I",0,"JOYSPEZIALE",25-MAR-14 04.09.11.594000000 PM,"JOYSPEZIALE",25-MAR-14 04.09.11.594000000 PM
1281257,1178,"I",0,"PJHEID",25-MAR-14 10.36.34.538000000 PM,"PJHEID",25-MAR-14 10.36.34.538000000 PM
1281258,1179,"I",0,"PJHEID",25-MAR-14 10.36.34.761000000 PM,"PJHEID",25-MAR-14 10.36.34.761000000 PM
1281808,1188,"I",0,"CKRAFT",03-APR-14 07.31.07.397000000 AM,"CKRAFT",03-APR-14 07.31.07.397000000 AM
1281781,1189,"I",0,"CKRAFT",03-APR-14 07.31.07.689000000 AM,"CKRAFT",03-APR-14 07.31.07.689000000 AM
1281279,1192,"I",0,"JOYSPEZIALE",07-APR-14 07.32.25.751000000 PM,"JOYSPEZIALE",07-APR-14 07.32.25.751000000 PM
1280779,1194,"I",0,"ZOEASANDY",08-APR-14 11.34.46.777000000 AM,"ZOEASANDY",08-APR-14 11.34.46.777000000 AM
1280778,1195,"I",0,"ZOEASANDY",08-APR-14 11.34.47.000000000 AM,"ZOEASANDY",08-APR-14 11.34.47.000000000 AM
1280413,1200,"I",0,"JOYSPEZIALE",09-APR-14 04.01.17.468000000 PM,"JOYSPEZIALE",09-APR-14 04.01.17.468000000 PM
1280411,1201,"I",0,"JOYSPEZIALE",09-APR-14 04.01.17.716000000 PM,"JOYSPEZIALE",09-APR-14 04.01.17.716000000 PM
1277155,1204,"I",0,"PJHEID",10-APR-14 11.06.33.589000000 AM,"PJHEID",10-APR-14 11.06.33.589000000 AM
1277154,1205,"I",0,"PJHEID",10-APR-14 11.06.34.042000000 AM,"PJHEID",10-APR-14 11.06.34.042000000 AM
1277152,1206,"I",0,"PJHEID",10-APR-14 11.06.34.281000000 AM,"PJHEID",10-APR-14 11.06.34.281000000 AM
1277151,1207,"I",0,"PJHEID",10-APR-14 11.06.34.527000000 AM,"PJHEID",10-APR-14 11.06.34.527000000 AM
1277145,1208,"I",0,"PJHEID",10-APR-14 11.06.34.774000000 AM,"PJHEID",10-APR-14 11.06.34.774000000 AM
1276911,1221,"I",0,"JMLAGRO",16-APR-14 09.34.35.158000000 AM,"JMLAGRO",16-APR-14 09.34.35.158000000 AM
1276909,1222,"I",0,"JMLAGRO",16-APR-14 09.34.35.613000000 AM,"JMLAGRO",16-APR-14 09.34.35.613000000 AM
1276913,1223,"I",0,"JMLAGRO",16-APR-14 09.34.35.849000000 AM,"JMLAGRO",16-APR-14 09.34.35.849000000 AM
1282506,1230,"I",0,"KARCHARVAT",16-APR-14 01.59.46.280000000 PM,"KARCHARVAT",16-APR-14 01.59.46.280000000 PM
1277105,1231,"I",0,"JMLAGRO",17-APR-14 10.32.26.491000000 AM,"JMLAGRO",17-APR-14 10.32.26.491000000 AM
1277104,1232,"I",0,"JMLAGRO",17-APR-14 10.32.26.867000000 AM,"JMLAGRO",17-APR-14 10.32.26.867000000 AM
1000423,1233,"I",0,"JMLAGRO",17-APR-14 10.32.28.574000000 AM,"JMLAGRO",17-APR-14 10.32.28.574000000 AM
1280911,1235,"I",0,"JMLAGRO",21-APR-14 08.42.58.612000000 AM,"JMLAGRO",21-APR-14 08.42.58.612000000 AM
1279229,1239,"I",0,"ZOEASANDY",21-APR-14 04.51.53.983000000 PM,"ZOEASANDY",21-APR-14 04.51.53.983000000 PM
1155425,1240,"I",0,"ZOEASANDY",21-APR-14 04.51.56.747000000 PM,"ZOEASANDY",21-APR-14 04.51.56.747000000 PM
1279691,1241,"I",0,"JUDITHSZEGEDI",21-APR-14 05.28.04.750000000 PM,"JUDITHSZEGEDI",21-APR-14 05.28.04.750000000 PM
1278675,1246,"I",0,"PAULASOLL",22-APR-14 03.40.10.212000000 PM,"PAULASOLL",22-APR-14 03.40.10.212000000 PM
1282845,1247,"I",0,"ZOEASANDY",22-APR-14 03.39.57.165000000 PM,"ZOEASANDY",22-APR-14 03.39.57.165000000 PM
1278684,1250,"I",0,"PAULASOLL",23-APR-14 01.04.29.749000000 PM,"PAULASOLL",23-APR-14 01.04.29.749000000 PM
1278685,1251,"I",0,"PAULASOLL",23-APR-14 01.04.30.007000000 PM,"PAULASOLL",23-APR-14 01.04.30.007000000 PM
1278688,1252,"I",0,"PAULASOLL",23-APR-14 01.51.15.748000000 PM,"PAULASOLL",23-APR-14 01.51.15.748000000 PM
1278687,1253,"I",0,"PAULASOLL",23-APR-14 01.51.16.033000000 PM,"PAULASOLL",23-APR-14 01.51.16.033000000 PM
1280970,1263,"I",0,"PJHEID",26-APR-14 07.20.56.217000000 AM,"PJHEID",26-APR-14 07.20.56.217000000 AM
1278121,1265,"I",0,"JMLAGRO",28-APR-14 07.25.13.031000000 AM,"JMLAGRO",28-APR-14 07.25.13.031000000 AM
1284342,1268,"I",0,"JOYSPEZIALE",28-APR-14 07.10.19.157000000 PM,"JOYSPEZIALE",28-APR-14 07.10.19.157000000 PM
1284914,1275,"I",0,"PJHEID",01-MAY-14 10.54.29.421000000 PM,"PJHEID",01-MAY-14 10.54.29.421000000 PM
1285567,1276,"I",0,"JOYSPEZIALE",02-MAY-14 08.27.24.627000000 PM,"JOYSPEZIALE",02-MAY-14 08.27.24.627000000 PM
1279027,1277,"I",0,"KWOODALL",05-MAY-14 11.01.20.282000000 AM,"KWOODALL",05-MAY-14 11.01.20.282000000 AM
1280922,1280,"I",0,"KARCHARVAT",07-MAY-14 08.43.28.733000000 AM,"KARCHARVAT",07-MAY-14 08.43.28.733000000 AM
1280923,1281,"I",0,"KARCHARVAT",07-MAY-14 08.43.29.044000000 AM,"KARCHARVAT",07-MAY-14 08.43.29.044000000 AM
1280932,1282,"I",0,"JUDITHSZEGEDI",07-MAY-14 12.14.03.045000000 PM,"JUDITHSZEGEDI",07-MAY-14 12.14.03.045000000 PM
1280930,1283,"I",0,"JUDITHSZEGEDI",07-MAY-14 12.14.03.262000000 PM,"JUDITHSZEGEDI",07-MAY-14 12.14.03.262000000 PM
1282508,1284,"I",0,"KARCHARVAT",07-MAY-14 02.14.43.042000000 PM,"KARCHARVAT",07-MAY-14 02.14.43.042000000 PM
1283227,1285,"I",0,"KWOODALL",08-MAY-14 07.27.30.121000000 AM,"KWOODALL",08-MAY-14 07.27.30.121000000 AM
1278354,1288,"I",0,"JOYSPEZIALE",09-MAY-14 05.55.50.220000000 PM,"JOYSPEZIALE",09-MAY-14 05.55.50.220000000 PM
1278345,1289,"I",0,"JOYSPEZIALE",09-MAY-14 05.55.51.563000000 PM,"JOYSPEZIALE",09-MAY-14 05.55.51.563000000 PM
1278021,1294,"I",0,"PJHEID",12-MAY-14 08.12.24.919000000 PM,"PJHEID",12-MAY-14 08.12.24.919000000 PM
1279014,1295,"I",0,"PJHEID",12-MAY-14 08.46.39.262000000 PM,"PJHEID",12-MAY-14 08.46.39.262000000 PM
1279022,1296,"I",0,"PJHEID",13-MAY-14 08.36.05.822000000 AM,"PJHEID",13-MAY-14 08.36.05.822000000 AM
1279035,1297,"I",0,"JLWILKE",14-MAY-14 09.34.34.776000000 AM,"JLWILKE",14-MAY-14 09.34.34.776000000 AM
1279023,1298,"I",0,"JLWILKE",14-MAY-14 09.34.35.284000000 AM,"JLWILKE",14-MAY-14 09.34.35.284000000 AM
1279039,1299,"I",0,"JLWILKE",14-MAY-14 09.34.35.568000000 AM,"JLWILKE",14-MAY-14 09.34.35.568000000 AM
1278148,1300,"I",0,"JLWILKE",14-MAY-14 09.34.35.843000000 AM,"JLWILKE",14-MAY-14 09.34.35.843000000 AM
1279033,1301,"I",0,"JLWILKE",14-MAY-14 09.34.36.146000000 AM,"JLWILKE",14-MAY-14 09.34.36.146000000 AM
1279038,1302,"I",0,"JLWILKE",14-MAY-14 09.34.36.424000000 AM,"JLWILKE",14-MAY-14 09.34.36.424000000 AM
1279021,1303,"I",0,"JLWILKE",14-MAY-14 09.34.36.691000000 AM,"JLWILKE",14-MAY-14 09.34.36.691000000 AM
1172107,1304,"I",0,"JLWILKE",14-MAY-14 09.34.37.867000000 AM,"JLWILKE",14-MAY-14 09.34.37.867000000 AM
1001848,1305,"I",0,"JLWILKE",14-MAY-14 09.34.38.714000000 AM,"JLWILKE",14-MAY-14 09.34.38.714000000 AM
1172108,1306,"I",0,"JLWILKE",14-MAY-14 09.34.39.552000000 AM,"JLWILKE",14-MAY-14 09.34.39.552000000 AM
1001847,1307,"I",0,"JLWILKE",14-MAY-14 09.34.40.413000000 AM,"JLWILKE",14-MAY-14 09.34.40.413000000 AM
1172094,1308,"I",0,"JLWILKE",14-MAY-14 09.34.41.077000000 AM,"JLWILKE",14-MAY-14 09.34.41.077000000 AM
1172092,1309,"I",0,"JLWILKE",14-MAY-14 09.34.41.827000000 AM,"JLWILKE",14-MAY-14 09.34.41.827000000 AM
1172093,1310,"I",0,"JLWILKE",14-MAY-14 09.34.42.544000000 AM,"JLWILKE",14-MAY-14 09.34.42.544000000 AM
1284746,1318,"I",0,"JOYSPEZIALE",15-MAY-14 04.02.35.497000000 PM,"JOYSPEZIALE",15-MAY-14 04.02.35.497000000 PM
1278797,1319,"I",0,"ZOEASANDY",15-MAY-14 05.22.10.858000000 PM,"ZOEASANDY",15-MAY-14 05.22.10.858000000 PM
1278801,1320,"I",0,"ZOEASANDY",15-MAY-14 05.22.11.150000000 PM,"ZOEASANDY",15-MAY-14 05.22.11.150000000 PM
1278795,1321,"I",0,"ZOEASANDY",15-MAY-14 05.22.11.306000000 PM,"ZOEASANDY",15-MAY-14 05.22.11.306000000 PM
1284596,1325,"I",0,"JUDITHSZEGEDI",19-MAY-14 06.13.22.149000000 PM,"JUDITHSZEGEDI",19-MAY-14 06.13.22.149000000 PM
1278467,1334,"I",0,"JOYSPEZIALE",02-JUN-14 05.25.50.300000000 PM,"JOYSPEZIALE",02-JUN-14 05.25.50.300000000 PM
1277589,1335,"I",0,"JOYSPEZIALE",03-JUN-14 03.20.51.405000000 PM,"JOYSPEZIALE",03-JUN-14 03.20.51.405000000 PM
1277588,1336,"I",0,"JOYSPEZIALE",03-JUN-14 03.20.51.667000000 PM,"JOYSPEZIALE",03-JUN-14 03.20.51.667000000 PM
1278082,1337,"I",0,"JOYSPEZIALE",03-JUN-14 03.49.35.127000000 PM,"JOYSPEZIALE",03-JUN-14 03.49.35.127000000 PM
1278081,1338,"I",0,"JOYSPEZIALE",03-JUN-14 03.49.35.513000000 PM,"JOYSPEZIALE",03-JUN-14 03.49.35.513000000 PM
1278085,1339,"I",0,"JOYSPEZIALE",03-JUN-14 03.49.35.821000000 PM,"JOYSPEZIALE",03-JUN-14 03.49.35.821000000 PM
1000105,1340,"I",0,"JOYSPEZIALE",03-JUN-14 03.49.38.240000000 PM,"JOYSPEZIALE",03-JUN-14 03.49.38.240000000 PM
1000106,1341,"I",0,"JOYSPEZIALE",03-JUN-14 03.49.40.840000000 PM,"JOYSPEZIALE",03-JUN-14 03.49.40.840000000 PM
1284695,1360,"I",0,"BRENDAPEREZESCOB",05-JUN-14 05.15.49.717000000 PM,"BRENDAPEREZESCOB",05-JUN-14 05.15.49.717000000 PM
1280277,1391,"I",0,"PJHEID",17-JUN-14 12.08.15.960000000 PM,"PJHEID",17-JUN-14 12.08.15.960000000 PM
1280280,1392,"I",0,"PJHEID",17-JUN-14 12.08.16.286000000 PM,"PJHEID",17-JUN-14 12.08.16.286000000 PM
1280279,1393,"I",0,"PJHEID",17-JUN-14 12.08.16.465000000 PM,"PJHEID",17-JUN-14 12.08.16.465000000 PM
1277184,1396,"I",0,"PJHEID",20-JUN-14 05.03.11.796000000 PM,"PJHEID",20-JUN-14 05.03.11.796000000 PM
1281489,1426,"I",0,"KARINARUIZ",11-JUL-14 10.53.04.982000000 AM,"KARINARUIZ",11-JUL-14 10.53.04.982000000 AM
1280455,1427,"I",0,"KARINARUIZ",14-JUL-14 11.43.36.084000000 AM,"KARINARUIZ",14-JUL-14 11.43.36.084000000 AM
1279162,1433,"I",0,"CKRAFT",15-JUL-14 08.00.29.915000000 AM,"CKRAFT",15-JUL-14 08.00.29.915000000 AM
1279151,1434,"I",0,"CKRAFT",15-JUL-14 08.00.31.606000000 AM,"CKRAFT",15-JUL-14 08.00.31.606000000 AM
1279150,1435,"I",0,"CKRAFT",15-JUL-14 08.00.32.575000000 AM,"CKRAFT",15-JUL-14 08.00.32.575000000 AM
1279161,1436,"I",0,"CKRAFT",15-JUL-14 08.00.33.567000000 AM,"CKRAFT",15-JUL-14 08.00.33.567000000 AM
1279149,1437,"I",0,"CKRAFT",15-JUL-14 08.00.34.673000000 AM,"CKRAFT",15-JUL-14 08.00.34.673000000 AM
1279160,1438,"I",0,"CKRAFT",15-JUL-14 08.00.35.667000000 AM,"CKRAFT",15-JUL-14 08.00.35.667000000 AM
1279158,1439,"I",0,"CKRAFT",15-JUL-14 08.00.36.661000000 AM,"CKRAFT",15-JUL-14 08.00.36.661000000 AM
1279147,1440,"I",0,"CKRAFT",15-JUL-14 08.00.37.785000000 AM,"CKRAFT",15-JUL-14 08.00.37.785000000 AM
1279166,1441,"I",0,"CKRAFT",15-JUL-14 08.00.38.807000000 AM,"CKRAFT",15-JUL-14 08.00.38.807000000 AM
1279154,1442,"I",0,"CKRAFT",15-JUL-14 08.00.40.154000000 AM,"CKRAFT",15-JUL-14 08.00.40.154000000 AM
1279165,1443,"I",0,"CKRAFT",15-JUL-14 08.00.41.271000000 AM,"CKRAFT",15-JUL-14 08.00.41.271000000 AM
1279143,1444,"I",0,"CKRAFT",15-JUL-14 08.00.42.473000000 AM,"CKRAFT",15-JUL-14 08.00.42.473000000 AM
1276953,1123,"I",0,"PJHEID",12-MAR-14 10.59.29.171000000 PM,"PJHEID",12-MAR-14 10.59.29.171000000 PM
1276952,1124,"I",0,"PJHEID",12-MAR-14 10.59.29.508000000 PM,"PJHEID",12-MAR-14 10.59.29.508000000 PM
1281409,1127,"I",0,"JUDITHSZEGEDI",14-MAR-14 07.22.18.922000000 PM,"JUDITHSZEGEDI",14-MAR-14 07.22.18.922000000 PM
1281408,1128,"I",0,"JUDITHSZEGEDI",14-MAR-14 07.22.19.199000000 PM,"JUDITHSZEGEDI",14-MAR-14 07.22.19.199000000 PM
1281412,1129,"I",0,"JUDITHSZEGEDI",14-MAR-14 07.22.19.356000000 PM,"JUDITHSZEGEDI",14-MAR-14 07.22.19.356000000 PM
1281503,1134,"I",0,"PJHEID",17-MAR-14 04.49.48.854000000 PM,"PJHEID",17-MAR-14 04.49.48.854000000 PM
1279036,1149,"I",0,"JMLAGRO",20-MAR-14 07.29.07.289000000 AM,"JMLAGRO",20-MAR-14 07.29.07.289000000 AM
1279037,1150,"I",0,"JMLAGRO",20-MAR-14 07.29.07.528000000 AM,"JMLAGRO",20-MAR-14 07.29.07.528000000 AM
1280454,1151,"I",0,"JUDITHSZEGEDI",20-MAR-14 03.45.03.050000000 PM,"JUDITHSZEGEDI",20-MAR-14 03.45.03.050000000 PM
1280457,1152,"I",0,"JUDITHSZEGEDI",20-MAR-14 03.45.03.497000000 PM,"JUDITHSZEGEDI",20-MAR-14 03.45.03.497000000 PM
1280456,1153,"I",0,"JUDITHSZEGEDI",20-MAR-14 03.45.03.700000000 PM,"JUDITHSZEGEDI",20-MAR-14 03.45.03.700000000 PM
1280090,1164,"I",0,"JUDITHSZEGEDI",22-MAR-14 06.20.56.944000000 PM,"JUDITHSZEGEDI",22-MAR-14 06.20.56.944000000 PM
1281310,1169,"I",0,"PJHEID",24-MAR-14 09.41.48.305000000 AM,"PJHEID",24-MAR-14 09.41.48.305000000 AM
1281309,1170,"I",0,"PJHEID",24-MAR-14 09.41.48.581000000 AM,"PJHEID",24-MAR-14 09.41.48.581000000 AM
1279135,1175,"I",0,"JOYSPEZIALE",25-MAR-14 06.05.52.130000000 PM,"JOYSPEZIALE",25-MAR-14 06.05.52.130000000 PM
1279132,1176,"I",0,"JOYSPEZIALE",25-MAR-14 06.05.52.527000000 PM,"JOYSPEZIALE",25-MAR-14 06.05.52.527000000 PM
1279445,1177,"I",0,"JMLAGRO",25-MAR-14 06.05.52.717000000 PM,"JMLAGRO",25-MAR-14 06.05.52.717000000 PM
1278848,1183,"I",0,"JOYSPEZIALE",28-MAR-14 12.28.53.877000000 PM,"JOYSPEZIALE",28-MAR-14 12.28.53.877000000 PM
1278840,1184,"I",0,"JOYSPEZIALE",28-MAR-14 03.41.40.282000000 PM,"JOYSPEZIALE",28-MAR-14 03.41.40.282000000 PM
1278843,1185,"I",0,"JOYSPEZIALE",28-MAR-14 04.06.49.795000000 PM,"JOYSPEZIALE",28-MAR-14 04.06.49.795000000 PM
1278837,1186,"I",0,"JOYSPEZIALE",28-MAR-14 07.28.27.812000000 PM,"JOYSPEZIALE",28-MAR-14 07.28.27.812000000 PM
1280318,1187,"I",0,"JUDITHSZEGEDI",28-MAR-14 07.47.02.994000000 PM,"JUDITHSZEGEDI",28-MAR-14 07.47.02.994000000 PM
1280976,1193,"I",0,"PJHEID",08-APR-14 12.32.54.380000000 AM,"PJHEID",08-APR-14 12.32.54.380000000 AM
1281260,1196,"I",0,"PJHEID",08-APR-14 03.44.33.634000000 PM,"PJHEID",08-APR-14 03.44.33.634000000 PM
1281259,1197,"I",0,"PJHEID",08-APR-14 03.44.33.856000000 PM,"PJHEID",08-APR-14 03.44.33.856000000 PM
1283476,1199,"I",0,"KWOODALL",09-APR-14 01.29.23.624000000 PM,"KWOODALL",09-APR-14 01.29.23.624000000 PM
1280908,1596,"I",0,"JMLAGRO",18-AUG-15 09.49.43.191000000 AM,"JMLAGRO",18-AUG-15 09.49.43.191000000 AM
1003887,1597,"I",0,"JMLAGRO",18-AUG-15 09.49.43.468000000 AM,"JMLAGRO",18-AUG-15 09.49.43.468000000 AM
1277017,1527,"I",0,"JMLAGRO",15-OCT-14 08.27.54.870000000 AM,"JMLAGRO",15-OCT-14 08.27.54.870000000 AM
1277819,1528,"I",0,"JMLAGRO",15-OCT-14 08.27.55.349000000 AM,"JMLAGRO",15-OCT-14 08.27.55.349000000 AM
1277027,1529,"I",0,"JMLAGRO",15-OCT-14 08.27.55.860000000 AM,"JMLAGRO",15-OCT-14 08.27.55.860000000 AM
1277215,1218,"I",0,"JMLAGRO",16-APR-14 08.22.14.764000000 AM,"JMLAGRO",16-APR-14 08.22.14.764000000 AM
1277207,1219,"I",0,"JMLAGRO",16-APR-14 08.22.15.177000000 AM,"JMLAGRO",16-APR-14 08.22.15.177000000 AM
1277212,1220,"I",0,"JMLAGRO",16-APR-14 08.22.15.375000000 AM,"JMLAGRO",16-APR-14 08.22.15.375000000 AM
1277133,1225,"I",0,"JMLAGRO",16-APR-14 11.24.28.473000000 AM,"JMLAGRO",16-APR-14 11.24.28.473000000 AM
1277132,1226,"I",0,"JMLAGRO",16-APR-14 11.24.28.925000000 AM,"JMLAGRO",16-APR-14 11.24.28.925000000 AM
1277131,1227,"I",0,"JMLAGRO",16-APR-14 11.24.29.156000000 AM,"JMLAGRO",16-APR-14 11.24.29.156000000 AM
1277128,1228,"I",0,"JMLAGRO",16-APR-14 11.24.29.471000000 AM,"JMLAGRO",16-APR-14 11.24.29.471000000 AM
1284174,1236,"I",0,"KWOODALL",21-APR-14 01.20.17.206000000 PM,"KWOODALL",21-APR-14 01.20.17.206000000 PM
1279697,1237,"I",0,"JOYSPEZIALE",21-APR-14 01.47.10.966000000 PM,"JOYSPEZIALE",21-APR-14 01.47.10.966000000 PM
1279701,1238,"I",0,"JUDITHSZEGEDI",21-APR-14 04.33.00.374000000 PM,"JUDITHSZEGEDI",21-APR-14 04.33.00.374000000 PM
1278880,1243,"I",0,"SHERSAYLER",22-APR-14 10.55.56.758000000 AM,"SHERSAYLER",22-APR-14 10.55.56.758000000 AM
1278878,1244,"I",0,"SHERSAYLER",22-APR-14 10.55.57.061000000 AM,"SHERSAYLER",22-APR-14 10.55.57.061000000 AM
1277385,1245,"I",0,"SHERSAYLER",22-APR-14 01.17.50.862000000 PM,"SHERSAYLER",22-APR-14 01.17.50.862000000 PM
1278677,1248,"I",0,"PAULASOLL",22-APR-14 04.32.47.296000000 PM,"PAULASOLL",22-APR-14 04.32.47.296000000 PM
1278679,1249,"I",0,"PAULASOLL",23-APR-14 12.10.44.387000000 PM,"PAULASOLL",23-APR-14 12.10.44.387000000 PM
1280127,1260,"I",0,"JMLAGRO",24-APR-14 12.16.53.726000000 PM,"JMLAGRO",24-APR-14 12.16.53.726000000 PM
1282504,1262,"I",0,"JOYSPEZIALE",25-APR-14 07.17.42.197000000 PM,"JOYSPEZIALE",25-APR-14 07.17.42.197000000 PM
1285373,1270,"I",0,"JMLAGRO",29-APR-14 12.20.28.331000000 PM,"JMLAGRO",29-APR-14 12.20.28.331000000 PM
1284534,1271,"I",0,"JUDITHSZEGEDI",29-APR-14 05.39.54.626000000 PM,"JUDITHSZEGEDI",29-APR-14 05.39.54.626000000 PM
1284532,1272,"I",0,"JUDITHSZEGEDI",29-APR-14 05.39.54.828000000 PM,"JUDITHSZEGEDI",29-APR-14 05.39.54.828000000 PM
1285148,1273,"I",0,"JMLAGRO",30-APR-14 01.05.34.021000000 PM,"JMLAGRO",30-APR-14 01.05.34.021000000 PM
1283534,1274,"I",0,"KWOODALL",01-MAY-14 05.24.04.290000000 PM,"KWOODALL",01-MAY-14 05.24.04.290000000 PM
1279008,1278,"I",0,"PJHEID",05-MAY-14 10.30.38.489000000 PM,"PJHEID",05-MAY-14 10.30.38.489000000 PM
1279010,1279,"I",0,"PJHEID",05-MAY-14 10.30.38.710000000 PM,"PJHEID",05-MAY-14 10.30.38.710000000 PM
1278019,1293,"I",0,"PJHEID",12-MAY-14 07.11.21.458000000 PM,"PJHEID",12-MAY-14 07.11.21.458000000 PM
1285351,1311,"I",0,"PJHEID",14-MAY-14 10.01.41.511000000 AM,"PJHEID",14-MAY-14 10.01.41.511000000 AM
1278056,1312,"I",0,"JLWILKE",14-MAY-14 10.36.21.675000000 AM,"JLWILKE",14-MAY-14 10.36.21.675000000 AM
1278060,1313,"I",0,"JLWILKE",14-MAY-14 10.36.21.923000000 AM,"JLWILKE",14-MAY-14 10.36.21.923000000 AM
1278058,1314,"I",0,"JLWILKE",14-MAY-14 10.36.22.064000000 AM,"JLWILKE",14-MAY-14 10.36.22.064000000 AM
1172071,1315,"I",0,"JLWILKE",14-MAY-14 10.36.22.872000000 AM,"JLWILKE",14-MAY-14 10.36.22.872000000 AM
1172127,1316,"I",0,"JLWILKE",14-MAY-14 10.36.23.685000000 AM,"JLWILKE",14-MAY-14 10.36.23.685000000 AM
1172080,1317,"I",0,"JLWILKE",14-MAY-14 10.36.24.346000000 AM,"JLWILKE",14-MAY-14 10.36.24.346000000 AM
1284702,1359,"I",0,"BRENDAPEREZESCOB",05-JUN-14 04.07.10.326000000 PM,"BRENDAPEREZESCOB",05-JUN-14 04.07.10.326000000 PM
1284826,1405,"I",0,"PJHEID",24-JUN-14 12.43.24.421000000 PM,"PJHEID",24-JUN-14 12.43.24.421000000 PM
1182924,1406,"I",0,"PJHEID",24-JUN-14 12.43.25.734000000 PM,"PJHEID",24-JUN-14 12.43.25.734000000 PM
1285387,1410,"I",0,"JMLAGRO",26-JUN-14 03.22.36.386000000 PM,"JMLAGRO",26-JUN-14 03.22.36.386000000 PM
1285379,1411,"I",0,"JMLAGRO",26-JUN-14 03.22.36.698000000 PM,"JMLAGRO",26-JUN-14 03.22.36.698000000 PM
1285384,1412,"I",0,"JMLAGRO",26-JUN-14 03.22.36.876000000 PM,"JMLAGRO",26-JUN-14 03.22.36.876000000 PM
1280756,1423,"I",0,"PJHEID",08-JUL-14 04.54.29.114000000 PM,"PJHEID",08-JUL-14 04.54.29.114000000 PM
1284210,1424,"I",0,"PJHEID",08-JUL-14 04.54.29.474000000 PM,"PJHEID",08-JUL-14 04.54.29.474000000 PM
1284209,1425,"I",0,"PJHEID",08-JUL-14 04.54.29.660000000 PM,"PJHEID",08-JUL-14 04.54.29.660000000 PM
1279153,1445,"I",0,"CKRAFT",15-JUL-14 08.00.43.625000000 AM,"CKRAFT",15-JUL-14 08.00.43.625000000 AM
1279152,1446,"I",0,"CKRAFT",15-JUL-14 08.00.44.635000000 AM,"CKRAFT",15-JUL-14 08.00.44.635000000 AM
1279163,1447,"I",0,"CKRAFT",15-JUL-14 08.00.45.708000000 AM,"CKRAFT",15-JUL-14 08.00.45.708000000 AM
1284288,1448,"I",0,"DOMINICKNGANTOU",16-JUL-14 02.31.49.167000000 PM,"DOMINICKNGANTOU",16-JUL-14 02.31.49.167000000 PM
1284290,1449,"I",0,"DOMINICKNGANTOU",16-JUL-14 02.31.49.422000000 PM,"DOMINICKNGANTOU",16-JUL-14 02.31.49.422000000 PM
1284018,1455,"I",0,"BRENDAPEREZESCOB",23-JUL-14 03.28.56.550000000 PM,"BRENDAPEREZESCOB",23-JUL-14 03.28.56.550000000 PM
1284015,1456,"I",0,"BRENDAPEREZESCOB",23-JUL-14 03.28.57.152000000 PM,"BRENDAPEREZESCOB",23-JUL-14 03.28.57.152000000 PM
1284020,1457,"I",0,"BRENDAPEREZESCOB",23-JUL-14 03.28.57.351000000 PM,"BRENDAPEREZESCOB",23-JUL-14 03.28.57.351000000 PM
1282022,1458,"I",0,"ZOEASANDY",30-JUL-14 02.59.42.614000000 PM,"ZOEASANDY",30-JUL-14 02.59.42.614000000 PM
1282021,1459,"I",0,"ZOEASANDY",30-JUL-14 02.59.43.482000000 PM,"ZOEASANDY",30-JUL-14 02.59.43.482000000 PM
1280491,1460,"I",0,"ZOEASANDY",30-JUL-14 02.59.43.872000000 PM,"ZOEASANDY",30-JUL-14 02.59.43.872000000 PM
1282019,1461,"I",0,"ZOEASANDY",30-JUL-14 02.59.44.251000000 PM,"ZOEASANDY",30-JUL-14 02.59.44.251000000 PM
1282018,1462,"I",0,"ZOEASANDY",30-JUL-14 02.59.44.663000000 PM,"ZOEASANDY",30-JUL-14 02.59.44.663000000 PM
1282027,1463,"I",0,"ZOEASANDY",30-JUL-14 02.59.45.073000000 PM,"ZOEASANDY",30-JUL-14 02.59.45.073000000 PM
1282026,1464,"I",0,"ZOEASANDY",30-JUL-14 02.59.45.467000000 PM,"ZOEASANDY",30-JUL-14 02.59.45.467000000 PM
1282015,1465,"I",0,"ZOEASANDY",30-JUL-14 02.59.45.848000000 PM,"ZOEASANDY",30-JUL-14 02.59.45.848000000 PM
1282025,1466,"I",0,"ZOEASANDY",30-JUL-14 02.59.46.232000000 PM,"ZOEASANDY",30-JUL-14 02.59.46.232000000 PM
1277864,1467,"I",0,"JOYSPEZIALE",30-JUL-14 04.19.04.185000000 PM,"JOYSPEZIALE",30-JUL-14 04.19.04.185000000 PM
1277089,1493,"I",0,"KWOODALL",22-AUG-14 06.08.35.173000000 PM,"KWOODALL",22-AUG-14 06.08.35.173000000 PM
1277088,1494,"I",0,"JOYSPEZIALE",22-AUG-14 06.08.35.735000000 PM,"JOYSPEZIALE",22-AUG-14 06.08.35.735000000 PM
1284821,1503,"I",0,"PJHEID",24-SEP-14 03.40.53.528000000 PM,"PJHEID",24-SEP-14 03.40.53.528000000 PM
1284896,1504,"I",0,"PJHEID",24-SEP-14 03.40.53.985000000 PM,"PJHEID",24-SEP-14 03.40.53.985000000 PM
1284566,1505,"I",0,"PJHEID",24-SEP-14 03.40.54.181000000 PM,"PJHEID",24-SEP-14 03.40.54.181000000 PM
1284850,1506,"I",0,"PJHEID",24-SEP-14 03.40.54.397000000 PM,"PJHEID",24-SEP-14 03.40.54.397000000 PM
1278084,1523,"I",0,"JLWILKE",15-OCT-14 07.26.44.188000000 AM,"JLWILKE",15-OCT-14 07.26.44.188000000 AM
1278110,1524,"I",0,"JLWILKE",15-OCT-14 07.26.44.625000000 AM,"JLWILKE",15-OCT-14 07.26.44.625000000 AM
1278098,1525,"I",0,"JLWILKE",15-OCT-14 07.26.44.831000000 AM,"JLWILKE",15-OCT-14 07.26.44.831000000 AM
1277028,1526,"I",0,"JMLAGRO",15-OCT-14 08.27.54.109000000 AM,"JMLAGRO",15-OCT-14 08.27.54.109000000 AM
1277025,1530,"I",0,"JMLAGRO",15-OCT-14 08.27.56.312000000 AM,"JMLAGRO",15-OCT-14 08.27.56.312000000 AM
1277024,1531,"I",0,"JMLAGRO",15-OCT-14 08.27.56.921000000 AM,"JMLAGRO",15-OCT-14 08.27.56.921000000 AM
1278574,1532,"I",0,"JMLAGRO",15-OCT-14 08.27.57.628000000 AM,"JMLAGRO",15-OCT-14 08.27.57.628000000 AM
1277032,1533,"I",0,"JMLAGRO",15-OCT-14 08.27.58.104000000 AM,"JMLAGRO",15-OCT-14 08.27.58.104000000 AM
1277029,1534,"I",0,"JMLAGRO",15-OCT-14 08.27.58.595000000 AM,"JMLAGRO",15-OCT-14 08.27.58.595000000 AM
1277018,1535,"I",0,"JMLAGRO",15-OCT-14 08.27.59.010000000 AM,"JMLAGRO",15-OCT-14 08.27.59.010000000 AM
1155479,1536,"I",0,"JMLAGRO",15-OCT-14 08.28.02.431000000 AM,"JMLAGRO",15-OCT-14 08.28.02.431000000 AM
1000121,1537,"I",0,"JMLAGRO",15-OCT-14 08.28.05.530000000 AM,"JMLAGRO",15-OCT-14 08.28.05.530000000 AM
1278486,1543,"I",0,"PJHEID",03-NOV-14 08.23.05.146000000 AM,"PJHEID",03-NOV-14 08.23.05.146000000 AM
1278083,1544,"I",0,"PJHEID",03-NOV-14 08.23.05.745000000 AM,"PJHEID",03-NOV-14 08.23.05.745000000 AM
1278488,1545,"I",0,"PJHEID",03-NOV-14 08.23.06.035000000 AM,"PJHEID",03-NOV-14 08.23.06.035000000 AM
1278487,1546,"I",0,"PJHEID",03-NOV-14 08.23.06.265000000 AM,"PJHEID",03-NOV-14 08.23.06.265000000 AM
1003427,1547,"I",0,"PJHEID",03-NOV-14 08.23.07.917000000 AM,"PJHEID",03-NOV-14 08.23.07.917000000 AM
1278233,1600,"I",0,"JMLAGRO",21-AUG-15 12.41.42.604000000 PM,"JMLAGRO",21-AUG-15 12.41.42.604000000 PM
1278232,1601,"I",0,"JMLAGRO",21-AUG-15 12.41.42.826000000 PM,"JMLAGRO",21-AUG-15 12.41.42.826000000 PM
1280315,1154,"I",0,"JUDITHSZEGEDI",21-MAR-14 04.14.37.991000000 PM,"JUDITHSZEGEDI",21-MAR-14 04.14.37.991000000 PM
1277350,1172,"I",0,"ZOEASANDY",25-MAR-14 01.00.46.645000000 PM,"ZOEASANDY",25-MAR-14 01.00.46.645000000 PM
1276977,1190,"I",0,"PJHEID",03-APR-14 04.01.26.146000000 PM,"PJHEID",03-APR-14 04.01.26.146000000 PM
1282790,1191,"I",0,"PJHEID",07-APR-14 12.33.36.266000000 PM,"PJHEID",07-APR-14 12.33.36.266000000 PM
1281270,1198,"I",0,"PJHEID",08-APR-14 09.08.32.496000000 PM,"PJHEID",08-APR-14 09.08.32.496000000 PM
1276995,1216,"I",0,"JMLAGRO",14-APR-14 10.29.09.654000000 AM,"JMLAGRO",14-APR-14 10.29.09.654000000 AM
1276993,1217,"I",0,"JMLAGRO",14-APR-14 10.29.09.900000000 AM,"JMLAGRO",14-APR-14 10.29.09.900000000 AM
1280972,1224,"I",0,"PJHEID",16-APR-14 11.01.11.364000000 AM,"PJHEID",16-APR-14 11.01.11.364000000 AM
1280973,1229,"I",0,"PJHEID",16-APR-14 12.03.04.310000000 PM,"PJHEID",16-APR-14 12.03.04.310000000 PM
1280906,1234,"I",0,"JMLAGRO",21-APR-14 08.08.36.974000000 AM,"JMLAGRO",21-APR-14 08.08.36.974000000 AM
1282538,1254,"I",0,"JOYSPEZIALE",23-APR-14 03.25.33.297000000 PM,"JOYSPEZIALE",23-APR-14 03.25.33.297000000 PM
1278402,1255,"I",0,"JMLAGRO",24-APR-14 07.41.26.634000000 AM,"JMLAGRO",24-APR-14 07.41.26.634000000 AM
1278401,1256,"I",0,"JMLAGRO",24-APR-14 07.41.26.948000000 AM,"JMLAGRO",24-APR-14 07.41.26.948000000 AM
1278409,1257,"I",0,"JMLAGRO",24-APR-14 07.41.27.121000000 AM,"JMLAGRO",24-APR-14 07.41.27.121000000 AM
1192686,1258,"I",0,"JMLAGRO",24-APR-14 07.41.28.435000000 AM,"JMLAGRO",24-APR-14 07.41.28.435000000 AM
1279031,1259,"I",0,"SHERSAYLER",24-APR-14 09.01.02.404000000 AM,"SHERSAYLER",24-APR-14 09.01.02.404000000 AM
1277814,1261,"I",0,"ZOEASANDY",24-APR-14 03.52.08.081000000 PM,"ZOEASANDY",24-APR-14 03.52.08.081000000 PM
1284579,1264,"I",0,"JMLAGRO",26-APR-14 11.52.17.030000000 AM,"JMLAGRO",26-APR-14 11.52.17.030000000 AM
1283068,1269,"I",0,"JUDITHSZEGEDI",28-APR-14 07.33.46.450000000 PM,"JUDITHSZEGEDI",28-APR-14 07.33.46.450000000 PM
1276976,1286,"I",0,"CKRAFT",09-MAY-14 07.17.33.901000000 AM,"CKRAFT",09-MAY-14 07.17.33.901000000 AM
1191392,1287,"I",0,"CKRAFT",09-MAY-14 07.17.36.267000000 AM,"CKRAFT",09-MAY-14 07.17.36.267000000 AM
1279992,1322,"I",0,"CKRAFT",19-MAY-14 07.36.27.243000000 AM,"CKRAFT",19-MAY-14 07.36.27.243000000 AM
1279990,1323,"I",0,"CKRAFT",19-MAY-14 07.36.27.580000000 AM,"CKRAFT",19-MAY-14 07.36.27.580000000 AM
1279989,1324,"I",0,"CKRAFT",19-MAY-14 07.36.27.765000000 AM,"CKRAFT",19-MAY-14 07.36.27.765000000 AM
1285401,1333,"I",0,"PJHEID",27-MAY-14 08.57.39.354000000 PM,"PJHEID",27-MAY-14 08.57.39.354000000 PM
1285693,1357,"I",0,"KARINARUIZ",05-JUN-14 10.28.52.560000000 AM,"KARINARUIZ",05-JUN-14 10.28.52.560000000 AM
1166682,1358,"I",0,"KARINARUIZ",05-JUN-14 10.28.53.517000000 AM,"KARINARUIZ",05-JUN-14 10.28.53.517000000 AM
1280206,1563,"I",0,"JMLAGRO",04-JUN-15 01.52.49.002000000 PM,"JMLAGRO",04-JUN-15 01.52.49.002000000 PM
1280219,1573,"I",0,"JMLAGRO",16-JUN-15 08.01.46.073000000 AM,"JMLAGRO",16-JUN-15 08.01.46.073000000 AM
1277202,1598,"I",0,"JMLAGRO",18-AUG-15 11.42.35.993000000 AM,"JMLAGRO",18-AUG-15 11.42.35.993000000 AM
1277194,1599,"I",0,"JMLAGRO",18-AUG-15 11.42.36.243000000 AM,"JMLAGRO",18-AUG-15 11.42.36.243000000 AM
1285674,1384,"I",0,"JOYSPEZIALE",13-JUN-14 03.15.22.903000000 PM,"JOYSPEZIALE",13-JUN-14 03.15.22.903000000 PM
1285666,1385,"I",0,"JOYSPEZIALE",13-JUN-14 03.15.23.143000000 PM,"JOYSPEZIALE",13-JUN-14 03.15.23.143000000 PM
1189146,1386,"I",0,"JOYSPEZIALE",13-JUN-14 03.15.24.217000000 PM,"JOYSPEZIALE",13-JUN-14 03.15.24.217000000 PM
1277886,1387,"I",0,"JOYSPEZIALE",16-JUN-14 03.31.31.976000000 PM,"JOYSPEZIALE",16-JUN-14 03.31.31.976000000 PM
1277873,1388,"I",0,"JOYSPEZIALE",16-JUN-14 03.31.32.381000000 PM,"JOYSPEZIALE",16-JUN-14 03.31.32.381000000 PM
1277867,1389,"I",0,"JOYSPEZIALE",16-JUN-14 03.31.32.604000000 PM,"JOYSPEZIALE",16-JUN-14 03.31.32.604000000 PM
1277865,1390,"I",0,"JOYSPEZIALE",16-JUN-14 03.31.32.862000000 PM,"JOYSPEZIALE",16-JUN-14 03.31.32.862000000 PM
1282552,1403,"I",0,"JOYSPEZIALE",23-JUN-14 01.17.35.116000000 PM,"JOYSPEZIALE",23-JUN-14 01.17.35.116000000 PM
1282551,1404,"I",0,"JOYSPEZIALE",23-JUN-14 01.17.35.376000000 PM,"JOYSPEZIALE",23-JUN-14 01.17.35.376000000 PM
1284861,1407,"I",0,"PJHEID",26-JUN-14 09.22.08.661000000 AM,"PJHEID",26-JUN-14 09.22.08.661000000 AM
1276974,1408,"I",0,"DOMINICKNGANTOU",26-JUN-14 03.01.25.921000000 PM,"DOMINICKNGANTOU",26-JUN-14 03.01.25.921000000 PM
1192249,1409,"I",0,"DOMINICKNGANTOU",26-JUN-14 03.01.26.979000000 PM,"DOMINICKNGANTOU",26-JUN-14 03.01.26.979000000 PM
1284192,1413,"I",0,"PJHEID",30-JUN-14 04.50.51.412000000 PM,"PJHEID",30-JUN-14 04.50.51.412000000 PM
1284109,1453,"I",0,"BRENDAPEREZESCOB",22-JUL-14 05.24.50.195000000 PM,"BRENDAPEREZESCOB",22-JUL-14 05.24.50.195000000 PM
1284108,1454,"I",0,"BRENDAPEREZESCOB",22-JUL-14 05.24.50.503000000 PM,"BRENDAPEREZESCOB",22-JUL-14 05.24.50.503000000 PM
1277918,1473,"I",0,"JMLAGRO",04-AUG-14 12.23.20.550000000 PM,"JMLAGRO",04-AUG-14 12.23.20.550000000 PM
1277917,1474,"I",0,"JMLAGRO",04-AUG-14 12.23.20.997000000 PM,"JMLAGRO",04-AUG-14 12.23.20.997000000 PM
1277916,1475,"I",0,"JMLAGRO",04-AUG-14 12.23.21.221000000 PM,"JMLAGRO",04-AUG-14 12.23.21.221000000 PM
1277915,1476,"I",0,"JMLAGRO",04-AUG-14 12.23.21.462000000 PM,"JMLAGRO",04-AUG-14 12.23.21.462000000 PM
1279205,1483,"I",0,"JOYSPEZIALE",12-AUG-14 04.37.00.683000000 PM,"JOYSPEZIALE",12-AUG-14 04.37.00.683000000 PM
1001026,1484,"I",0,"JOYSPEZIALE",12-AUG-14 04.37.02.606000000 PM,"JOYSPEZIALE",12-AUG-14 04.37.02.606000000 PM
1285555,1485,"I",0,"JOYSPEZIALE",18-AUG-14 01.51.15.660000000 PM,"JOYSPEZIALE",18-AUG-14 01.51.15.660000000 PM
1162318,1486,"I",0,"JOYSPEZIALE",18-AUG-14 01.51.17.946000000 PM,"JOYSPEZIALE",18-AUG-14 01.51.17.946000000 PM
