p_grp_sys_id,p_mbr_sys_id,p_affl_sk,p_affl_pcp_ind,l_hibernate_ver_num,g_aud_add_ts,g_aud_add_user_id,g_aud_ts,g_aud_user_id
1001549,1277138,1019627,N,0,2013-11-30 16:24:45.992000,PJHEID,2013-11-30 16:24:45.992000,PJHEID
1155497,1280566,1019648,Y,0,2013-12-02 10:03:30.664000,JMLAGRO,2013-12-02 10:03:30.664000,DATA_FFIX_PCPIndicator_850493
1155497,1280596,1019640,N,0,2013-12-02 08:38:01.292000,JMLAGRO,2013-12-02 08:38:01.292000,JMLAGRO
1155497,1280648,1019649,Y,0,2013-12-02 10:06:50.510000,JMLAGRO,2013-12-02 10:06:50.510000,DATA_FFIX_PCPIndicator_850493
1000596,1277399,1019653,Y,0,2013-12-02 10:21:03.939000,PJHEID,2013-12-02 10:21:03.939000,DATA_FFIX_PCPIndicator_850493
1155497,1281195,1019755,N,0,2013-12-06 13:09:31.714000,PJHEID,2013-12-06 13:09:31.714000,PJHEID
1169004,1280375,1019746,N,5,2013-12-06 07:32:30.674000,JMLAGRO,2015-07-20 16:49:41.869000,MMANYGUNS
1189208,1280725,1019780,N,0,2013-12-10 10:21:21.924000,JMLAGRO,2013-12-10 10:21:21.924000,JMLAGRO
1166177,1277743,1019695,N,1,2013-12-03 15:11:08.925000,PJHEID,2020-11-05 13:35:34.506000,DATA_FFIX_PCPIndicator_850493
1189217,1280725,1019781,N,0,2013-12-10 10:21:21.986000,JMLAGRO,2013-12-10 10:21:21.986000,JMLAGRO
1192440,1280909,1019785,N,0,2013-12-10 16:58:30.206000,JMLAGRO,2013-12-10 16:58:30.206000,JMLAGRO
1000106,1280934,1020087,Y,7,2014-01-02 13:45:50.066000,JMLAGRO,2015-07-06 10:18:43.699000,DataFix_PCPAffiliaion
1168347,1280934,1020086,Y,7,2014-01-02 13:45:50.055000,JMLAGRO,2015-07-06 10:18:43.699000,DataFix_PCPAffiliaion
1000105,1280934,1020088,Y,7,2014-01-02 13:45:50.085000,JMLAGRO,2015-07-06 10:18:43.700000,DataFix_PCPAffiliaion
1000108,1280934,1020089,Y,7,2014-01-02 13:45:50.089000,JMLAGRO,2015-07-06 10:18:43.697000,DataFix_PCPAffiliaion
1186303,1281777,1020156,N,0,2014-01-08 22:37:13.107000,PJHEID,2014-01-08 22:37:13.107000,PJHEID
1166786,1281712,1020781,Y,1,2014-01-28 01:05:20.425000,PJHEID,2015-08-06 08:30:46.954000,DATA_FFIX_PCPIndicator_850493
1155553,1281701,1020336,N,1,2014-01-14 11:59:21.166000,JMLAGRO,2015-07-17 15:22:42.608000,JMLAGRO
1281248,1281403,1021674,Y,5,2014-02-10 08:00:13.841000,JMLAGRO,2015-07-20 17:50:20.694000,DATA_FFIX_PCPIndicator_850493
1183575,1281615,1020779,N,0,2014-01-27 23:59:20.600000,PJHEID,2014-01-27 23:59:20.600000,PJHEID
1159352,1281113,1020952,N,0,2014-02-04 12:20:55.313000,JMLAGRO,2014-02-04 12:20:55.313000,JMLAGRO
1167001,1281403,1021675,Y,1,2014-02-10 08:00:13.845000,JMLAGRO,2015-06-08 15:23:14.335000,DATA_FFIX_PCPIndicator_850493
1161390,1281403,1021676,Y,5,2014-02-10 08:00:13.850000,JMLAGRO,2015-07-20 17:50:20.694000,DATA_FFIX_PCPIndicator_850493
1191604,1277713,1021711,N,0,2014-02-10 15:48:48.408000,JMLAGRO,2014-02-10 15:48:48.408000,JMLAGRO
1204196,1281915,1022219,N,0,2014-02-14 08:13:13.712000,JMLAGRO,2014-02-14 08:13:13.712000,JMLAGRO
1166885,1281554,1022145,N,0,2014-02-11 12:45:37.644000,JMLAGRO,2014-02-11 12:45:37.644000,JMLAGRO
1183624,1282475,1023205,N,3,2014-03-04 15:22:09.557000,PJHEID,2015-07-08 14:48:31.586000,ESTHERSHAHPAR
1166885,1282450,1022990,N,1,2014-02-27 18:17:21.899000,JUDITHSZEGEDI,2015-07-20 12:49:27.696000,JMLAGRO
1166177,1278122,1022997,N,0,2014-02-28 12:47:05.900000,PJHEID,2014-02-28 12:47:05.900000,PJHEID
1162187,1280196,1023120,N,5,2014-03-03 13:38:23.449000,JMLAGRO,2018-06-11 15:09:04.334000,DATA_FFIX_PCPIndicator_850493
1166786,1281876,1023365,Y,0,2014-03-07 16:00:08.236000,PJHEID,2014-03-07 16:00:08.236000,DataFix_PCPAffiliaion
1188665,1279300,1023368,N,0,2014-03-07 16:26:27.779000,PJHEID,2014-03-07 16:26:27.779000,PJHEID
1155497,1283125,1023367,N,2,2014-03-07 16:18:07.150000,PJHEID,2025-10-08 14:45:07.723000,PJHEID
1188668,1279300,1023369,N,0,2014-03-07 16:26:27.806000,PJHEID,2014-03-07 16:26:27.806000,PJHEID
1162914,1279508,1023554,N,2,2014-03-11 15:20:54.375000,LISACAMPBELL,2015-06-22 13:10:49.294000,PJHEID
1277925,1277949,1018573,N,0,2013-07-02 13:44:52.330000,JMLAGRO,2013-07-02 13:44:52.330000,JMLAGRO
1190695,1278383,1018587,N,1,2013-07-22 12:56:03.192000,PJHEID,2015-07-08 11:18:59.989000,JMLAGRO
1169026,1280160,1019742,N,1,2013-12-06 06:57:54.831000,JMLAGRO,2015-07-08 11:09:17.545000,JMLAGRO
1167767,1277318,1019310,N,1,2013-11-08 07:26:07.260000,PJHEID,2015-07-02 10:33:05.434000,PJHEID
1155497,1280609,1019647,N,0,2013-12-02 10:01:17.353000,JMLAGRO,2013-12-02 10:01:17.353000,JMLAGRO
1191604,1281213,1019821,N,0,2013-12-13 07:22:34.430000,JMLAGRO,2013-12-13 07:22:34.430000,JMLAGRO
1182734,1280193,1019872,N,0,2013-12-13 14:27:32.195000,JMLAGRO,2013-12-13 14:27:32.195000,JMLAGRO
1191604,1280330,1019741,N,0,2013-12-06 06:48:47.990000,JMLAGRO,2013-12-06 06:48:47.990000,JMLAGRO
1182734,1280876,1019876,N,0,2013-12-13 14:39:08.762000,JMLAGRO,2013-12-13 14:39:08.762000,JMLAGRO
1003051,1280193,1019873,N,0,2013-12-13 14:27:32.200000,JMLAGRO,2013-12-13 14:27:32.200000,JMLAGRO
1003051,1280876,1019875,N,0,2013-12-13 14:39:08.750000,JMLAGRO,2013-12-13 14:39:08.750000,JMLAGRO
1189217,1281475,1019914,N,0,2013-12-20 11:10:59.086000,JMLAGRO,2013-12-20 11:10:59.086000,JMLAGRO
1189208,1281475,1019915,N,0,2013-12-20 11:10:59.120000,JMLAGRO,2013-12-20 11:10:59.120000,JMLAGRO
1155553,1280980,1019924,N,1,2013-12-20 14:53:37.503000,JMLAGRO,2015-06-29 10:57:36.152000,JMLAGRO
1166116,1281392,1020114,N,1,2014-01-03 13:02:24.274000,JMLAGRO,2015-06-30 14:52:47.117000,JMLAGRO
1155497,1281386,1020362,Y,3,2014-01-15 11:40:37.052000,PJHEID,2015-07-17 15:28:39.828000,DataFix_PCPAffiliaion
1000221,1277146,1020871,N,0,2014-02-01 12:59:48.900000,PJHEID,2014-02-01 12:59:48.900000,PJHEID
1281248,1281414,1021227,Y,0,2014-02-07 07:15:48.329000,JMLAGRO,2014-02-07 07:15:48.329000,DATA_FFIX_PCPIndicator_850493
1167001,1281414,1021228,Y,0,2014-02-07 07:15:48.333000,JMLAGRO,2014-02-07 07:15:48.333000,DATA_FFIX_PCPIndicator_850493
1281243,1281414,1021226,Y,0,2014-02-07 07:15:48.320000,JMLAGRO,2014-02-07 07:15:48.320000,DATA_FFIX_PCPIndicator_850493
1163095,1277981,1020067,N,1,2014-01-02 09:55:21.062000,JMLAGRO,2016-08-26 12:52:46.873000,DataFix_PCPAffiliaion
1188669,1278390,1023220,N,0,2014-03-05 10:09:32.544000,PJHEID,2014-03-05 10:09:32.544000,PJHEID
1155497,1283077,1023474,Y,1,2014-03-10 13:43:16.185000,JOYSPEZIALE,2015-06-26 14:56:51.147000,DATA_FFIX_PCPIndicator_850493
1277928,1278151,1018571,N,0,2013-07-02 12:57:22.091000,JMLAGRO,2013-07-02 12:57:22.091000,JMLAGRO
1155664,1278698,1018611,N,0,2013-09-18 12:08:48.812000,JMLAGRO,2013-09-18 12:08:48.812000,JMLAGRO
1155371,1278346,1019367,Y,4,2013-11-15 14:02:49.343000,JMLAGRO,2015-07-16 08:51:18.455000,DATA_FFIX_PCPIndicator_850493
1167767,1277289,1019250,N,1,2013-11-04 15:16:01.089000,PJHEID,2015-07-02 10:31:18.047000,JMLAGRO
1165183,1278346,1019366,Y,4,2013-11-15 14:02:49.284000,JMLAGRO,2015-07-27 09:01:51.917000,DATA_FFIX_PCPIndicator_850493
1155387,1278346,1019368,Y,4,2013-11-15 14:02:49.351000,JMLAGRO,2015-07-16 08:51:18.454000,DATA_FFIX_PCPIndicator_850493
1155452,1278346,1019369,Y,4,2013-11-15 14:02:49.369000,JMLAGRO,2015-07-16 08:51:18.455000,DATA_FFIX_PCPIndicator_850493
1155347,1278346,1019370,Y,5,2013-11-15 14:02:49.376000,JMLAGRO,2015-07-27 09:01:51.914000,DATA_FFIX_PCPIndicator_850493
1155400,1278346,1019371,Y,4,2013-11-15 14:02:49.396000,JMLAGRO,2015-07-16 08:51:18.455000,DATA_FFIX_PCPIndicator_850493
1166735,1278346,1019372,Y,4,2013-11-15 14:02:49.400000,JMLAGRO,2015-07-16 08:51:18.455000,DATA_FFIX_PCPIndicator_850493
1190722,1280802,1019378,N,1,2013-11-15 15:20:36.441000,JMLAGRO,2015-06-09 12:58:55.810000,PJHEID
1190722,1280537,1019379,N,1,2013-11-15 15:28:58.705000,JMLAGRO,2015-07-15 12:48:38.955000,PJHEID
1162478,1279649,1019684,N,2,2013-12-03 07:39:13.535000,JMLAGRO,2015-08-03 11:14:57.076000,USHASHA
1162187,1279379,1019685,N,1,2013-12-03 07:57:40.799000,JMLAGRO,2018-06-11 15:08:27.837000,DATA_FFIX_PCPIndicator_850493
1183620,1280492,1019681,N,1,2013-12-03 07:00:22.943000,JMLAGRO,2015-06-29 13:08:58.593000,JMLAGRO
1162187,1279649,1019683,N,2,2013-12-03 07:39:13.379000,JMLAGRO,2015-08-03 11:14:57.077000,USHASHA
1003118,1278353,1019641,N,1,2013-12-02 08:45:01.713000,JMLAGRO,2015-07-08 11:05:12.140000,DANIELLAESTRELLA
1159303,1280115,1019687,Y,0,2013-12-03 08:13:40.506000,JMLAGRO,2013-12-03 08:13:40.506000,DataFix_PCPAffiliaion
1188667,1280133,1019689,N,1,2013-12-03 10:23:20.533000,JMLAGRO,2015-06-24 14:56:50.391000,JMLAGRO
1157665,1281321,1019691,N,0,2013-12-03 10:45:12.512000,JMLAGRO,2013-12-03 10:45:12.512000,JMLAGRO
1167626,1280591,1019706,N,5,2013-12-05 07:11:07.094000,JMLAGRO,2015-06-22 13:51:43.337000,PJHEID
1003003,1280543,1019707,N,1,2013-12-05 07:31:43.239000,JMLAGRO,2015-07-15 15:14:54.858000,JMLAGRO
1155473,1280543,1019708,N,1,2013-12-05 07:31:43.242000,JMLAGRO,2015-07-15 15:14:54.858000,JMLAGRO
1155484,1280543,1019709,N,1,2013-12-05 07:31:43.256000,JMLAGRO,2015-07-15 15:14:54.857000,JMLAGRO
1162187,1279287,1019731,Y,0,2013-12-05 14:46:08.512000,JMLAGRO,2013-12-05 14:46:08.512000,DATA_FFIX_PCPIndicator_850493
1157665,1281383,1019734,N,1,2013-12-05 21:03:50.497000,PJHEID,2015-06-24 14:01:09.263000,JMLAGRO
1167626,1278581,1019735,N,0,2013-12-05 21:57:55.030000,PJHEID,2013-12-05 21:57:55.030000,PJHEID
1162170,1280709,1019884,Y,2,2013-12-16 13:38:20.163000,JMLAGRO,2015-06-16 09:24:36.199000,DataFix_PCPAffiliaion
1157053,1280709,1019885,N,2,2013-12-16 13:38:20.169000,JMLAGRO,2015-06-16 09:24:36.200000,CAROLREEVES
1159888,1280096,1019779,Y,0,2013-12-10 10:12:06.774000,JMLAGRO,2013-12-10 10:12:06.774000,DataFix_PCPAffiliaion
1188670,1281377,1019897,N,0,2013-12-18 09:00:08.975000,PJHEID,2013-12-18 09:00:08.975000,PJHEID
1155451,1280709,1019886,Y,2,2013-12-16 13:38:20.185000,JMLAGRO,2015-06-16 09:24:36.200000,DataFix_PCPAffiliaion
1166133,1280905,1019887,N,0,2013-12-16 13:50:53.336000,JMLAGRO,2013-12-16 13:50:53.336000,JMLAGRO
1188664,1281377,1019898,N,0,2013-12-18 09:00:08.999000,PJHEID,2013-12-18 09:00:08.999000,PJHEID
1155553,1280737,1019925,N,1,2013-12-20 15:37:08.160000,JMLAGRO,2015-06-22 16:44:32.257000,JMLAGRO
1159148,1280737,1019926,N,1,2013-12-20 15:37:08.163000,JMLAGRO,2015-06-22 16:44:32.258000,JMLAGRO
1155506,1280737,1019927,N,1,2013-12-20 15:37:08.168000,JMLAGRO,2015-06-22 16:44:32.258000,JMLAGRO
1159305,1281341,1019945,N,0,2013-12-26 15:17:59.823000,JMLAGRO,2013-12-26 15:17:59.823000,JMLAGRO
1155553,1281706,1023341,N,0,2014-03-07 12:26:45.348000,PJHEID,2014-03-07 12:26:45.348000,PJHEID
1163906,1276811,1020245,N,0,2014-01-10 13:14:13.867000,JMLAGRO,2014-01-10 13:14:13.867000,JMLAGRO
1000423,1277879,1018585,Y,0,2013-07-12 08:22:47.275000,DATAFFIX_PCPAffiliation,2013-07-12 08:22:47.275000,DATAFFIX_PCPAffiliation
1279000,1279642,1018600,N,0,2013-08-30 14:23:21.627000,JMLAGRO,2013-08-30 14:23:21.627000,JMLAGRO
1158337,1277284,1018613,N,1,2013-09-18 12:54:50.435000,JMLAGRO,2015-06-26 17:19:27.075000,MMANYGUNS
1188664,1279600,1018614,N,0,2013-09-18 14:05:37.031000,JMLAGRO,2013-09-18 14:05:37.031000,JMLAGRO
1155485,1279810,1018632,Y,0,2013-09-24 11:53:32.457000,TBRABANDT,2013-09-24 11:53:32.457000,DATA_FFIX_PCPIndicator_850493
1155474,1279810,1018633,Y,0,2013-09-24 11:53:32.497000,TBRABANDT,2013-09-24 11:53:32.497000,DATA_FFIX_PCPIndicator_850493
1155473,1279810,1018634,Y,0,2013-09-24 11:53:32.515000,TBRABANDT,2013-09-24 11:53:32.515000,DATA_FFIX_PCPIndicator_850493
1155476,1279810,1018635,Y,0,2013-09-24 11:53:32.518000,TBRABANDT,2013-09-24 11:53:32.518000,DATA_FFIX_PCPIndicator_850493
1000221,1277129,1019481,N,0,2013-11-24 12:26:15.218000,PJHEID,2013-11-24 12:26:15.218000,PJHEID
1156286,1280704,1019382,Y,0,2013-11-15 15:39:04.997000,JMLAGRO,2013-11-15 15:39:04.997000,DATA_FFIX_PCPIndicator_850493
1155470,1278304,1019492,N,0,2013-11-24 13:43:25.381000,PJHEID,2013-11-24 13:43:25.381000,PJHEID
1157665,1281351,1019717,N,0,2013-12-05 10:03:10.642000,JMLAGRO,2013-12-05 10:03:10.642000,JMLAGRO
1166133,1280904,1023273,N,0,2014-03-05 19:38:18.996000,JOYSPEZIALE,2014-03-05 19:38:18.996000,JOYSPEZIALE
1182779,1279666,1019693,N,0,2013-12-03 11:09:47.175000,JMLAGRO,2013-12-03 11:09:47.175000,JMLAGRO
1169004,1280377,1019747,N,3,2013-12-06 07:42:08.624000,JMLAGRO,2015-07-21 08:24:40.444000,PJHEID
1167626,1280592,1019705,Y,2,2013-12-05 06:50:25.001000,JMLAGRO,2015-07-15 15:13:20.280000,DATA_FFIX_PCPIndicator_850493
1167767,1277411,1019789,N,1,2013-12-12 07:04:00.160000,JMLAGRO,2015-07-02 10:34:50.190000,JMLAGRO
1162187,1280389,1019745,N,5,2013-12-06 07:28:49.751000,JMLAGRO,2015-08-08 12:56:24.023000,PJHEID
1191604,1280182,1019358,N,0,2013-11-14 09:30:11.741000,TBRABANDT,2013-11-14 09:30:11.741000,TBRABANDT
1191604,1280354,1019786,N,0,2013-12-11 07:12:41.815000,JMLAGRO,2013-12-11 07:12:41.815000,JMLAGRO
1167767,1277358,1019794,N,1,2013-12-12 09:56:22.852000,JMLAGRO,2015-07-02 10:34:09.691000,JMLAGRO
1191604,1281186,1019822,N,0,2013-12-13 07:35:26.087000,JMLAGRO,2013-12-13 07:35:26.087000,JMLAGRO
1189147,1280929,1019823,N,0,2013-12-13 09:39:05.311000,JMLAGRO,2013-12-13 09:39:05.311000,JMLAGRO
1182792,1280188,1019882,N,0,2013-12-13 15:16:37.265000,JMLAGRO,2013-12-13 15:16:37.265000,JMLAGRO
1163095,1280693,1019928,N,0,2013-12-23 11:26:35.920000,JMLAGRO,2013-12-23 11:26:35.920000,JMLAGRO
1163095,1278616,1020068,Y,0,2014-01-02 10:01:21.884000,JMLAGRO,2014-01-02 10:01:21.884000,DataFix_PCPAffiliaion
1166177,1277965,1019970,N,1,2013-12-27 12:38:57.070000,JMLAGRO,2015-07-17 09:39:14.766000,DMOCK
1155473,1279993,1020090,Y,0,2014-01-02 14:43:19.111000,PJHEID,2014-01-02 14:43:19.111000,DataFix_PCPAffiliaion
1186303,1281388,1019881,N,0,2013-12-13 15:12:40.758000,JMLAGRO,2013-12-13 15:12:40.758000,JMLAGRO
1166043,1279993,1020091,Y,0,2014-01-02 14:43:19.121000,PJHEID,2014-01-02 14:43:19.121000,DataFix_PCPAffiliaion
1155476,1279993,1020092,Y,0,2014-01-02 14:43:19.126000,PJHEID,2014-01-02 14:43:19.126000,DataFix_PCPAffiliaion
1155425,1279993,1020093,Y,0,2014-01-02 14:43:19.129000,PJHEID,2014-01-02 14:43:19.129000,DataFix_PCPAffiliaion
1155474,1279993,1020094,Y,0,2014-01-02 14:43:19.134000,PJHEID,2014-01-02 14:43:19.134000,DataFix_PCPAffiliaion
1155485,1279993,1020095,Y,0,2014-01-02 14:43:19.137000,PJHEID,2014-01-02 14:43:19.137000,DataFix_PCPAffiliaion
1166885,1282118,1023239,N,2,2014-03-05 11:19:17.775000,JMLAGRO,2015-06-29 11:49:36.803000,CAROLREEVES
1155497,1283099,1023478,Y,1,2014-03-10 14:49:22.291000,JUDITHSZEGEDI,2018-03-07 08:12:00.361000,JUDITHSZEGEDI
1155469,1280175,1023579,N,0,2014-03-12 14:23:15.560000,JOYSPEZIALE,2014-03-12 14:23:15.560000,JOYSPEZIALE
1192709,1279964,1018599,N,0,2013-08-30 13:59:26.676000,JMLAGRO,2013-08-30 13:59:26.676000,JMLAGRO
1279000,1279651,1018601,N,1,2013-08-30 14:29:20.425000,JMLAGRO,2015-07-10 10:21:43.647000,CAROLREEVES
1003019,1278194,1018603,N,0,2013-09-12 08:33:24.696000,PJHEID,2013-09-12 08:33:24.696000,PJHEID
1162284,1278008,1018607,N,2,2013-09-18 11:12:12.846000,PJHEID,2015-07-31 15:11:44.953000,PJHEID
1162284,1278012,1018608,N,0,2013-09-18 11:21:29.895000,PJHEID,2013-09-18 11:21:29.895000,PJHEID
1155664,1280170,1018621,Y,0,2013-09-18 14:31:10.857000,JMLAGRO,2013-09-18 14:31:10.857000,DataFix_PCPAffiliaion
1166885,1281702,1023423,N,8,2014-03-10 08:56:36.198000,PJHEID,2015-07-28 09:18:21.521000,PJHEID
1001663,1277166,1019024,N,1,2013-10-22 08:08:11.894000,JMLAGRO,2015-07-15 12:16:04.664000,JMLAGRO
1187118,1278596,1019394,N,0,2013-11-16 12:03:30.422000,JMLAGRO,2013-11-16 12:03:30.422000,JMLAGRO
1182922,1278758,1019478,N,3,2013-11-24 10:47:04.516000,PJHEID,2015-06-26 15:46:39.745000,MMANYGUNS
1159982,1278637,1019580,N,1,2013-11-27 12:14:25.746000,PJHEID,2015-07-17 10:08:31.552000,MMANYGUNS
1155497,1280553,1019583,Y,2,2013-11-27 13:28:05.710000,JMLAGRO,2015-06-30 10:26:31.317000,DATA_FFIX_PCPIndicator_850493
1155497,1280536,1019575,Y,1,2013-11-26 19:53:05.883000,JMLAGRO,2015-06-24 13:23:46.556000,DataFix_PCPAffiliaion
1003134,1280475,1019604,N,0,2013-11-29 14:06:54.982000,PJHEID,2013-11-29 14:06:54.982000,PJHEID
1167767,1277378,1019791,N,6,2013-12-12 07:34:57.951000,JMLAGRO,2015-07-16 10:09:18.839000,JMLAGRO
1162187,1279383,1019603,N,4,2013-11-29 13:58:05.785000,PJHEID,2018-06-11 15:09:38.883000,DATA_FFIX_PCPIndicator_850493
1191604,1280328,1019694,N,0,2013-12-03 11:30:16.423000,JMLAGRO,2013-12-03 11:30:16.423000,JMLAGRO
1191604,1281525,1020085,N,0,2014-01-02 13:22:27.624000,JMLAGRO,2014-01-02 13:22:27.624000,JMLAGRO
1159148,1281684,1020186,N,1,2014-01-09 12:26:01.008000,JMLAGRO,2015-06-24 14:35:56.031000,PJHEID
1155506,1281684,1020187,N,1,2014-01-09 12:26:01.033000,JMLAGRO,2015-06-24 14:35:56.031000,PJHEID
1155553,1281684,1020188,N,1,2014-01-09 12:26:01.093000,JMLAGRO,2015-06-24 14:35:56.031000,JMLAGRO
1188669,1278361,1020536,N,1,2014-01-23 11:54:36.816000,PJHEID,2015-06-17 12:57:26.963000,JMLAGRO
1188670,1278361,1020537,N,1,2014-01-23 11:54:36.846000,PJHEID,2015-06-17 12:57:26.963000,JMLAGRO
1000221,1277995,1020787,N,0,2014-01-28 23:46:25.597000,PJHEID,2014-01-28 23:46:25.597000,PJHEID
1160075,1278158,1023040,N,1,2014-02-28 16:32:20.993000,PJHEID,2015-08-14 08:34:01.919000,JMLAGRO
1187789,1277894,1020978,Y,0,2014-02-04 20:05:55.516000,JUDITHSZEGEDI,2014-02-04 20:05:55.516000,DATA_FFIX_PCPIndicator_850493
1188669,1276758,1018561,N,0,2013-04-10 10:53:04.646000,JMLAGRO,2013-04-10 10:53:04.646000,JMLAGRO
1189208,1278003,1018985,N,0,2013-10-16 09:46:51.162000,JMLAGRO,2013-10-16 09:46:51.162000,JMLAGRO
1189217,1278003,1018986,N,0,2013-10-16 09:46:51.165000,JMLAGRO,2013-10-16 09:46:51.165000,JMLAGRO
1189203,1278003,1018984,N,0,2013-10-16 09:46:51.153000,JMLAGRO,2013-10-16 09:46:51.153000,JMLAGRO
1166885,1280604,1019385,Y,2,2013-11-15 15:53:45.238000,JMLAGRO,2015-07-28 12:34:25.061000,DataFix_PCPAffiliaion
1169015,1281060,1019526,N,1,2013-11-26 10:21:54.391000,JMLAGRO,2015-07-08 11:18:37.027000,PJHEID
1153814,1278281,1019993,Y,2,2013-12-31 07:09:40.607000,JMLAGRO,2015-07-17 09:42:20.221000,DATA_FFIX_PCPIndicator_850493
1162145,1280816,1023420,Y,1,2014-03-10 08:11:18.407000,JMLAGRO,2015-06-26 16:48:41.990000,DATA_FFIX_PCPIndicator_850493
1003118,1278356,1019529,N,1,2013-11-26 10:37:56.656000,JMLAGRO,2015-07-08 11:04:51.827000,DANIELLAESTRELLA
1163095,1278337,1019534,Y,0,2013-11-26 11:19:41.241000,JMLAGRO,2013-11-26 11:19:41.241000,DataFix_PCPAffiliaion
1155553,1280710,1019922,Y,0,2013-12-20 14:42:53.215000,JMLAGRO,2013-12-20 14:42:53.215000,DataFix_PCPAffiliaion
1183544,1280855,1019923,N,0,2013-12-20 14:49:21.988000,JMLAGRO,2013-12-20 14:49:21.988000,JMLAGRO
1165483,1281369,1019952,N,3,2013-12-27 07:35:56.073000,JMLAGRO,2015-07-31 15:38:39.677000,MAURICIOPENERAND
1000108,1281472,1019994,Y,1,2013-12-31 07:16:40.177000,JMLAGRO,2015-06-22 17:06:22.072000,DataFix_PCPAffiliaion
1155664,1281139,1019997,Y,3,2013-12-31 12:26:43.208000,DATAFFIX_PCPAffiliation,2015-12-04 10:46:40.952000,DATA_FFIX_PCPIndicator_850493
1000950,1280816,1023421,Y,1,2014-03-10 08:11:18.593000,JMLAGRO,2015-06-26 16:48:41.991000,DATA_FFIX_PCPIndicator_850493
1163095,1278448,1020077,N,0,2014-01-02 12:40:51.542000,JMLAGRO,2014-01-02 12:40:51.542000,JMLAGRO
1160955,1280816,1023422,Y,1,2014-03-10 08:11:18.614000,JMLAGRO,2015-06-26 16:48:41.990000,DATA_FFIX_PCPIndicator_850493
1186303,1281909,1020337,N,1,2014-01-14 12:55:12.487000,PJHEID,2015-07-20 15:15:20.650000,JMLAGRO
1000795,1281567,1020256,N,0,2014-01-10 15:20:37.037000,JMLAGRO,2014-01-10 15:20:37.037000,JMLAGRO
1157125,1277907,1018570,N,3,2013-07-01 10:44:06.779000,PJHEID,2015-07-17 09:47:51.591000,PJHEID
1159357,1280692,1019147,N,0,2013-10-30 07:05:35.119000,JMLAGRO,2013-10-30 07:05:35.119000,JMLAGRO
1155497,1280615,1019651,Y,0,2013-12-02 10:15:13.536000,JMLAGRO,2013-12-02 10:15:13.536000,DATA_FFIX_PCPIndicator_850493
1001549,1280758,1019493,N,0,2013-11-24 15:06:16.941000,PJHEID,2013-11-24 15:06:16.941000,PJHEID
1001549,1280179,1019652,N,0,2013-12-02 10:19:52.114000,JMLAGRO,2013-12-02 10:19:52.114000,JMLAGRO
1155497,1280603,1019650,Y,0,2013-12-02 10:11:51.561000,JMLAGRO,2013-12-02 10:11:51.561000,DATA_FFIX_PCPIndicator_850493
1163095,1278334,1019470,Y,0,2013-11-23 22:38:00.504000,PJHEID,2013-11-23 22:38:00.504000,DATA_FFIX_PCPIndicator_850493
1154779,1277237,1019662,N,4,2013-12-02 13:15:42.126000,PJHEID,2015-07-17 10:09:59.357000,JMLAGRO
1159303,1280109,1019682,N,0,2013-12-03 07:31:55.447000,JMLAGRO,2013-12-03 07:31:55.447000,JMLAGRO
1156276,1278627,1019692,N,3,2013-12-03 11:06:50.680000,JMLAGRO,2015-07-16 09:00:13.231000,JMLAGRO
1169015,1281330,1019716,N,1,2013-12-05 09:38:18.129000,JMLAGRO,2015-07-08 11:09:55.380000,PJHEID
1166116,1279211,1019718,N,2,2013-12-05 12:26:58.266000,JMLAGRO,2015-08-11 15:03:01.839000,CAROLREEVES
1001508,1277618,1019733,Y,0,2013-12-05 20:04:59.552000,PJHEID,2013-12-05 20:04:59.552000,DATA_FFIX_PCPIndicator_850493
1166116,1281044,1019750,N,2,2013-12-06 10:14:43.799000,JMLAGRO,2015-06-12 15:45:14.068000,MMANYGUNS
1167626,1280588,1019730,N,1,2013-12-05 13:59:11.051000,JMLAGRO,2015-06-24 14:48:00.631000,PJHEID
1281034,1281048,1020211,N,2,2014-01-10 10:53:27.902000,JMLAGRO,2015-08-07 11:26:06.231000,MMANYGUNS
1183618,1281254,1019883,N,0,2013-12-13 15:33:39.110000,JMLAGRO,2013-12-13 15:33:39.110000,JMLAGRO
1155497,1281680,1020790,N,0,2014-01-29 10:29:46.022000,PJHEID,2014-01-29 10:29:46.022000,PJHEID
1157851,1280750,1020149,Y,1,2014-01-06 13:25:44.080000,JMLAGRO,2015-06-22 09:35:47.416000,DataFix_PCPAffiliaion
1155664,1282514,1022165,Y,1,2014-02-12 12:33:34.883000,JMLAGRO,2018-03-07 08:10:39.827000,JMLAGRO
1162914,1282514,1022164,Y,1,2014-02-12 12:33:34.870000,JMLAGRO,2018-03-07 08:10:39.826000,JMLAGRO
1166885,1281545,1022367,Y,1,2014-02-15 14:00:29.389000,PJHEID,2015-07-17 09:22:36.320000,DataFix_PCPAffiliaion
1166885,1281836,1020950,Y,2,2014-02-04 11:30:42.113000,JMLAGRO,2015-07-30 15:11:02.703000,DataFix_PCPAffiliaion
1157851,1282502,1023338,N,0,2014-03-07 11:30:53.709000,PJHEID,2014-03-07 11:30:53.709000,PJHEID
1163095,1281598,1023364,N,1,2014-03-07 15:49:37.072000,PJHEID,2015-06-25 12:14:06.759000,CAROLREEVES
1157587,1278214,1018566,Y,0,2013-06-26 13:42:05.589000,PJHEID,2013-06-26 13:42:05.589000,DATA_FFIX_PCPIndicator_850493
1155397,1278214,1018567,Y,0,2013-06-26 13:42:05.740000,PJHEID,2013-06-26 13:42:05.740000,DATA_FFIX_PCPIndicator_850493
1155461,1278214,1018568,Y,0,2013-06-26 13:42:05.833000,PJHEID,2013-06-26 13:42:05.833000,DATA_FFIX_PCPIndicator_850493
1156082,1278214,1018569,Y,0,2013-06-26 13:42:05.843000,PJHEID,2013-06-26 13:42:05.843000,DATA_FFIX_PCPIndicator_850493
1183626,1279127,1018602,N,0,2013-08-30 14:35:51.706000,JMLAGRO,2013-08-30 14:35:51.706000,JMLAGRO
1162330,1279527,1018645,Y,0,2013-09-25 14:38:54.324000,PJHEID,2013-09-25 14:38:54.324000,DATA_FFIX_PCPIndicator_850493
1159436,1280173,1018612,N,1,2013-09-18 12:23:15.149000,JMLAGRO,2015-06-29 15:27:01.662000,JMLAGRO
1167767,1277311,1019252,N,1,2013-11-05 15:45:22.973000,PJHEID,2015-07-02 10:32:30.119000,JMLAGRO
1164697,1276873,1018719,N,3,2013-10-02 15:22:05.552000,PJHEID,2015-07-17 09:14:35.232000,NEERUSHARMA
1165183,1278335,1019373,Y,1,2013-11-15 15:11:08.852000,JMLAGRO,2015-06-29 15:08:00.882000,DataFix_PCPAffiliaion
1163185,1281110,1019365,N,1,2013-11-15 13:49:34.379000,JMLAGRO,2016-03-18 10:32:27.393000,DATA_FFIX_PCPIndicator_850493
1155371,1278335,1019374,Y,1,2013-11-15 15:11:08.862000,JMLAGRO,2015-06-29 15:08:00.881000,DataFix_PCPAffiliaion
1155387,1278335,1019375,Y,1,2013-11-15 15:11:08.868000,JMLAGRO,2015-06-29 15:08:00.881000,DataFix_PCPAffiliaion
1155452,1278335,1019376,Y,1,2013-11-15 15:11:08.873000,JMLAGRO,2015-06-29 15:08:00.881000,DataFix_PCPAffiliaion
1155347,1278335,1019377,Y,1,2013-11-15 15:11:08.878000,JMLAGRO,2015-06-29 15:08:00.880000,DataFix_PCPAffiliaion
1191348,1278689,1019390,N,0,2013-11-16 11:28:37.617000,JMLAGRO,2013-11-16 11:28:37.617000,JMLAGRO
1155497,1281025,1019388,N,2,2013-11-15 16:35:24.558000,PJHEID,2024-01-17 14:07:59.495000,DataFix_PCPAffiliaion
1182825,1278604,1019389,N,4,2013-11-16 11:19:24.213000,JMLAGRO,2015-08-10 17:28:19.329000,PJHEID
1162499,1279654,1019395,N,2,2013-11-16 12:16:16.560000,JMLAGRO,2015-07-15 12:50:57.234000,USHASHA
1159919,1279654,1019396,N,2,2013-11-16 12:16:16.584000,JMLAGRO,2015-07-15 12:50:57.233000,USHASHA
1157938,1279654,1019397,N,2,2013-11-16 12:16:16.627000,JMLAGRO,2015-07-15 12:50:57.234000,USHASHA
1161513,1279654,1019398,N,2,2013-11-16 12:16:16.645000,JMLAGRO,2015-07-15 12:50:57.233000,USHASHA
1166708,1279654,1019399,N,2,2013-11-16 12:16:16.677000,JMLAGRO,2015-07-15 12:50:57.234000,USHASHA
1162883,1281844,1022967,Y,1,2014-02-27 07:46:00.064000,JMLAGRO,2018-03-07 08:04:12.479000,JMLAGRO
1166250,1280189,1019469,N,0,2013-11-23 21:45:06.216000,PJHEID,2013-11-23 21:45:06.216000,PJHEID
1001549,1277386,1019525,N,0,2013-11-26 08:39:56.736000,JMLAGRO,2013-11-26 08:39:56.736000,JMLAGRO
1155553,1281713,1020293,Y,1,2014-01-13 11:21:50.282000,JMLAGRO,2018-03-07 08:02:24.275000,JMLAGRO
1155497,1280571,1019586,N,1,2013-11-27 14:54:33.288000,JMLAGRO,2015-06-22 10:55:32.827000,JMLAGRO
1155620,1277774,1019585,N,0,2013-11-27 14:43:13.178000,PJHEID,2013-11-27 14:43:13.178000,PJHEID
1155497,1280538,1019587,N,1,2013-11-27 15:14:12.069000,JMLAGRO,2015-06-24 14:42:16.528000,JMLAGRO
1166885,1280598,1022144,Y,2,2014-02-11 12:34:37.746000,JMLAGRO,2015-06-30 10:47:26.752000,DATA_FFIX_PCPIndicator_850493
1155644,1281844,1022968,Y,1,2014-02-27 07:46:00.068000,JMLAGRO,2018-03-07 08:04:12.478000,JMLAGRO
1003062,1279878,1018624,N,0,2013-09-23 14:04:24.990000,JMLAGRO,2013-09-23 14:04:24.990000,JMLAGRO
1155553,1281703,1020390,N,2,2014-01-15 15:58:24.160000,JMLAGRO,2015-07-31 15:59:36.550000,MAURICIOPENERAND
1155553,1281720,1020389,N,0,2014-01-15 15:52:58.295000,JMLAGRO,2014-01-15 15:52:58.295000,JMLAGRO
1186303,1282397,1020971,N,3,2014-02-04 15:40:47.517000,JMLAGRO,2015-07-13 10:12:14.818000,JMLAGRO
1155553,1280705,1020524,N,0,2014-01-22 12:50:31.393000,JMLAGRO,2014-01-22 12:50:31.393000,JMLAGRO
1163179,1282597,1022911,N,0,2014-02-25 13:14:57.188000,PJHEID,2014-02-25 13:14:57.188000,PJHEID
1162883,1282597,1022910,N,0,2014-02-25 13:14:57.164000,PJHEID,2014-02-25 13:14:57.164000,PJHEID
1164507,1282265,1022155,N,0,2014-02-11 15:47:57.466000,PJHEID,2014-02-11 15:47:57.466000,PJHEID
1155497,1283121,1023331,Y,1,2014-03-07 00:12:56.868000,PJHEID,2015-06-23 10:23:02.519000,DataFix_PCPAffiliaion
1166751,1282055,1022362,N,0,2014-02-15 11:47:45.497000,PJHEID,2014-02-15 11:47:45.497000,PJHEID
1182637,1280636,1023171,N,0,2014-03-03 18:41:03.269000,JOYSPEZIALE,2014-03-03 18:41:03.269000,JOYSPEZIALE
1204758,1281745,1023332,N,0,2014-03-07 00:38:05.816000,PJHEID,2014-03-07 00:38:05.816000,PJHEID
1163095,1283121,1023330,Y,1,2014-03-07 00:12:56.856000,PJHEID,2015-06-23 10:23:02.519000,DataFix_PCPAffiliaion
1169025,1281673,1022135,N,1,2014-02-11 09:45:29.957000,JMLAGRO,2015-07-08 11:33:58.038000,JMLAGRO
1157938,1279623,1019401,N,1,2013-11-16 12:47:55.948000,JMLAGRO,2015-06-04 15:03:59.812000,JMLAGRO
1191348,1278564,1019391,N,0,2013-11-16 11:37:31.385000,JMLAGRO,2013-11-16 11:37:31.385000,JMLAGRO
1159352,1281061,1022152,Y,0,2014-02-11 13:28:45.307000,JMLAGRO,2014-02-11 13:28:45.307000,DataFix_PCPAffiliaion
1161513,1279623,1019400,N,1,2013-11-16 12:47:55.938000,JMLAGRO,2015-06-04 15:03:59.812000,JMLAGRO
1166708,1279623,1019402,N,1,2013-11-16 12:47:55.966000,JMLAGRO,2015-06-04 15:03:59.813000,JMLAGRO
1162499,1279623,1019403,N,1,2013-11-16 12:47:55.972000,JMLAGRO,2015-06-04 15:03:59.814000,JMLAGRO
1159919,1279623,1019404,N,1,2013-11-16 12:47:55.979000,JMLAGRO,2015-06-04 15:03:59.813000,JMLAGRO
1157938,1279617,1019405,N,1,2013-11-16 13:00:27.736000,JMLAGRO,2015-06-30 15:57:10.010000,KARINARUIZ
1161513,1279617,1019406,N,1,2013-11-16 13:00:27.739000,JMLAGRO,2015-06-30 15:57:10.009000,KARINARUIZ
1166708,1279617,1019407,N,1,2013-11-16 13:00:27.742000,JMLAGRO,2015-06-30 15:57:10.010000,KARINARUIZ
1162499,1279617,1019408,N,1,2013-11-16 13:00:27.745000,JMLAGRO,2015-06-30 15:57:10.011000,KARINARUIZ
1159919,1279617,1019409,N,1,2013-11-16 13:00:27.750000,JMLAGRO,2015-06-30 15:57:10.010000,KARINARUIZ
1278145,1280416,1019412,Y,0,2013-11-16 13:27:42.467000,JMLAGRO,2013-11-16 13:27:42.467000,DataFix_PCPAffiliaion
1192257,1281649,1020523,N,0,2014-01-22 12:44:18.546000,JMLAGRO,2014-01-22 12:44:18.546000,JMLAGRO
1002960,1278093,1019471,N,3,2013-11-23 23:12:40.077000,PJHEID,2015-08-19 08:23:30.014000,PJHEID
1182924,1278093,1019472,N,3,2013-11-23 23:12:40.095000,PJHEID,2015-08-19 08:23:30.014000,PJHEID
1002960,1280357,1019473,N,1,2013-11-23 23:12:40.202000,guestUser,2015-08-19 08:26:47.777000,PJHEID
1182924,1280357,1019474,N,1,2013-11-23 23:12:40.208000,guestUser,2015-08-19 08:26:47.777000,PJHEID
1155497,1280535,1019584,N,2,2013-11-27 13:33:13.961000,JMLAGRO,2015-06-24 13:51:28.352000,CAROLREEVES
1278142,1278143,1018575,N,1,2013-07-02 15:27:00.326000,JMLAGRO,2015-07-22 14:55:32.813000,PJHEID
1188669,1276761,1019413,N,0,2013-11-16 13:53:54.938000,JMLAGRO,2013-11-16 13:53:54.938000,JMLAGRO
1155664,1280311,1018606,Y,1,2013-09-16 14:00:24.825000,PJHEID,2015-07-10 10:22:59.059000,DataFix_PCPAffiliaion
1191604,1280837,1019392,N,0,2013-11-16 11:45:28.797000,JMLAGRO,2013-11-16 11:45:28.797000,JMLAGRO
1191348,1279097,1019393,N,3,2013-11-16 11:52:17.106000,JMLAGRO,2015-06-29 13:46:46.685000,PJHEID
1191604,1278835,1019414,N,0,2013-11-16 14:39:00.762000,JMLAGRO,2013-11-16 14:39:00.762000,JMLAGRO
1191604,1278868,1019415,N,0,2013-11-16 14:48:19.843000,JMLAGRO,2013-11-16 14:48:19.843000,JMLAGRO
1155480,1279494,1019416,Y,2,2013-11-16 14:59:46.754000,JMLAGRO,2015-12-24 11:56:39.610000,MMANYGUNS
1192234,1280285,1019468,N,0,2013-11-23 21:08:22.452000,PJHEID,2013-11-23 21:08:22.452000,PJHEID
1155497,1280605,1019599,N,1,2013-11-27 15:43:05.130000,JMLAGRO,2015-06-22 13:02:12.175000,JMLAGRO
1190885,1280662,1019467,N,2,2013-11-23 20:38:42.169000,PJHEID,2015-07-15 13:48:51.956000,MMANYGUNS
1163185,1281249,1019524,N,3,2013-11-26 08:31:52.767000,JMLAGRO,2016-03-18 10:31:18.220000,DATA_FFIX_PCPIndicator_850493
1166250,1281312,1019606,N,0,2013-11-29 15:36:23.480000,PJHEID,2013-11-29 15:36:23.480000,PJHEID
1155497,1281812,1020453,Y,0,2014-01-19 20:53:38.321000,PJHEID,2014-01-19 20:53:38.321000,DataFix_PCPAffiliaion
1162384,1278316,1020520,N,1,2014-01-21 21:30:13.012000,PJHEID,2015-06-08 12:38:38.813000,MMANYGUNS
1167767,1277416,1020515,N,1,2014-01-21 14:02:47.018000,PJHEID,2015-07-02 10:31:51.959000,JMLAGRO
1166236,1279619,1019417,N,1,2013-11-16 15:33:14.736000,JMLAGRO,2015-06-04 15:04:28.614000,JMLAGRO
1166708,1279619,1019418,N,1,2013-11-16 15:33:14.773000,JMLAGRO,2015-06-04 15:04:28.613000,JMLAGRO
1162499,1279619,1019419,N,1,2013-11-16 15:33:14.777000,JMLAGRO,2015-06-04 15:04:28.615000,JMLAGRO
1159919,1279619,1019420,N,1,2013-11-16 15:33:14.781000,JMLAGRO,2015-06-04 15:04:28.613000,JMLAGRO
1157938,1279619,1019421,N,1,2013-11-16 15:33:14.784000,JMLAGRO,2015-06-04 15:04:28.614000,JMLAGRO
1161513,1279619,1019422,N,1,2013-11-16 15:33:14.788000,JMLAGRO,2015-06-04 15:04:28.613000,JMLAGRO
1166786,1280443,1019476,Y,4,2013-11-24 09:09:31.742000,PJHEID,2015-07-15 14:02:25.132000,DataFix_PCPAffiliaion
1155337,1280443,1019477,Y,4,2013-11-24 09:09:31.748000,PJHEID,2015-07-15 14:02:25.130000,DataFix_PCPAffiliaion
1155497,1280606,1019600,N,3,2013-11-27 15:47:46.879000,JMLAGRO,2015-06-24 15:13:49.947000,USHASHA
1155497,1280558,1019597,Y,1,2013-11-27 15:35:26.451000,JMLAGRO,2015-06-24 13:41:27.666000,DATA_FFIX_PCPIndicator_850493
1155497,1280562,1019598,Y,1,2013-11-27 15:38:47.909000,JMLAGRO,2015-08-10 08:20:06.104000,DATA_FFIX_PCPIndicator_850493
1155497,1280607,1019601,N,1,2013-11-27 15:51:14.794000,JMLAGRO,2015-06-24 13:42:11.107000,JMLAGRO
1155497,1280608,1019602,Y,0,2013-11-27 15:58:22.335000,JMLAGRO,2013-11-27 15:58:22.335000,DATA_FFIX_PCPIndicator_850493
1191604,1278872,1019622,N,0,2013-11-30 10:05:52.167000,PJHEID,2013-11-30 10:05:52.167000,PJHEID
1167006,1281320,1019636,Y,1,2013-12-01 15:33:52.872000,PJHEID,2018-03-07 07:57:13.908000,DataFix_906400
1160197,1282336,1023153,N,3,2014-03-03 17:06:23.005000,PJHEID,2015-07-23 07:53:38.403000,PJHEID
1204196,1281894,1022132,N,0,2014-02-11 09:01:20.881000,JMLAGRO,2014-02-11 09:01:20.881000,JMLAGRO
1162284,1278028,1018609,N,1,2013-09-18 11:29:08.647000,PJHEID,2015-07-10 10:24:09.618000,PJHEID
1277925,1277939,1018572,N,1,2013-07-02 13:37:19.536000,JMLAGRO,2015-06-16 11:40:06.572000,MMANYGUNS
1191348,1278071,1018574,N,0,2013-07-02 15:21:03.197000,JMLAGRO,2013-07-02 15:21:03.197000,JMLAGRO
1162284,1278020,1018610,N,1,2013-09-18 12:09:29.040000,PJHEID,2015-07-31 15:13:08.981000,PJHEID
1277686,1276819,1018639,N,0,2013-09-25 09:14:02.004000,JMLAGRO,2013-09-25 09:14:02.004000,JMLAGRO
1185530,1277060,1018992,N,0,2013-10-21 10:09:43.115000,guestUser,2013-10-21 10:09:43.115000,PJHEID
1186303,1281212,1019466,N,0,2013-11-23 17:58:54.582000,PJHEID,2013-11-23 17:58:54.582000,PJHEID
1002956,1280345,1019423,N,0,2013-11-16 15:55:37.816000,JMLAGRO,2013-11-16 15:55:37.816000,JMLAGRO
1156276,1277345,1019479,N,0,2013-11-24 11:22:36.579000,PJHEID,2013-11-24 11:22:36.579000,PJHEID
1164691,1279489,1019475,Y,0,2013-11-23 23:27:15.231000,DATAFFIX_PCPAffiliation,2013-11-23 23:27:15.231000,DATAFFIX_PCPAffiliation
1000221,1277050,1019480,Y,0,2013-11-24 12:14:26.128000,PJHEID,2013-11-24 12:14:26.128000,DataFix_PCPAffiliaion
1000221,1277149,1019486,N,0,2013-11-24 12:57:57.184000,PJHEID,2013-11-24 12:57:57.184000,PJHEID
1000221,1277999,1019491,N,0,2013-11-24 13:32:16.374000,PJHEID,2013-11-24 13:32:16.374000,PJHEID
1000596,1280638,1019605,Y,1,2013-11-29 14:53:12.528000,PJHEID,2017-05-18 12:51:58.204000,PJHEID
1157694,1278322,1019503,N,1,2013-11-25 21:37:54.650000,PJHEID,2015-07-17 15:36:53.811000,ESTHERSHAHPAR
1163095,1277799,1019535,N,0,2013-11-26 11:35:04.374000,JMLAGRO,2013-11-26 11:35:04.374000,JMLAGRO
1167767,1277248,1019626,N,3,2013-11-30 14:40:02.558000,PJHEID,2015-07-02 10:29:51.471000,NEERUSHARMA
1191604,1278895,1019621,N,0,2013-11-30 09:49:39.381000,PJHEID,2013-11-30 09:49:39.381000,PJHEID
1155470,1281141,1019632,N,2,2013-12-01 09:17:34.047000,PJHEID,2015-06-17 15:35:54.542000,MMANYGUNS
1155553,1280708,1019637,Y,2,2013-12-01 18:32:58.426000,PJHEID,2015-07-27 09:04:33.099000,DataFix_PCPAffiliaion
1155497,1280550,1019646,Y,0,2013-12-02 09:57:43.898000,JMLAGRO,2013-12-02 09:57:43.898000,DATA_FFIX_PCPIndicator_850493
1169026,1280027,1019688,N,0,2013-12-03 08:27:46.036000,JMLAGRO,2013-12-03 08:27:46.036000,JMLAGRO
1155370,1281357,1019814,Y,1,2013-12-12 21:09:05.688000,PJHEID,2018-03-07 07:58:17.419000,PJHEID
1163095,1279889,1019686,N,0,2013-12-03 08:10:21.298000,JMLAGRO,2013-12-03 08:10:21.298000,JMLAGRO
1167749,1281357,1019815,N,0,2013-12-12 21:09:05.897000,PJHEID,2013-12-12 21:09:05.897000,PJHEID
1162177,1281357,1019813,N,0,2013-12-12 21:09:05.673000,PJHEID,2013-12-12 21:09:05.673000,PJHEID
1003051,1280877,1019874,N,1,2013-12-13 14:32:56.622000,JMLAGRO,2015-06-16 11:41:51.051000,MMANYGUNS
1155553,1280735,1019888,Y,0,2013-12-17 10:03:15.084000,JMLAGRO,2013-12-17 10:03:15.084000,DataFix_PCPAffiliaion
1182753,1278160,1019910,N,0,2013-12-19 14:45:11.088000,PJHEID,2013-12-19 14:45:11.088000,PJHEID
1184918,1281407,1019953,N,0,2013-12-27 07:40:32.629000,JMLAGRO,2013-12-27 07:40:32.629000,JMLAGRO
1166116,1281001,1019921,N,2,2013-12-20 11:58:33.569000,JMLAGRO,2015-06-30 17:40:13.088000,CAROLREEVES
1182038,1278761,1019971,N,2,2013-12-27 12:48:57.523000,JMLAGRO,2015-07-29 16:11:21.211000,MMANYGUNS
1003134,1281200,1019995,N,0,2013-12-31 07:22:46.637000,JMLAGRO,2013-12-31 07:22:46.637000,JMLAGRO
1161513,1280600,1020183,N,5,2014-01-09 12:00:05.555000,JMLAGRO,2015-07-17 10:29:53.477000,JMLAGRO
1162499,1280600,1020182,N,5,2014-01-09 12:00:05.550000,JMLAGRO,2015-07-17 10:29:53.477000,JMLAGRO
1157938,1280600,1020184,N,5,2014-01-09 12:00:05.559000,JMLAGRO,2015-07-17 10:29:53.476000,JMLAGRO
1166708,1280600,1020185,N,5,2014-01-09 12:00:05.564000,JMLAGRO,2015-07-17 10:29:53.477000,JMLAGRO
1169015,1281353,1023121,N,1,2014-03-03 13:51:38.417000,JMLAGRO,2015-07-08 11:09:36.965000,PJHEID
1155553,1281686,1020780,N,2,2014-01-28 00:27:45.857000,PJHEID,2015-06-25 17:05:41.550000,USHASHA
1163095,1278339,1020078,Y,0,2014-01-02 12:47:11.780000,JMLAGRO,2014-01-02 12:47:11.780000,DataFix_PCPAffiliaion
1166751,1282053,1021658,N,0,2014-02-08 09:12:44.696000,PJHEID,2014-02-08 09:12:44.696000,PJHEID
1163095,1279931,1020419,N,1,2014-01-16 23:05:18.862000,PJHEID,2015-06-22 10:19:36.680000,CAROLREEVES
1169003,1281359,1021197,N,0,2014-02-06 19:02:42.204000,JOYSPEZIALE,2014-02-06 19:02:42.204000,JOYSPEZIALE
1187118,1282660,1022969,N,1,2014-02-27 07:55:32.985000,JMLAGRO,2015-07-02 11:55:01.539000,MMANYGUNS
1182772,1276765,1023001,N,0,2014-02-28 13:47:32.990000,PJHEID,2014-02-28 13:47:32.990000,PJHEID
1159352,1281079,1020951,Y,2,2014-02-04 12:12:10.659000,JMLAGRO,2018-03-07 07:56:27.593000,JMLAGRO
1155469,1282956,1023300,N,0,2014-03-06 14:38:52.316000,JOYSPEZIALE,2014-03-06 14:38:52.316000,JOYSPEZIALE
1155470,1281693,1023123,N,2,2014-03-03 13:58:31.171000,JMLAGRO,2015-07-20 12:57:52.221000,SKOEHLY
1162220,1281670,1023587,N,0,2014-03-12 23:11:43.956000,JMLAGRO,2014-03-12 23:11:43.956000,JMLAGRO
1191604,1282373,1023602,N,0,2014-03-13 10:39:20.781000,PJHEID,2014-03-13 10:39:20.781000,PJHEID
1167006,1282431,1023586,Y,1,2014-03-12 22:59:32.562000,JMLAGRO,2015-06-29 17:10:02.910000,DataFix_PCPAffiliaion
1169013,1281792,1023621,N,0,2014-03-13 13:59:29.866000,JMLAGRO,2014-03-13 13:59:29.866000,JMLAGRO
1157665,1282501,1023684,N,0,2014-03-15 00:52:55.579000,PJHEID,2014-03-15 00:52:55.579000,PJHEID
1167001,1281408,1023683,Y,1,2014-03-14 19:22:18.681000,JUDITHSZEGEDI,2018-03-07 07:58:44.918000,JUDITHSZEGEDI
1156276,1278779,1023696,N,2,2014-03-17 13:39:59.413000,JMLAGRO,2015-06-05 14:13:39.094000,USHASHA
1188668,1281293,1023672,N,1,2014-03-14 16:07:17.672000,PJHEID,2015-06-29 13:06:25.173000,JMLAGRO
1160197,1282643,1023715,N,0,2014-03-17 16:55:02.398000,PJHEID,2014-03-17 16:55:02.398000,PJHEID
1160197,1282631,1024152,N,1,2014-03-18 13:24:12.774000,JMLAGRO,2015-07-30 08:31:51.682000,PJHEID
1155469,1279591,1024177,Y,0,2014-03-19 15:38:30.628000,ZOEASANDY,2014-03-19 15:38:30.628000,DATA_FFIX_PCPIndicator_850493
1166661,1282520,1024203,N,5,2014-03-20 13:39:11.168000,JMLAGRO,2015-07-20 15:45:22.175000,CAROLREEVES
1191348,1280674,1023713,N,0,2014-03-17 14:48:02.853000,PJHEID,2014-03-17 14:48:02.853000,PJHEID
1165295,1282520,1024204,N,4,2014-03-20 13:39:11.193000,JMLAGRO,2015-07-20 15:45:22.175000,CAROLREEVES
1183544,1282526,1024200,N,0,2014-03-20 11:06:03.441000,JMLAGRO,2014-03-20 11:06:03.441000,JMLAGRO
1155474,1280452,1024224,Y,1,2014-03-20 15:45:02.666000,JUDITHSZEGEDI,2018-03-06 16:30:52.615000,JUDITHSZEGEDI
1155473,1280452,1024225,Y,1,2014-03-20 15:45:02.669000,JUDITHSZEGEDI,2018-03-06 16:30:52.615000,JUDITHSZEGEDI
1155476,1280452,1024226,Y,1,2014-03-20 15:45:02.671000,JUDITHSZEGEDI,2018-03-06 16:30:52.613000,JUDITHSZEGEDI
1166751,1282069,1024251,N,0,2014-03-21 12:34:01.951000,PJHEID,2014-03-21 12:34:01.951000,PJHEID
1280943,1281096,1024298,N,0,2014-03-24 11:25:00.906000,JMLAGRO,2014-03-24 11:25:00.906000,JMLAGRO
1001549,1280954,1024260,N,1,2014-03-21 13:32:28.171000,JMLAGRO,2019-06-28 10:23:39.896000,DATA_FFIX_PCPIndicator_850493
1155485,1280452,1024223,Y,1,2014-03-20 15:45:02.662000,JUDITHSZEGEDI,2018-03-06 16:30:52.616000,JUDITHSZEGEDI
1280943,1281102,1024299,N,0,2014-03-24 11:25:00.961000,guestUser,2014-03-24 11:25:00.961000,JMLAGRO
1160006,1281655,1024306,N,0,2014-03-24 12:22:24.914000,JMLAGRO,2014-03-24 12:22:24.914000,JMLAGRO
1163095,1281698,1024357,N,1,2014-03-25 07:14:22.502000,JMLAGRO,2015-07-20 15:59:01.744000,CAROLREEVES
1186303,1283631,1024359,N,0,2014-03-25 07:23:47.115000,JMLAGRO,2014-03-25 07:23:47.115000,JMLAGRO
1156931,1282721,1024334,N,0,2014-03-24 15:40:56.524000,JMLAGRO,2014-03-24 15:40:56.524000,JMLAGRO
1183544,1283092,1024358,N,0,2014-03-25 07:18:29.598000,JMLAGRO,2014-03-25 07:18:29.598000,JMLAGRO
1155478,1282112,1024498,Y,0,2014-03-27 10:50:00.114000,PJHEID,2014-03-27 10:50:00.114000,DataFix_PCPAffiliaion
1155481,1282112,1024497,Y,0,2014-03-27 10:50:00.103000,PJHEID,2014-03-27 10:50:00.103000,DataFix_PCPAffiliaion
1159407,1282758,1024499,N,0,2014-03-27 11:30:29.219000,JMLAGRO,2014-03-27 11:30:29.219000,JMLAGRO
1155664,1279503,1024500,Y,3,2014-03-27 11:39:53.372000,LISACAMPBELL,2015-07-13 10:38:04.143000,DATA_FFIX_PCPIndicator_850493
1166751,1282046,1024573,N,1,2014-03-28 07:57:56.631000,JMLAGRO,2015-06-30 10:23:36.395000,JMLAGRO
1159436,1283334,1024504,N,2,2014-03-27 12:54:13.719000,PJHEID,2015-07-23 08:15:14.520000,PJHEID
1183604,1282586,1024657,N,0,2014-04-01 12:29:58.612000,JMLAGRO,2014-04-01 12:29:58.612000,JMLAGRO
1166751,1282008,1024572,N,1,2014-03-28 07:54:27.681000,JMLAGRO,2015-06-23 09:29:13.394000,JMLAGRO
1164492,1283024,1024687,N,3,2014-04-02 12:24:57.187000,JMLAGRO,2015-07-21 08:19:22.500000,CAROLREEVES
1157665,1283080,1024599,N,1,2014-03-28 15:19:01.288000,JMLAGRO,2015-06-29 11:00:55.762000,JMLAGRO
1163095,1282577,1024686,N,1,2014-04-02 12:19:16.585000,JMLAGRO,2015-06-29 11:40:02.770000,CAROLREEVES
1003311,1278883,1024661,N,0,2014-04-01 15:24:33.220000,PJHEID,2014-04-01 15:24:33.220000,PJHEID
1186303,1282991,1024683,N,0,2014-04-02 11:33:58.831000,JMLAGRO,2014-04-02 11:33:58.831000,JMLAGRO
1162145,1283024,1024688,N,3,2014-04-02 12:24:57.190000,JMLAGRO,2015-07-21 08:19:22.501000,CAROLREEVES
1162883,1281962,1024656,N,0,2014-04-01 07:33:35.199000,JMLAGRO,2014-04-01 07:33:35.199000,JMLAGRO
1164492,1283524,1024778,N,0,2014-04-03 23:54:57.123000,PJHEID,2014-04-03 23:54:57.123000,PJHEID
1162914,1283781,1024711,N,1,2014-04-02 14:11:29.302000,PJHEID,2015-06-23 12:36:33.777000,JMLAGRO
1191348,1283279,1024762,N,0,2014-04-03 07:19:00.334000,JMLAGRO,2014-04-03 07:19:00.334000,JMLAGRO
1159411,1280589,1024722,Y,1,2014-04-02 15:23:19.997000,ZOEASANDY,2015-07-15 16:09:00.246000,DATA_FFIX_PCPIndicator_850493
1191604,1283280,1024698,N,0,2014-04-02 12:41:13.622000,JMLAGRO,2014-04-02 12:41:13.622000,JMLAGRO
1167626,1280589,1024723,Y,1,2014-04-02 15:23:20.000000,ZOEASANDY,2015-07-15 16:09:00.247000,DATA_FFIX_PCPIndicator_850493
1280895,1280896,1024905,N,2,2014-04-07 12:27:05.325000,JMLAGRO,2015-07-21 10:29:32.252000,BRENDAPEREZESCOB
1159436,1283524,1024779,N,0,2014-04-03 23:54:57.127000,PJHEID,2014-04-03 23:54:57.127000,PJHEID
1156276,1278649,1024889,N,0,2014-04-07 11:17:49.687000,JMLAGRO,2014-04-07 11:17:49.687000,JMLAGRO
1192713,1282738,1024906,N,0,2014-04-07 12:33:35.887000,PJHEID,2014-04-07 12:33:35.887000,PJHEID
1192713,1282790,1024907,N,0,2014-04-07 12:33:35.929000,guestUser,2014-04-07 12:33:35.929000,PJHEID
1155334,1283216,1024822,N,4,2014-04-04 14:54:53.729000,JMLAGRO,2016-07-22 17:28:00.319735,DataFix_ESPRD01179089
1155349,1283216,1024823,Y,4,2014-04-04 14:54:53.732000,JMLAGRO,2015-06-09 10:57:39.589000,DataFix_PCPAffiliaion
1153814,1282568,1024909,N,0,2014-04-07 12:41:11.540000,JMLAGRO,2014-04-07 12:41:11.540000,JMLAGRO
1188669,1278224,1024984,N,0,2014-04-07 17:19:06.347000,PJHEID,2014-04-07 17:19:06.347000,PJHEID
1189208,1280976,1025002,N,0,2014-04-08 00:32:53.110000,guestUser,2014-04-08 00:32:53.110000,PJHEID
1189217,1280976,1025003,N,0,2014-04-08 00:32:53.129000,guestUser,2014-04-08 00:32:53.129000,PJHEID
1188669,1279535,1025045,N,0,2014-04-08 11:00:28.569000,KWOODALL,2014-04-08 11:00:28.569000,KWOODALL
1188670,1279535,1025044,N,0,2014-04-08 11:00:28.565000,KWOODALL,2014-04-08 11:00:28.565000,KWOODALL
1166751,1282057,1025062,N,2,2014-04-08 12:17:53.001000,JMLAGRO,2015-06-29 12:19:25.505000,MMANYGUNS
1156168,1283236,1025214,Y,0,2014-04-08 17:30:08.038000,PJHEID,2014-04-08 17:30:08.038000,DataFix_PCPAffiliaion
1157665,1283321,1025215,N,0,2014-04-08 17:35:15.908000,PJHEID,2014-04-08 17:35:15.908000,PJHEID
1189217,1283476,1025309,N,0,2014-04-09 13:29:23.352000,KWOODALL,2014-04-09 13:29:23.352000,KWOODALL
1167626,1280584,1025227,Y,1,2014-04-08 18:05:34.274000,JUDITHSZEGEDI,2015-12-28 13:51:48.850000,DATA_FFIX_PCPIndicator_850493
1167001,1283408,1025213,N,0,2014-04-08 17:24:04.473000,PJHEID,2014-04-08 17:24:04.473000,PJHEID
1155497,1281270,1025252,Y,1,2014-04-08 21:08:31.680000,guestUser,2018-03-07 07:56:51.103000,PJHEID
1189208,1283480,1025310,N,0,2014-04-09 13:29:23.428000,guestUser,2014-04-09 13:29:23.428000,KWOODALL
1189217,1283480,1025311,N,0,2014-04-09 13:29:23.432000,guestUser,2014-04-09 13:29:23.432000,KWOODALL
1191348,1284114,1025353,N,0,2014-04-09 15:32:55.597000,JMLAGRO,2014-04-09 15:32:55.597000,JMLAGRO
1162914,1284149,1025361,Y,1,2014-04-09 16:37:45.135000,PJHEID,2015-06-23 13:16:58.717000,DataFix_PCPAffiliaion
1163095,1283347,1025396,N,0,2014-04-10 08:31:38.118000,KWOODALL,2014-04-10 08:31:38.118000,KWOODALL
1163095,1283030,1025397,N,0,2014-04-10 08:34:21.612000,KWOODALL,2014-04-10 08:34:21.612000,KWOODALL
1189208,1283476,1025308,N,0,2014-04-09 13:29:23.349000,KWOODALL,2014-04-09 13:29:23.349000,KWOODALL
1166751,1282115,1025398,N,0,2014-04-10 09:33:31.285000,JMLAGRO,2014-04-10 09:33:31.285000,JMLAGRO
1155349,1283396,1025423,Y,0,2014-04-10 13:55:07.596000,KWOODALL,2014-04-10 13:55:07.596000,DataFix_PCPAffiliaion
1155497,1283304,1025394,Y,1,2014-04-10 07:52:08.016000,KWOODALL,2015-08-10 08:19:12.181000,DATA_FFIX_PCPIndicator_850493
1162220,1283416,1025395,N,2,2014-04-10 08:09:53.924000,KWOODALL,2015-07-29 07:35:27.181000,JMLAGRO
1155334,1283396,1025422,N,0,2014-04-10 13:55:07.593000,KWOODALL,2016-07-22 17:28:00.319735,DataFix_ESPRD01179089
1000678,1283651,1025479,N,0,2014-04-11 08:39:01.867000,KWOODALL,2014-04-11 08:39:01.867000,KWOODALL
1157665,1283653,1025482,N,1,2014-04-11 08:46:23.634000,KWOODALL,2015-06-22 14:05:49.315000,JMLAGRO
1000368,1283651,1025480,N,0,2014-04-11 08:39:01.902000,KWOODALL,2014-04-11 08:39:01.902000,KWOODALL
1000777,1284212,1025481,N,0,2014-04-11 08:43:59.794000,JMLAGRO,2014-04-11 08:43:59.794000,JMLAGRO
1001393,1284217,1025483,Y,0,2014-04-11 08:56:05.101000,JMLAGRO,2014-04-11 08:56:05.101000,DataFix_PCPAffiliaion
1000713,1284221,1025484,N,0,2014-04-11 09:34:09.747000,JMLAGRO,2016-07-22 17:28:00.319735,DataFix_ESPRD01179089
1001393,1284231,1025485,Y,1,2014-04-11 09:43:49.338000,JMLAGRO,2015-06-26 12:23:54.113000,DataFix_PCPAffiliaion
1000777,1283945,1025486,N,0,2014-04-11 09:56:31.560000,JMLAGRO,2014-04-11 09:56:31.560000,JMLAGRO
1000950,1283442,1025528,Y,1,2014-04-11 16:49:39.234000,PJHEID,2016-02-26 09:02:14.999000,PJHEID
1162883,1283462,1025529,Y,0,2014-04-11 16:54:50.457000,PJHEID,2014-04-11 16:54:50.457000,DATA_FFIX_PCPIndicator_850493
1156878,1283463,1025530,Y,1,2014-04-11 17:00:42.572000,DATAFFIX_PCPAffiliation,2015-06-30 15:26:59.133000,DATAFFIX_PCPAffiliation
1000950,1283359,1025527,Y,1,2014-04-11 16:44:16.883000,PJHEID,2015-12-14 16:03:23.665000,DATA_FFIX_PCPIndicator_850493
1163095,1277663,1025697,N,0,2014-04-15 15:17:40.409000,LISACAMPBELL,2014-04-15 15:17:40.409000,LISACAMPBELL
1155503,1282506,1025833,N,0,2014-04-16 13:59:45.107000,guestUser,2014-04-16 13:59:45.107000,KARCHARVAT
1164697,1279785,1026671,N,5,2014-05-12 16:23:09.329000,KWOODALL,2015-07-01 14:51:34.740000,USHASHA
1155664,1285747,1026599,N,1,2014-05-06 13:09:00.358000,PJHEID,2015-06-24 13:52:15.455000,JMLAGRO
1169026,1283876,1026798,N,0,2014-05-19 12:36:23.242000,PJHEID,2014-05-19 12:36:23.242000,PJHEID
1157665,1284176,1026030,N,2,2014-04-17 12:32:33.099000,KWOODALL,2015-07-17 09:25:21.750000,CAROLREEVES
1155497,1284029,1026751,N,1,2014-05-15 09:04:57.280000,PJHEID,2025-05-06 09:40:33.165000,DATA_FFIX_PCPIndicator_850493
1155497,1279371,1026862,N,0,2014-05-20 13:52:08.526000,PJHEID,2014-05-20 13:52:08.526000,PJHEID
1161425,1278313,1027007,N,0,2014-05-27 15:39:54.960000,BRENDAPEREZESCOB,2014-05-27 15:39:54.960000,BRENDAPEREZESCOB
1157851,1281348,1026933,Y,1,2014-05-23 14:50:33.692000,PJHEID,2018-03-07 07:57:35.245000,PJHEID
1161425,1278287,1027011,N,10,2014-05-27 16:18:31.911000,BRENDAPEREZESCOB,2015-07-07 13:39:42.025000,PJHEID
1161425,1278636,1027046,N,1,2014-05-28 14:29:31.528000,RACHELSPANGENBER,2016-05-27 18:09:16.460371,DataFix_906400
1001674,1282601,1027194,N,0,2014-06-02 12:37:10.525000,KWOODALL,2014-06-02 12:37:10.525000,KWOODALL
1161425,1278371,1027052,N,3,2014-05-28 15:49:25.676000,IFRANKHAN,2015-07-17 15:58:57.062000,PJHEID
1000368,1285205,1034362,Y,4,2014-06-16 14:31:07.173000,PJHEID,2015-07-17 10:49:41.103000,DataFix_PCPAffiliaion
1155370,1286842,1027136,Y,1,2014-05-30 17:46:34.984000,ZULEIMARUIZ,2018-03-07 08:39:34.367000,ZULEIMARUIZ
1183591,1286765,1034342,N,0,2014-06-16 07:14:48.245000,KWOODALL,2014-06-16 07:14:48.245000,KWOODALL
1183591,1286771,1034343,N,0,2014-06-16 07:44:26.702000,KWOODALL,2014-06-16 07:44:26.702000,KWOODALL
1166885,1288275,1034356,N,0,2014-06-16 12:53:57.053000,KWOODALL,2014-06-16 12:53:57.053000,KWOODALL
1000678,1285205,1034363,Y,4,2014-06-16 14:31:07.175000,PJHEID,2015-07-17 10:49:41.103000,DataFix_PCPAffiliaion
1000678,1284685,1034451,N,0,2014-06-17 11:30:58.190000,JMLAGRO,2014-06-17 11:30:58.190000,JMLAGRO
1000368,1285315,1034374,Y,1,2014-06-16 15:03:03.187000,JMLAGRO,2015-06-24 11:39:31.531000,DataFix_PCPAffiliaion
1000678,1285315,1034375,Y,1,2014-06-16 15:03:03.189000,JMLAGRO,2015-06-24 11:39:31.532000,DataFix_PCPAffiliaion
1000368,1284685,1034452,N,0,2014-06-17 11:30:58.192000,JMLAGRO,2014-06-17 11:30:58.192000,JMLAGRO
1000368,1284788,1034774,Y,1,2014-06-19 15:43:23.159000,JMLAGRO,2015-06-05 11:50:55.591000,DATA_FFIX_PCPIndicator_850493
1000678,1284788,1034775,Y,1,2014-06-19 15:43:23.161000,JMLAGRO,2015-06-05 11:50:55.591000,DATA_FFIX_PCPIndicator_850493
1000368,1285623,1034776,N,1,2014-06-19 15:45:56.180000,KARINARUIZ,2015-06-25 09:15:43.530000,JMLAGRO
1000678,1285623,1034777,N,1,2014-06-19 15:45:56.183000,KARINARUIZ,2015-06-25 09:15:43.530000,MMANYGUNS
1000678,1287020,1035891,N,2,2014-06-25 16:12:06.377000,NAKARRIABELL,2015-07-17 12:24:03.548000,CAROLREEVES
1000678,1285642,1034794,Y,1,2014-06-19 15:59:13.444000,NAKARRIABELL,2019-04-12 13:58:50.559000,NAKARRIABELL
1000368,1285642,1034795,N,2,2014-06-19 15:59:13.447000,NAKARRIABELL,2025-10-08 13:05:27.636000,NAKARRIABELL
1167457,1285642,1034796,N,0,2014-06-19 15:59:13.449000,NAKARRIABELL,2014-06-19 15:59:13.449000,NAKARRIABELL
1000368,1286129,1035256,N,4,2014-06-23 12:32:17.132000,BRENDASOTO,2015-08-11 13:03:37.715000,JMLAGRO
1000678,1286129,1035257,N,2,2014-06-23 12:32:17.135000,BRENDASOTO,2015-06-18 10:55:33.233000,JMLAGRO
1001393,1285425,1035531,N,0,2014-06-24 14:08:59.636000,DANIELLAESTRELLA,2014-06-24 14:08:59.636000,DANIELLAESTRELLA
1000368,1287020,1035890,N,2,2014-06-25 16:12:06.374000,NAKARRIABELL,2015-07-17 12:24:03.549000,CAROLREEVES
1000678,1285819,1035892,Y,1,2014-06-25 16:18:37.516000,DANIELLAESTRELLA,2015-06-29 10:05:35.454000,DataFix_PCPAffiliaion
1000368,1286921,1035862,Y,0,2014-06-25 14:53:59.284000,DENISSEMORENO,2014-06-25 14:53:59.284000,DataFix_PCPAffiliaion
1000368,1285819,1035893,Y,1,2014-06-25 16:18:37.518000,DANIELLAESTRELLA,2015-06-29 10:05:35.454000,DataFix_PCPAffiliaion
1000368,1289043,1036262,N,0,2014-06-27 14:01:13.265000,DENISSEMORENO,2014-06-27 14:01:13.265000,DENISSEMORENO
1164517,1287643,1038376,N,1,2014-07-08 13:58:32.755000,DENISSEMORENO,2015-05-29 10:06:44.236000,PJHEID
1000368,1289049,1037230,Y,5,2014-07-01 16:00:04.412000,KARINARUIZ,2015-06-30 14:13:36.926000,DATA_FFIX_PCPIndicator_850493
1001393,1286539,1036117,Y,1,2014-06-27 08:55:28.597000,ZULEIMARUIZ,2018-03-07 08:38:56.049000,ZULEIMARUIZ
1281119,1289006,1036015,N,0,2014-06-26 13:35:44.161000,KWOODALL,2014-06-26 13:35:44.161000,KWOODALL
1000678,1289043,1036261,N,0,2014-06-27 14:01:13.262000,DENISSEMORENO,2014-06-27 14:01:13.262000,DENISSEMORENO
1164492,1288960,1036764,N,1,2014-06-30 18:24:01.681000,BRENDAPEREZESCOB,2015-06-29 09:43:48.370000,JMLAGRO
1000678,1289049,1037231,Y,5,2014-07-01 16:00:04.414000,KARINARUIZ,2015-06-30 14:13:36.926000,DATA_FFIX_PCPIndicator_850493
1164492,1287455,1038612,N,0,2014-07-09 16:05:52.243000,DANIELLAESTRELLA,2014-07-09 16:05:52.243000,DANIELLAESTRELLA
1000777,1289240,1037634,N,0,2014-07-02 12:15:08.627000,KARINARUIZ,2014-07-02 12:15:08.627000,KARINARUIZ
1001393,1285637,1037993,N,1,2014-07-03 14:22:49.183000,RACHELSPANGENBER,2015-06-18 10:08:56.518000,ESTHERSHAHPAR
1281119,1289424,1038610,N,0,2014-07-09 15:57:14.966000,KWOODALL,2014-07-09 15:57:14.966000,KWOODALL
1001393,1287434,1037830,Y,0,2014-07-02 17:58:44.816000,BRENDASOTO,2014-07-02 17:58:44.816000,DataFix_PCPAffiliaion
1182902,1287864,1038619,N,1,2014-07-09 17:02:44.813000,KWOODALL,2015-06-12 13:53:02.866000,JMLAGRO
1164492,1287943,1038626,N,1,2014-07-09 17:47:20.199000,JUDITHSZEGEDI,2015-06-19 17:36:25.895000,MMANYGUNS
