p_clia_num,p_clia_lab_pay_ind,p_clia_fed_tax_id,p_clia_mcare_num,p_clia_upd_dt,p_clia_add_dt,p_clia_lab_nam,p_clia_npi_num,g_cmn_enty_sk,g_note_set_sk,l_hibernate_ver_num,g_aud_user_id,g_aud_ts,g_aud_add_user_id,g_aud_add_ts
01D0299895,Y,630881762, ,2015-12-04,2013-11-26,ROBERT W HARGRAVES MD    , ,11374173,,0,B-IF-PRV-CLIA-UPD_1054767.00,2016-07-18 02:10:08.610661,B-IF-PRV-CLIA-UPD_8943636.00,2014-02-06 10:41:39.324822
01D0299900,Y,631048002, ,2023-11-28,2013-11-26,JOHN B CRIDER MD FAMILY M, ,11374174,,0,B-IF-PRV-CLIA-UPD_617020.00,2023-12-01 18:24:32.341775,B-IF-PRV-CLIA-UPD_8943636.00,2014-02-06 10:41:39.324831
01D0299928,Y,721608375, ,2025-08-20,2013-11-26,UAB MEDICAL WEST HOSPITAL, ,11374175,,0,B-IF-PRV-CLIA-UPD_1524062.00,2025-08-22 18:34:35.110927,B-IF-PRV-CLIA-UPD_8943636.00,2014-02-06 10:41:39.324840
01D0300027,Y,636005283, ,2025-09-29,2013-11-20,BIBB MEDICAL CENTER      , ,11374176,,0,B-IF-PRV-CLIA-UPD_1584657.00,2025-10-03 18:33:16.537688,B-IF-PRV-CLIA-UPD_8943636.00,2014-02-06 10:41:39.324849
01D0300133,Y,631165851, ,2025-01-17,2013-11-26,CULLMAN PRIMARY CARE PC  , ,11374177,,0,B-IF-PRV-CLIA-UPD_1221385.00,2025-01-24 18:23:45.113745,B-IF-PRV-CLIA-UPD_8943636.00,2014-02-06 10:41:39.324872
01D0300149,Y,630597037, ,2024-12-10,2013-11-26,ENT ASSOCIATES OF ALABAMA, ,11374178,,0,B-IF-PRV-CLIA-UPD_1161280.00,2024-12-13 18:23:34.973396,B-IF-PRV-CLIA-UPD_8943636.00,2014-02-06 10:41:39.324881
01D0300640,Y,631271462, ,2025-08-27,2013-11-26,BIRMINGHAM PEDIATRIC ASSO, ,11374179,,0,B-IF-PRV-CLIA-UPD_1533513.00,2025-08-29 18:33:37.266204,B-IF-PRV-CLIA-UPD_8943636.00,2014-02-06 10:41:39.324889
01D0300649,Y,630720078, ,2024-02-28,2013-11-26,CHILDREN'S MEDICAL GROUP , ,11374180,,0,B-IF-PRV-CLIA-UPD_748721.00,2024-03-01 18:25:01.562744,B-IF-PRV-CLIA-UPD_8943636.00,2014-02-06 10:41:39.324897
01D0300698,Y,630716499, ,2025-10-28,2013-11-26,"RHEUMATOLOGY ASSOCIATES, ", ,11374181,,0,B-IF-PRV-CLIA-UPD_1624060.00,2025-10-31 18:33:08.571791,B-IF-PRV-CLIA-UPD_8943636.00,2014-02-06 10:41:39.324905
01D0300711,Y,631185612, ,2024-07-15,2013-11-26,SOUTHVIEW MEDICAL GROUP P, ,11374182,,0,B-IF-PRV-CLIA-UPD_951256.00,2024-07-19 18:23:41.921034,B-IF-PRV-CLIA-UPD_8943636.00,2014-02-06 10:41:39.324914
01D0301003,Y,630825248, ,2024-11-05,2013-11-26,AMERICAN FAMILY CARE - MO, ,11374183,,0,B-IF-PRV-CLIA-UPD_1110663.00,2024-11-08 18:24:42.527208,B-IF-PRV-CLIA-UPD_8943636.00,2014-02-06 10:41:39.324922
01D0301022,Y,630925859, ,2025-10-27,2013-11-26,BBH SCN PRINCETON PULMONO, ,11374184,,0,B-IF-PRV-CLIA-UPD_1624060.00,2025-10-31 18:33:08.571792,B-IF-PRV-CLIA-UPD_8943636.00,2014-02-06 10:41:39.324931
01D0301071,Y,631245407, ,2024-07-24,2013-11-26,BIRMINGHAM INTERNAL MEDIC, ,11374185,,0,B-IF-PRV-CLIA-UPD_960812.00,2024-07-26 18:23:27.469784,B-IF-PRV-CLIA-UPD_8943636.00,2014-02-06 10:41:39.324939
01D0301161,Y,630599250, ,2016-12-05,2013-11-26,MONTCLAIR RHEUMATOLOGY   , ,11374186,,0,B-IF-PRV-CLIA-UPD_1230065.00,2016-12-12 18:14:47.357268,B-IF-PRV-CLIA-UPD_8943636.00,2014-02-06 10:41:39.324947
01D0301246,Y,630825248, ,2024-08-12,2013-11-26,AMERICAN FAMILY CARE - CE, ,11374187,,0,B-IF-PRV-CLIA-UPD_990049.00,2024-08-16 18:23:33.270972,B-IF-PRV-CLIA-UPD_8943636.00,2014-02-06 10:41:39.324956
01D0301577,Y,412035406, ,2025-06-12,2013-11-26,COMPLETE FAMILY HEALTH CA, ,11374188,,0,B-IF-PRV-CLIA-UPD_1421943.00,2025-06-13 18:24:43.009532,B-IF-PRV-CLIA-UPD_8943636.00,2014-02-06 10:41:39.324964
01D0301734,Y,630479242, ,2025-02-12,2013-11-26,TUSKALOOSA INTERNAL MEDIC, ,11374189,,0,B-IF-PRV-CLIA-UPD_1250958.00,2025-02-14 18:23:25.069600,B-IF-PRV-CLIA-UPD_8943636.00,2014-02-06 10:41:39.324972
01D0301985,Y,630667953, ,2025-02-06,2013-11-26,DR BILL YATES MD PC      , ,11374190,,0,B-IF-PRV-CLIA-UPD_1241262.00,2025-02-07 18:24:09.453017,B-IF-PRV-CLIA-UPD_8943636.00,2014-02-06 10:41:39.324981
01D0302215,Y,630754863, ,2025-10-01,2013-11-26,NEW DECATUR CLINIC LAB   , ,11374191,,0,B-IF-PRV-CLIA-UPD_1584657.00,2025-10-03 18:33:16.537691,B-IF-PRV-CLIA-UPD_8943636.00,2014-02-06 10:41:39.324989
01D0302508,Y,630728766, ,2025-01-29,2013-11-26,INFANTS' & CHILDREN'S CLI, ,11374192,,0,B-IF-PRV-CLIA-UPD_1230833.00,2025-01-31 18:24:39.004860,B-IF-PRV-CLIA-UPD_8943636.00,2014-02-06 10:41:39.324997
01D0302944,Y,631063098, ,2024-01-02,2013-11-26,ALLEN H BUTLER MD        , ,11374193,,0,B-IF-PRV-CLIA-UPD_667132.00,2024-01-05 18:23:23.339811,B-IF-PRV-CLIA-UPD_8943636.00,2014-02-06 10:41:39.325005
01D0302949,Y,418608667, ,2024-01-02,2013-11-26,JOHN H LARY JR MD        , ,11374194,,0,B-IF-PRV-CLIA-UPD_667132.00,2024-01-05 18:23:23.339811,B-IF-PRV-CLIA-UPD_8943636.00,2014-02-06 10:41:39.325014
01D0302960,Y,200724238, ,2025-02-05,2013-11-26,CREEKSIDE FAMILY PRACTICE, ,11374195,,0,B-IF-PRV-CLIA-UPD_1241262.00,2025-02-07 18:24:09.453017,B-IF-PRV-CLIA-UPD_8943636.00,2014-02-06 10:41:39.325022
01D0303442,Y,630635335, ,2025-11-10,2013-11-20,NORTHEAST AL PEDS        , ,11374196,,0,B-IF-PRV-CLIA-UPD_1643851.00,2025-11-14 18:32:51.848667,B-IF-PRV-CLIA-UPD_8943636.00,2014-02-06 10:41:39.325030
01D0303544,Y,630877158, ,2024-11-06,2013-11-26,DOCTORS CARE PC          , ,11374197,,0,B-IF-PRV-CLIA-UPD_1110663.00,2024-11-08 18:24:42.527212,B-IF-PRV-CLIA-UPD_8943636.00,2014-02-06 10:41:39.325039
01D0303594,Y,630740093, ,2025-07-22,2013-11-26,SAND MOUNTAIN FAMILY PRAC, ,11374198,,0,B-IF-PRV-CLIA-UPD_1482813.00,2025-07-25 18:23:44.190569,B-IF-PRV-CLIA-UPD_8943636.00,2014-02-06 10:41:39.325047
01D0303873,Y,203204949, ,2025-07-23,2013-11-27,PRATTVILLE BAPTIST HOSPIT, ,11374199,,0,B-IF-PRV-CLIA-UPD_1482813.00,2025-07-25 18:23:44.190569,B-IF-PRV-CLIA-UPD_8943636.00,2014-02-06 10:41:39.325055
01D0304152,Y,630775891, ,2022-05-31,2013-11-18,ENDOCRINOLOGY ASSOCIATES , ,11374200,,0,B-IF-PRV-CLIA-UPD_4882376.00,2023-02-24 23:24:48.169880,B-IF-PRV-CLIA-UPD_8943636.00,2014-02-06 10:41:39.325064
01D0304176,Y,630828806, ,2024-07-23,2013-11-26,MONTGOMERY RHEUMATOLOGY A, ,11374201,,0,B-IF-PRV-CLIA-UPD_960812.00,2024-07-26 18:23:27.469787,B-IF-PRV-CLIA-UPD_8943636.00,2014-02-06 10:41:39.325072
01D0304350,Y,630825248, ,2017-03-23,2013-11-26,AMERICAN FAMILY CARE - GO, ,11374202,,0,B-IF-PRV-CLIA-UPD_1417502.00,2017-05-17 06:08:17.749426,B-IF-PRV-CLIA-UPD_8943636.00,2014-02-06 10:41:39.325080
01D0304564,Y,631076544, ,2025-11-12,2013-11-20,JOSE CABELLERO MD        , ,11374203,,0,B-IF-PRV-CLIA-UPD_1643851.00,2025-11-14 18:32:51.848668,B-IF-PRV-CLIA-UPD_8943636.00,2014-02-06 10:41:39.325089
01D0304589,Y,630819576, ,2025-10-28,2013-11-26,OXFORD FAMILY PRACTICE   , ,11374204,,0,B-IF-PRV-CLIA-UPD_1624060.00,2025-10-31 18:33:08.571796,B-IF-PRV-CLIA-UPD_8943636.00,2014-02-06 10:41:39.325097
01D0304656,Y,630918401, ,2023-11-28,2013-11-26,PIEDMONT FAMILY PRACTICE , ,11374205,,0,B-IF-PRV-CLIA-UPD_617020.00,2023-12-01 18:24:32.341786,B-IF-PRV-CLIA-UPD_8943636.00,2014-02-06 10:41:39.325105
01D0304753,Y,630991466, ,2024-08-20,2013-11-26,DOTHAN MEDICAL ASSOCIATES, ,11374206,,0,B-IF-PRV-CLIA-UPD_1000478.00,2024-08-23 18:23:39.197895,B-IF-PRV-CLIA-UPD_8943636.00,2014-02-06 10:41:39.325114
01D0304757,Y,630579356, ,2025-10-20,2013-11-26,DOTHAN PEDIATRIC CLINIC  , ,11374207,,0,B-IF-PRV-CLIA-UPD_1614092.00,2025-10-24 18:32:46.695007,B-IF-PRV-CLIA-UPD_8943636.00,2014-02-06 10:41:39.325122
01D0304803,Y,631087996, ,2023-11-28,2013-11-26,SOUTHEAST CARDIOLOGY CLIN, ,11374208,,0,B-IF-PRV-CLIA-UPD_617020.00,2023-12-01 18:24:32.341786,B-IF-PRV-CLIA-UPD_8943636.00,2014-02-06 10:41:39.325130
01D0304855,Y,320534968, ,2024-07-10,2013-11-19,PRIMECARE OF DOTHAN      , ,11374209,,0,B-IF-PRV-CLIA-UPD_941044.00,2024-07-12 18:23:31.955734,B-IF-PRV-CLIA-UPD_8943636.00,2014-02-06 10:41:39.325139
01D0304933,Y,631159023, ,2025-02-28,2013-11-26,QHG OF ENTERPRISE INC (DB, ,11374210,,0,B-IF-PRV-CLIA-UPD_1281556.00,2025-03-07 18:23:53.482915,B-IF-PRV-CLIA-UPD_8943636.00,2014-02-06 10:41:39.325147
01D0304937,Y,630900884, ,2025-10-21,2013-11-26,PROFESSIONAL MEDICAL ASSO, ,11374211,,0,B-IF-PRV-CLIA-UPD_1614092.00,2025-10-24 18:32:46.695010,B-IF-PRV-CLIA-UPD_8943636.00,2014-02-06 10:41:39.325155
01D0304950,Y,631107327, ,2023-11-28,2013-11-26,JOHN F SIMMONS MD        , ,11374212,,0,B-IF-PRV-CLIA-UPD_617020.00,2023-12-01 18:24:32.341787,B-IF-PRV-CLIA-UPD_8943636.00,2014-02-06 10:41:39.325163
01D0305064,Y,630890070, ,2024-08-20,2013-11-26,THREE NOTCH MEDICAL CENTE, ,11374213,,0,B-IF-PRV-CLIA-UPD_1000478.00,2024-08-23 18:23:39.197896,B-IF-PRV-CLIA-UPD_8943636.00,2014-02-06 10:41:39.325171
01D0305072,Y,636000288, ,2025-10-15,2013-11-26,D W MCMILLAN MEDICAL CENT, ,11374214,,0,B-IF-PRV-CLIA-UPD_1604584.00,2025-10-17 19:56:21.757039,B-IF-PRV-CLIA-UPD_8943636.00,2014-02-06 10:41:39.325180
01D0305573,Y,630352915, ,2025-03-04,2013-11-26,ALABAMA MEDICAL GROUP    , ,11374215,,0,B-IF-PRV-CLIA-UPD_1281556.00,2025-03-07 18:23:53.482916,B-IF-PRV-CLIA-UPD_8943636.00,2014-02-06 10:41:39.325188
01D0305810,Y,630784458, ,2019-03-15,2013-11-20,SPRINGHILL PEDIATRIC SATE, ,11374216,,0,B-IF-PRV-CLIA-UPD_2451850.00,2019-03-22 18:03:26.191361,B-IF-PRV-CLIA-UPD_8943636.00,2014-02-06 10:41:39.325196
01D0305815,Y,630799312, ,2023-07-12,2013-11-26,PULMONARY ASSOCIATES     , ,11374217,,0,B-IF-PRV-CLIA-UPD_432509.00,2023-07-28 18:24:28.239522,B-IF-PRV-CLIA-UPD_8943636.00,2014-02-06 10:41:39.325204
01D0305899,Y,630825248, ,2024-11-25,2013-11-26,AMERICAN FAMILY CARE INC , ,11374218,,0,B-IF-PRV-CLIA-UPD_1140774.00,2024-11-29 18:22:17.312625,B-IF-PRV-CLIA-UPD_8943636.00,2014-02-06 10:41:39.325212
01D0306015,Y,630477348, ,2025-07-09,2013-11-27,UNIVERSITY OF SOUTH ALABA, ,11374219,,0,B-IF-PRV-CLIA-UPD_1463113.00,2025-07-11 18:23:41.860702,B-IF-PRV-CLIA-UPD_8943636.00,2014-02-06 10:41:39.325221
01D0641723,Y,636004476, ,2025-06-13,2013-11-27,SOUTHEAST HEALTH MEDICAL , ,11374220,,0,B-IF-PRV-CLIA-UPD_1432244.00,2025-06-20 18:23:45.465306,B-IF-PRV-CLIA-UPD_8943636.00,2014-02-06 10:41:39.325229
01D0663711,Y,630824438, ,2015-07-02,2013-11-19,CHARLES H SABENS MD      , ,11374221,,0,B-IF-PRV-CLIA-UPD_723052.00,2015-10-07 10:07:59.895760,B-IF-PRV-CLIA-UPD_8943636.00,2014-02-06 10:41:39.325237
01D0666147,Y,630925859, ,2024-04-09,2013-11-26,BBH - FAMILY HEALTH ASSOC, ,11374222,,0,B-IF-PRV-CLIA-UPD_809129.00,2024-04-12 21:55:11.067871,B-IF-PRV-CLIA-UPD_8943636.00,2014-02-06 10:41:39.325246
01D0668478,Y,630825248, ,2024-11-05,2013-11-26,AMERICAN FAMILY CARE - HO, ,11374223,,0,B-IF-PRV-CLIA-UPD_1110663.00,2024-11-08 18:24:42.527214,B-IF-PRV-CLIA-UPD_8943636.00,2014-02-06 10:41:39.325254
01D0668479,Y,630825248, ,2024-11-05,2013-11-26,AMERICAN FAMILY CARE - FL, ,11374224,,0,B-IF-PRV-CLIA-UPD_1110663.00,2024-11-08 18:24:42.527215,B-IF-PRV-CLIA-UPD_8943636.00,2014-02-06 10:41:39.325262
01D0669034,Y,631155108, ,2025-07-30,2013-11-26,MONTGOMERY CANCER CENTER , ,11374225,,0,B-IF-PRV-CLIA-UPD_1493583.00,2025-08-01 19:01:30.080609,B-IF-PRV-CLIA-UPD_8943636.00,2014-02-06 10:41:39.325270
01D0669506,Y,630825248, ,2024-11-05,2013-11-26,AMERICAN FAMILY CARE - GA, ,11374226,,0,B-IF-PRV-CLIA-UPD_1110663.00,2024-11-08 18:24:42.527216,B-IF-PRV-CLIA-UPD_8943636.00,2014-02-06 10:41:39.325278
01D0670555,Y,753253187, ,2018-10-23,2013-11-19,DERMATOLOGY ASSOCIATES OF, ,11374227,,0,B-IF-PRV-CLIA-UPD_2220887.00,2018-10-26 18:08:02.261746,B-IF-PRV-CLIA-UPD_8943636.00,2014-02-06 10:41:39.325289
01D0680545,Y,636004909, ,2025-10-08,2013-11-20,ELMORE COMMUNITY HOSPITAL, ,11374228,,0,B-IF-PRV-CLIA-UPD_1594844.00,2025-10-10 18:33:12.169775,B-IF-PRV-CLIA-UPD_8943636.00,2014-02-06 10:41:39.325297
01D0683241,Y,631156033, ,2024-10-01,2013-11-26,NORTH SHELBY FAMILY HEALT, ,11374229,,0,B-IF-PRV-CLIA-UPD_1060858.00,2024-10-04 18:23:55.599207,B-IF-PRV-CLIA-UPD_8943636.00,2014-02-06 10:41:39.325306
01D0683308,Y,631266881, ,2024-06-17,2013-11-20,INTERNAL MEDICINE SPECIAL, ,11374230,,0,B-IF-PRV-CLIA-UPD_910403.00,2024-06-21 18:23:47.739492,B-IF-PRV-CLIA-UPD_8943636.00,2014-02-06 10:41:39.325314
01D0692163,Y,630925859, ,2019-12-24,2013-11-19,BROOKWOOD PRIMARY CARE VE, ,11374231,,0,B-IF-PRV-CLIA-UPD_2910216.00,2019-12-27 18:19:33.248348,B-IF-PRV-CLIA-UPD_8943636.00,2014-02-06 10:41:39.325322
01D0692409,Y,630756832, ,2023-11-14,2013-11-18,SOUTHWEST ALABAMA HEALTH , ,11374232,,0,B-IF-PRV-CLIA-UPD_596715.00,2023-11-17 18:23:15.026329,B-IF-PRV-CLIA-UPD_8943636.00,2014-02-06 10:41:39.325331
01D0693345,Y,631025525, ,2023-11-28,2013-11-26,MONTGOMERY KIDNEY SPECIAL, ,11374233,,0,B-IF-PRV-CLIA-UPD_617020.00,2023-12-01 18:24:32.341793,B-IF-PRV-CLIA-UPD_8943636.00,2014-02-06 10:41:39.325339
01D0694034,Y,272458311, ,2025-08-26,2013-11-20,ALABAMA CANCER CARE LLC  , ,11374234,,0,B-IF-PRV-CLIA-UPD_1533513.00,2025-08-29 18:33:37.266210,B-IF-PRV-CLIA-UPD_8943636.00,2014-02-06 10:41:39.325347
01D0698361,Y,630819576, ,2024-08-06,2013-11-26,REGIONAL HEALTH MANAGEMEN, ,11374235,,0,B-IF-PRV-CLIA-UPD_980670.00,2024-08-09 18:24:14.133938,B-IF-PRV-CLIA-UPD_8943636.00,2014-02-06 10:41:39.325356
01D0698763,Y,630903529, ,2025-04-29,2013-11-26,MED PLUS FLORENCE        , ,11374236,,0,B-IF-PRV-CLIA-UPD_1361757.00,2025-05-02 18:27:00.083131,B-IF-PRV-CLIA-UPD_8943636.00,2014-02-06 10:41:39.325364
01D0699938,Y,631129817, ,2024-02-27,2013-11-26,MED PLUS MUSCLE SHOALS   , ,11374237,,0,B-IF-PRV-CLIA-UPD_748721.00,2024-03-01 18:25:01.562753,B-IF-PRV-CLIA-UPD_8943636.00,2014-02-06 10:41:39.325372
01D0855736,Y,631161672, ,2015-08-14,2013-11-20,WINSTON CO MEDICAL CLINIC, ,11374238,,0,B-IF-PRV-CLIA-UPD_723052.00,2015-10-07 10:08:00.049370,B-IF-PRV-CLIA-UPD_8943636.00,2014-02-06 10:41:39.325380
01D0856514,Y,631055248, ,2025-07-07,2013-11-19,SOUTHERN HEMATOLOGY & ONC, ,11374239,,0,B-IF-PRV-CLIA-UPD_1463113.00,2025-07-11 18:23:41.860707,B-IF-PRV-CLIA-UPD_8943636.00,2014-02-06 10:41:39.325389
01D0862979,Y,630586199, ,,2013-11-26,UROLOGICAL ASSOCIATES    , ,11374240,,0,B-IF-PRV-CLIA-UPD_8943636.00,2014-02-06 10:41:39.325393,B-IF-PRV-CLIA-UPD_8943636.00,2014-02-06 10:41:39.325397
01D0865282,Y,630825248, ,2024-08-12,2013-11-26,AMERICAN FAMILY CARE - DA, ,11374241,,0,B-IF-PRV-CLIA-UPD_990049.00,2024-08-16 18:23:33.270979,B-IF-PRV-CLIA-UPD_8943636.00,2014-02-06 10:41:39.325405
01D0874224,Y,631096914, ,2023-11-28,2013-11-26,FAMILY PHYSICIANS PC     , ,11374242,,0,B-IF-PRV-CLIA-UPD_617020.00,2023-12-01 18:24:32.341796,B-IF-PRV-CLIA-UPD_8943636.00,2014-02-06 10:41:39.325413
01D0875191,Y,630649108, ,2025-07-02,2013-11-26,UAB CELLULAR THERAPY LABO, ,11374243,,0,B-IF-PRV-CLIA-UPD_1453104.00,2025-07-04 18:23:41.333523,B-IF-PRV-CLIA-UPD_8943636.00,2014-02-06 10:41:39.325421
01D0880555,Y,631093410, ,2023-11-21,2013-11-19,ROANOKE HEALTH CARE CENTE, ,11374244,,0,B-IF-PRV-CLIA-UPD_607211.00,2023-11-24 18:23:32.792477,B-IF-PRV-CLIA-UPD_8943636.00,2014-02-06 10:41:39.325430
01D0880725,Y,631027360, ,2024-04-01,2013-11-26,OFFICE LAB F STEPHEN HERR, ,11374245,,0,B-IF-PRV-CLIA-UPD_799040.00,2024-04-05 18:24:37.726007,B-IF-PRV-CLIA-UPD_8943636.00,2014-02-06 10:41:39.325438
01D0880746,Y,630792644, ,2018-01-02,2013-11-26,INFECTIOUS DISEASE CONSUL, ,11374246,,0,B-IF-PRV-CLIA-UPD_Hist_28,2018-08-21 14:14:32.384498,B-IF-PRV-CLIA-UPD_8943636.00,2014-02-06 10:41:39.325446
01D0887324,Y,721608375, ,2025-07-02,2013-11-20,UAB MEDICAL WEST HOSPITAL, ,11374247,,0,B-IF-PRV-CLIA-UPD_1453104.00,2025-07-04 18:23:41.333524,B-IF-PRV-CLIA-UPD_8943636.00,2014-02-06 10:41:39.325454
01D0891784,Y,630581180, ,2023-11-28,2013-11-26,UROLOGY CENTERS OF ALABAM, ,11374248,,0,B-IF-PRV-CLIA-UPD_617020.00,2023-12-01 18:24:32.341797,B-IF-PRV-CLIA-UPD_8943636.00,2014-02-06 10:41:39.325463
01D0892637,Y,631034725, ,2025-07-15,2013-11-26,PEDIATRIC CARE CENTER    , ,11374249,,0,B-IF-PRV-CLIA-UPD_1472955.00,2025-07-18 18:23:18.408940,B-IF-PRV-CLIA-UPD_8943636.00,2014-02-06 10:41:39.325471
01D0908720,Y,630903791, ,2023-11-28,2013-11-26,PEDIATRIC ASSOCIATES-KELL, ,11374250,,0,B-IF-PRV-CLIA-UPD_617020.00,2023-12-01 18:24:32.341798,B-IF-PRV-CLIA-UPD_8943636.00,2014-02-06 10:41:39.325480
01D0909667,Y,721428475, ,2023-11-14,2013-11-19,AMEDISYS HOME HEALTH OF S, ,11374251,,0,B-IF-PRV-CLIA-UPD_596715.00,2023-11-17 18:23:15.026331,B-IF-PRV-CLIA-UPD_8943636.00,2014-02-06 10:41:39.325488
01D0915159,Y,263196318, ,,2013-11-19,WOODLAND FAMILY HEALTHCAR, ,11374252,,0,B-IF-PRV-CLIA-UPD_8943636.00,2014-02-06 10:41:39.325492,B-IF-PRV-CLIA-UPD_8943636.00,2014-02-06 10:41:39.325496
01D0917453,Y,465640571, ,2024-02-29,2013-11-26,AGAPE CARE ALABAMA LLC   , ,11374253,,0,B-IF-PRV-CLIA-UPD_748721.00,2024-03-01 18:25:01.562757,B-IF-PRV-CLIA-UPD_8943636.00,2014-02-06 10:41:39.325504
01D0918931,Y,271250141, ,2023-11-21,2013-11-19,CHILTON PEDIATRICS OF ALA, ,11374254,,0,B-IF-PRV-CLIA-UPD_607211.00,2023-11-24 18:23:32.792478,B-IF-PRV-CLIA-UPD_8943636.00,2014-02-06 10:41:39.325513
01D0931992,Y,391351587, ,2024-07-30,2013-11-19,TENNESSEE RIVER DERMATOLO, ,11374255,,0,B-IF-PRV-CLIA-UPD_970752.00,2024-08-02 18:24:02.976860,B-IF-PRV-CLIA-UPD_8943636.00,2014-02-06 10:41:39.325521
01D0933089,Y,320534968, ,2025-10-01,2013-11-19,PRIMECARE OF DOTHAN-DALEV, ,11374256,,0,B-IF-PRV-CLIA-UPD_1584657.00,2025-10-03 18:33:16.537696,B-IF-PRV-CLIA-UPD_8943636.00,2014-02-06 10:41:39.325529
01D0937357,Y,922816727, ,2023-11-21,2013-11-19,ARABELLA HEALTH & WELLNES, ,11374257,,0,B-IF-PRV-CLIA-UPD_607211.00,2023-11-24 18:23:32.792479,B-IF-PRV-CLIA-UPD_8943636.00,2014-02-06 10:41:39.325537
01D0937568,Y,631188628, ,2023-11-21,2013-11-19,GREENVILLE PEDIATRICS LAB, ,11374258,,0,B-IF-PRV-CLIA-UPD_607211.00,2023-11-24 18:23:32.792479,B-IF-PRV-CLIA-UPD_8943636.00,2014-02-06 10:41:39.325546
01D0937652,Y,630495711, ,2023-11-28,2013-11-26,COLLEGE CITY DRUG CO INC , ,11374259,,0,B-IF-PRV-CLIA-UPD_617020.00,2023-12-01 18:24:32.341800,B-IF-PRV-CLIA-UPD_8943636.00,2014-02-06 10:41:39.325554
01D0937922,Y,630550583, ,2024-01-02,2013-11-26,OAK CREST HEALTH & WELLNE, ,11374260,,0,B-IF-PRV-CLIA-UPD_667132.00,2024-01-05 18:23:23.339818,B-IF-PRV-CLIA-UPD_8943636.00,2014-02-06 10:41:39.325562
01D0942786,Y,630758227, ,2025-10-16,2013-11-26,BIRMINGHAM GASTROENTEROLO, ,11374261,,0,B-IF-PRV-CLIA-UPD_1604584.00,2025-10-17 19:56:21.757051,B-IF-PRV-CLIA-UPD_8943636.00,2014-02-06 10:41:39.325571
01D0954364,Y,631212583, ,2025-02-25,2013-11-19,ENM PC                   , ,11374262,,0,B-IF-PRV-CLIA-UPD_1271094.00,2025-02-28 18:23:06.924035,B-IF-PRV-CLIA-UPD_8943636.00,2014-02-06 10:41:39.325579
05D0580520,Y,330483510, ,2023-11-28,2013-11-26,OPTUM CARE MEDICAL GROUP , ,11374713,,0,B-IF-PRV-CLIA-UPD_617020.00,2023-12-01 18:24:32.725411,B-IF-PRV-CLIA-UPD_8943636.00,2014-02-06 10:41:39.330217
05D0581126,Y,844007041, ,2024-05-07,2013-11-26,GENOLAB INC              , ,11374714,,0,B-IF-PRV-CLIA-UPD_849283.00,2024-05-10 18:24:12.440596,B-IF-PRV-CLIA-UPD_8943636.00,2014-02-06 10:41:39.330225
05D0582070,Y,330182486, ,2024-05-28,2013-11-26,ROBIN K DORE MD          , ,11374715,,0,B-IF-PRV-CLIA-UPD_880000.00,2024-05-31 18:23:39.030327,B-IF-PRV-CLIA-UPD_8943636.00,2014-02-06 10:41:39.330232
05D0582086,Y,330049691, ,2015-02-02,2013-11-26,JOEL N LESTER MD         , ,11374716,,0,B-IF-PRV-CLIA-UPD_723052.00,2015-10-07 10:08:04.378961,B-IF-PRV-CLIA-UPD_8943636.00,2014-02-06 10:41:39.330240
05D0582499,Y,330058070, ,2015-06-03,2013-11-26,JEFFREY A PUNIM MD       , ,11374717,,0,B-IF-PRV-CLIA-UPD_723052.00,2015-10-07 10:08:04.378985,B-IF-PRV-CLIA-UPD_8943636.00,2014-02-06 10:41:39.330248
05D0583533,Y,953178678, ,2022-11-03,2013-11-26,FRED M FAUVRE MD         , ,11374718,,0,B-IF-PRV-CLIA-UPD_4884264.00,2023-02-25 22:20:22.782051,B-IF-PRV-CLIA-UPD_8943636.00,2014-02-06 10:41:39.330256
05D0584671,Y,953134847, ,2025-10-27,2013-11-19,"J ROBERT WEST, MD INC  DB", ,11374719,,0,B-IF-PRV-CLIA-UPD_1624060.00,2025-10-31 18:33:08.831676,B-IF-PRV-CLIA-UPD_8943636.00,2014-02-06 10:41:39.330264
05D0584787,Y,710897031, ,2025-10-22,2013-11-19,UNILAB CORPORATION       , ,11374720,,0,B-IF-PRV-CLIA-UPD_1614092.00,2025-10-24 18:32:46.886357,B-IF-PRV-CLIA-UPD_8943636.00,2014-02-06 10:41:39.330271
05D0585872,Y,770542371, ,2015-07-22,2013-11-26,CHARLES H BONISKE MD     , ,11374721,,0,B-IF-PRV-CLIA-UPD_723052.00,2015-10-07 10:08:04.379160,B-IF-PRV-CLIA-UPD_8943636.00,2014-02-06 10:41:39.330279
05D0586298,Y,953339607, ,2018-08-22,2013-11-26,PACIFIC ORTHOPEDIC MEDICA, ,11374722,,0,B-IF-PRV-CLIA-UPD_2118247.00,2018-08-24 18:06:12.569552,B-IF-PRV-CLIA-UPD_8943636.00,2014-02-06 10:41:39.330287
05D0586530,Y,770356364, ,2024-08-28,2013-11-26,COMPREHENSIVE BLOOD AND C, ,11374723,,0,B-IF-PRV-CLIA-UPD_1010046.00,2024-08-30 18:22:58.912733,B-IF-PRV-CLIA-UPD_8943636.00,2014-02-06 10:41:39.330294
05D0587395,Y,770084244, ,2022-05-31,2013-11-26,BRUCE A OURIEFF MD       , ,11374724,,0,B-IF-PRV-CLIA-UPD_4882376.00,2023-02-24 23:24:48.897826,B-IF-PRV-CLIA-UPD_8943636.00,2014-02-06 10:41:39.330302
05D0587411,Y,770159422, ,2017-09-27,2013-11-26,KAREN S KOLBA MD         , ,11374725,,0,B-IF-PRV-CLIA-UPD_Hist_14,2018-08-21 11:41:13.579227,B-IF-PRV-CLIA-UPD_8943636.00,2014-02-06 10:41:39.330310
05D0587866,Y,953930594, ,2023-10-03,2013-11-26,SATYA DANDAMUDI MD       , ,11374726,,0,B-IF-PRV-CLIA-UPD_535698.00,2023-10-06 18:24:53.139096,B-IF-PRV-CLIA-UPD_8943636.00,2014-02-06 10:41:39.330318
05D0590330,Y,770212742, ,2015-05-27,2013-11-26,"CHIEN FANG CHEN MD, FP   ", ,11374727,,0,B-IF-PRV-CLIA-UPD_723052.00,2015-10-07 10:08:04.479622,B-IF-PRV-CLIA-UPD_8943636.00,2014-02-06 10:41:39.330326
05D0591066,Y,941721274, ,2022-05-31,2013-11-26,MID-PENINSULA UROLOGY GRO, ,11374728,,0,B-IF-PRV-CLIA-UPD_4882376.00,2023-02-24 23:24:48.897851,B-IF-PRV-CLIA-UPD_8943636.00,2014-02-06 10:41:39.330333
05D0593092,Y,946000417, ,2025-10-27,2013-11-19,SAN FRANCISCO CITY CLINIC, ,11374729,,0,B-IF-PRV-CLIA-UPD_1624060.00,2025-10-31 18:33:08.831684,B-IF-PRV-CLIA-UPD_8943636.00,2014-02-06 10:41:39.330341
05D0593479,Y,261956700, ,2025-10-27,2013-11-26,DOWNTOWN MEDICAL GROUP   , ,11374730,,0,B-IF-PRV-CLIA-UPD_1624060.00,2025-10-31 18:33:08.831685,B-IF-PRV-CLIA-UPD_8943636.00,2014-02-06 10:41:39.330349
05D0593591,Y,942186381, ,,2013-11-20,"JOSEPH T SPAULDING, MD IN", ,11374731,,0,B-IF-PRV-CLIA-UPD_8943636.00,2014-02-06 10:41:39.330353,B-IF-PRV-CLIA-UPD_8943636.00,2014-02-06 10:41:39.330357
05D0594021,Y,940562680, ,2024-12-03,2013-11-27,CALIFORNIA PACIFIC MEDICA, ,11374732,,0,B-IF-PRV-CLIA-UPD_1151258.00,2024-12-06 18:23:20.794484,B-IF-PRV-CLIA-UPD_8943636.00,2014-02-06 10:41:39.330364
05D0594844,Y,943255519, ,2023-11-28,2013-11-26,"K B KIM, A M KRAMER, W WA", ,11374733,,0,B-IF-PRV-CLIA-UPD_617020.00,2023-12-01 18:24:32.725421,B-IF-PRV-CLIA-UPD_8943636.00,2014-02-06 10:41:39.330372
05D0596129,Y,946000417, ,2023-11-21,2013-11-19,COMMUNITY ORIENTED PRIMAR, ,11374734,,0,B-IF-PRV-CLIA-UPD_607211.00,2023-11-24 18:23:32.924993,B-IF-PRV-CLIA-UPD_8943636.00,2014-02-06 10:41:39.330380
05D0596659,Y,942239648, ,2022-05-31,2013-11-26,MAYVIEW COMMUNITY HEALTH , ,11374735,,0,B-IF-PRV-CLIA-UPD_4882376.00,2023-02-24 23:24:48.897886,B-IF-PRV-CLIA-UPD_8943636.00,2014-02-06 10:41:39.330388
05D0596819,Y,943400795, ,2020-01-16,2013-11-26,INTERNAL MEDICINE ASSOCIA, ,11374736,,0,B-IF-PRV-CLIA-UPD_2950575.00,2020-01-20 18:16:11.088361,B-IF-PRV-CLIA-UPD_8943636.00,2014-02-06 10:41:39.330395
05D0597028,Y,943099658, ,2015-07-15,2013-11-26,BRIAN HENDERSON MD       , ,11374737,,0,B-IF-PRV-CLIA-UPD_723052.00,2015-10-07 10:08:04.479754,B-IF-PRV-CLIA-UPD_8943636.00,2014-02-06 10:41:39.330403
05D0598867,Y,923681885, ,2025-10-27,2013-11-26,"MICHAEL TOMCIK, MD       ", ,11374738,,0,B-IF-PRV-CLIA-UPD_1624060.00,2025-10-31 18:33:08.831689,B-IF-PRV-CLIA-UPD_8943636.00,2014-02-06 10:41:39.330411
05D0598894,Y,133388481, ,2015-12-29,2013-11-26,KENNETH L ROTHMAN MD     , ,11374739,,0,B-IF-PRV-CLIA-UPD_1056133.00,2016-07-19 05:59:27.802951,B-IF-PRV-CLIA-UPD_8943636.00,2014-02-06 10:41:39.330419
05D0599219,Y,946174066, ,2024-08-06,2013-11-26,STANFORD HEALTH CARE CAST, ,11374740,,0,B-IF-PRV-CLIA-UPD_980670.00,2024-08-09 18:24:14.845133,B-IF-PRV-CLIA-UPD_8943636.00,2014-02-06 10:41:39.330426
05D0599582,Y,941429628, ,2025-05-15,2013-11-19,STANFORD HEALTHCARE TRI-V, ,11374741,,0,B-IF-PRV-CLIA-UPD_1381607.00,2025-05-16 18:24:24.881787,B-IF-PRV-CLIA-UPD_8943636.00,2014-02-06 10:41:39.330434
05D0600780,Y,942440643, ,2022-05-31,2013-11-26,ALAN M LINDER MD         , ,11374742,,0,B-IF-PRV-CLIA-UPD_4882376.00,2023-02-24 23:24:48.897898,B-IF-PRV-CLIA-UPD_8943636.00,2014-02-06 10:41:39.330442
05D0601766,Y,941744108, ,2025-07-30,2013-11-26,LA CLINICA DE LA RAZA    , ,11374743,,0,B-IF-PRV-CLIA-UPD_1493583.00,2025-08-01 19:01:30.220365,B-IF-PRV-CLIA-UPD_8943636.00,2014-02-06 10:41:39.330450
05D0601931,Y,946000501, ,2015-10-05,2013-11-27,ALAMEDA COUNTY PUBLIC    , ,11374744,,0,B-IF-PRV-CLIA-UPD_723052.00,2015-10-07 10:08:04.479922,B-IF-PRV-CLIA-UPD_8943636.00,2014-02-06 10:41:39.330457
05D0602385,Y,475375456, ,2025-10-29,2013-11-26,"EQUALTOX, LLC            ", ,11374745,,0,B-IF-PRV-CLIA-UPD_1624060.00,2025-10-31 18:33:08.831690,B-IF-PRV-CLIA-UPD_8943636.00,2014-02-06 10:41:39.330465
05D0603883,Y,942223957, ,2023-11-28,2013-11-26,WEST CONTRA COSTA UROLOGI, ,11374746,,0,B-IF-PRV-CLIA-UPD_617020.00,2023-12-01 18:24:32.725426,B-IF-PRV-CLIA-UPD_8943636.00,2014-02-06 10:41:39.330473
05D0604492,Y,941156581, ,2025-04-30,2013-11-20,SUTTER PACIFIC MEDICAL FO, ,11374747,,0,B-IF-PRV-CLIA-UPD_1361757.00,2025-05-02 18:27:00.836307,B-IF-PRV-CLIA-UPD_8943636.00,2014-02-06 10:41:39.330481
05D0605277,Y,680220314, ,2024-09-19,2013-11-22,DIGNITY HEALTH MEDICAL FO, ,11374748,,0,B-IF-PRV-CLIA-UPD_1041190.00,2024-09-20 18:23:36.135981,B-IF-PRV-CLIA-UPD_8943636.00,2014-02-06 10:41:39.330488
05D0605728,Y,942728480, ,2023-11-21,2013-11-26,TPMG GILROY LABORATORY   , ,11374749,,0,B-IF-PRV-CLIA-UPD_607211.00,2023-11-24 18:23:32.924993,B-IF-PRV-CLIA-UPD_8943636.00,2014-02-06 10:41:39.330496
05D0605789,Y,942517949, ,2024-07-10,2013-11-26,MARTIN M BRESS MD        , ,11374750,,0,B-IF-PRV-CLIA-UPD_941044.00,2024-07-12 18:23:32.219486,B-IF-PRV-CLIA-UPD_8943636.00,2014-02-06 10:41:39.330504
05D0605867,Y,942681177, ,2015-12-29,2013-11-26,RICHARD A WEISER MD INC  , ,11374751,,0,B-IF-PRV-CLIA-UPD_1056133.00,2016-07-19 05:59:27.802955,B-IF-PRV-CLIA-UPD_8943636.00,2014-02-06 10:41:39.330512
05D0606064,Y,942505171, ,2025-02-11,2013-11-26,BLOSSOM RIDGE MEDICAL GRO, ,11374752,,0,B-IF-PRV-CLIA-UPD_1250958.00,2025-02-14 18:23:25.369837,B-IF-PRV-CLIA-UPD_8943636.00,2014-02-06 10:41:39.330519
05D0606331,Y,310869693, ,2018-01-02,2013-11-26,FRANK FC HUANG MD        , ,11374753,,0,B-IF-PRV-CLIA-UPD_Hist_28,2018-08-21 14:14:32.385002,B-IF-PRV-CLIA-UPD_8943636.00,2014-02-06 10:41:39.330527
05D0607101,Y,942705747, ,2023-11-28,2013-11-26,SALUD PARA LA GENTE INC  , ,11374754,,0,B-IF-PRV-CLIA-UPD_617020.00,2023-12-01 18:24:32.725430,B-IF-PRV-CLIA-UPD_8943636.00,2014-02-06 10:41:39.330535
05D0607608,Y,943192446, ,2024-05-28,2013-11-26,UNIVERSITY HEALTHCARE ALL, ,11374755,,0,B-IF-PRV-CLIA-UPD_880000.00,2024-05-31 18:23:39.162945,B-IF-PRV-CLIA-UPD_8943636.00,2014-02-06 10:41:39.330543
05D0607845,Y,330811395, ,2024-08-27,2013-11-26,SAMARITAN MEDICAL CARE CE, ,11374756,,0,B-IF-PRV-CLIA-UPD_1010046.00,2024-08-30 18:22:58.912737,B-IF-PRV-CLIA-UPD_8943636.00,2014-02-06 10:41:39.330550
05D0609154,Y,465322209, ,2025-10-29,2013-11-27,ST JOSEPHS MEDICAL CENTER, ,11374757,,0,B-IF-PRV-CLIA-UPD_1624060.00,2025-10-31 18:33:08.831697,B-IF-PRV-CLIA-UPD_8943636.00,2014-02-06 10:41:39.330558
01D0967311,Y,630568762, ,,2013-11-19,"FAMILY MEDICAL CENTER, TH", ,11374263,,0,B-IF-PRV-CLIA-UPD_8943636.00,2014-02-06 10:41:39.325583,B-IF-PRV-CLIA-UPD_8943636.00,2014-02-06 10:41:39.325587
01D0968020,Y,630825248, ,2025-05-06,2013-11-19,AMERICAN FAMILY CARE - PE, ,11374264,,0,B-IF-PRV-CLIA-UPD_1371269.00,2025-05-09 18:24:13.771940,B-IF-PRV-CLIA-UPD_8943636.00,2014-02-06 10:41:39.325595
01D0968594,Y,631238224, ,2025-04-17,2013-11-19,DECATUR MORGAN PRIMARY CA, ,11374265,,0,B-IF-PRV-CLIA-UPD_1341915.00,2025-04-18 18:22:25.538782,B-IF-PRV-CLIA-UPD_8943636.00,2014-02-06 10:41:39.325604
01D0968842,Y,424922558, ,2019-12-31,2013-11-26,WOMEN'S WELLNESS PC      , ,11374266,,0,B-IF-PRV-CLIA-UPD_2922217.00,2020-01-03 18:16:20.724461,B-IF-PRV-CLIA-UPD_8943636.00,2014-02-06 10:41:39.325612
01D0973144,Y,823667318, ,2024-04-16,2013-11-26,HAVEN MEMORY CARE ON HALC, ,11374267,,0,B-IF-PRV-CLIA-UPD_819437.00,2024-04-19 18:24:22.344792,B-IF-PRV-CLIA-UPD_8943636.00,2014-02-06 10:41:39.325620
01D0985229,Y,631270599, ,2025-06-03,2013-11-19,RIVERSIDE FAMILY MEDICINE, ,11374268,,0,B-IF-PRV-CLIA-UPD_1411662.00,2025-06-06 18:24:52.099240,B-IF-PRV-CLIA-UPD_8943636.00,2014-02-06 10:41:39.325629
01D0987532,Y,473959836, ,2022-03-18,2013-11-18,JOHN K L PORTER DO PC    , ,11374269,,0,B-IF-PRV-CLIA-UPD_4882033.00,2023-02-24 20:41:26.543649,B-IF-PRV-CLIA-UPD_8943636.00,2014-02-06 10:41:39.325637
01D0988694,Y,631275633, ,2019-08-14,2013-11-20,ALABAMA SKIN INSTITUTE   , ,11374270,,0,B-IF-PRV-CLIA-UPD_2690579.00,2019-08-16 18:01:52.154315,B-IF-PRV-CLIA-UPD_8943636.00,2014-02-06 10:41:39.325645
01D0988785,Y,636001820, ,2025-11-04,2013-11-20,JACKSON HOSPITAL AND CLIN, ,11374271,,0,B-IF-PRV-CLIA-UPD_1634416.00,2025-11-07 18:33:22.889880,B-IF-PRV-CLIA-UPD_8943636.00,2014-02-06 10:41:39.325654
01D0993664,Y,631283899, ,,2013-11-26,CHILDREN'S MEDICAL CENTER, ,11374272,,0,B-IF-PRV-CLIA-UPD_8943636.00,2014-02-06 10:41:39.325658,B-IF-PRV-CLIA-UPD_8943636.00,2014-02-06 10:41:39.325662
01D1005790,Y,472273608, ,2025-02-18,2013-11-20,"HUNTSVILLE CARE PLUS, LLC", ,11374273,,0,B-IF-PRV-CLIA-UPD_1261091.00,2025-02-21 18:23:54.046434,B-IF-PRV-CLIA-UPD_8943636.00,2014-02-06 10:41:39.325670
01D1009847,Y,473385197, ,2024-07-16,2013-11-22,NOLAND HOSPITAL BIRMINGHA, ,11374274,,0,B-IF-PRV-CLIA-UPD_951256.00,2024-07-19 18:23:41.921048,B-IF-PRV-CLIA-UPD_8943636.00,2014-02-06 10:41:39.325678
01D1015085,Y,412097255, ,2016-11-08,2013-11-26,TAYLOR INTERNAL MEDICINE , ,11374275,,0,B-IF-PRV-CLIA-UPD_1196724.00,2016-11-14 18:14:13.657664,B-IF-PRV-CLIA-UPD_8943636.00,2014-02-06 10:41:39.325687
01D1016733,Y,263791276, ,2024-06-18,2013-11-20,AQUA DERMATOLOGY OF ALABA, ,11374276,,0,B-IF-PRV-CLIA-UPD_910403.00,2024-06-21 18:23:47.739504,B-IF-PRV-CLIA-UPD_8943636.00,2014-02-06 10:41:39.325695
01D1020277,Y,820559182, ,2025-08-11,2013-11-19,WIREGRASS HOSPICE LLC    , ,11374277,,0,B-IF-PRV-CLIA-UPD_1514103.00,2025-08-15 18:34:15.068610,B-IF-PRV-CLIA-UPD_8943636.00,2014-02-06 10:41:39.325704
01D1020307,Y,320081566, ,2023-11-21,2013-11-19,LIVE OAK VILLAGE         , ,11374278,,0,B-IF-PRV-CLIA-UPD_607211.00,2023-11-24 18:23:32.792485,B-IF-PRV-CLIA-UPD_8943636.00,2014-02-06 10:41:39.325712
01D1020358,Y,631280756, ,2023-11-21,2013-11-19,CLINICAL RESEARCH ASSOCIA, ,11374279,,0,B-IF-PRV-CLIA-UPD_607211.00,2023-11-24 18:23:32.792485,B-IF-PRV-CLIA-UPD_8943636.00,2014-02-06 10:41:39.325720
01D1020360,Y,631210889, ,2023-11-21,2013-11-19,HEALS INC                , ,11374280,,0,B-IF-PRV-CLIA-UPD_607211.00,2023-11-24 18:23:32.792486,B-IF-PRV-CLIA-UPD_8943636.00,2014-02-06 10:41:39.325729
01D1020362,Y,631225873, ,2024-01-16,2013-11-19,ALABAMA CLINICAL THERAPEU, ,11374281,,0,B-IF-PRV-CLIA-UPD_687547.00,2024-01-19 18:24:11.115880,B-IF-PRV-CLIA-UPD_8943636.00,2014-02-06 10:41:39.325737
01D1020382,Y,383976603, ,2019-12-24,2013-11-19,AFFINITY CARDIOVASCULAR S, ,11374282,,0,B-IF-PRV-CLIA-UPD_2910216.00,2019-12-27 18:19:33.248418,B-IF-PRV-CLIA-UPD_8943636.00,2014-02-06 10:41:39.325746
01D1020421,Y,954896168, ,2023-11-21,2013-11-19,AMY MAKEMSON MD PC       , ,11374283,,0,B-IF-PRV-CLIA-UPD_607211.00,2023-11-24 18:23:32.792486,B-IF-PRV-CLIA-UPD_8943636.00,2014-02-06 10:41:39.325754
01D1020602,Y,631222948, ,2016-01-05,2013-11-26,MCCOLLOUGH INSTITUTE FOR , ,11374284,,0,B-IF-PRV-CLIA-UPD_1057111.00,2016-07-20 01:14:34.121305,B-IF-PRV-CLIA-UPD_8943636.00,2014-02-06 10:41:39.325762
01D1020616,Y,820559182, ,2025-08-11,2013-11-26,"WIREGRASS HOSPICE, LLC   ", ,11374285,,0,B-IF-PRV-CLIA-UPD_1514103.00,2025-08-15 18:34:15.068610,B-IF-PRV-CLIA-UPD_8943636.00,2014-02-06 10:41:39.325771
01D1022980,Y,472491675, ,2024-04-17,2013-11-22,NOLAND HOSPITAL DOTHAN II, ,11374286,,0,B-IF-PRV-CLIA-UPD_819437.00,2024-04-19 18:24:22.344796,B-IF-PRV-CLIA-UPD_8943636.00,2014-02-06 10:41:39.325779
01D1024413,Y,200168987, ,2024-03-12,2013-11-19,LANDMARK DIALYSIS CLINIC , ,11374287,,0,B-IF-PRV-CLIA-UPD_769147.00,2024-03-15 18:24:33.904186,B-IF-PRV-CLIA-UPD_8943636.00,2014-02-06 10:41:39.325788
01D1026326,Y,472862505, ,2024-04-30,2013-11-22,NOLAND HOSPITAL ANNISTON , ,11374288,,0,B-IF-PRV-CLIA-UPD_839235.00,2024-05-03 18:24:08.835877,B-IF-PRV-CLIA-UPD_8943636.00,2014-02-06 10:41:39.325796
01D1044412,Y,134286511, ,2019-07-23,2013-11-26,GULF COAST UROLOGY       , ,11374289,,0,B-IF-PRV-CLIA-UPD_2655928.00,2019-07-26 18:02:59.092647,B-IF-PRV-CLIA-UPD_8943636.00,2014-02-06 10:41:39.325805
01D1045096,Y,680613708, ,2015-07-14,2013-11-19,EDITH GUBLER MCCREADIE MD, ,11374290,,0,B-IF-PRV-CLIA-UPD_723052.00,2015-10-07 10:08:00.557500,B-IF-PRV-CLIA-UPD_8943636.00,2014-02-06 10:41:39.325813
01D1047876,Y,582272636, ,,2013-11-26,BEAULIEU OF AMERICA      , ,11374291,,0,B-IF-PRV-CLIA-UPD_8943636.00,2014-02-06 10:41:39.325817,B-IF-PRV-CLIA-UPD_8943636.00,2014-02-06 10:41:39.325821
01D1048885,Y,592193856, ,2023-11-14,2013-11-19,ATMORE DIALYSIS          , ,11374292,,0,B-IF-PRV-CLIA-UPD_596715.00,2023-11-17 18:23:15.026337,B-IF-PRV-CLIA-UPD_8943636.00,2014-02-06 10:41:39.325830
01D1048891,Y,721428475, ,2025-07-09,2013-11-19,AMEDISYS HOME HEALTH OF A, ,11374293,,0,B-IF-PRV-CLIA-UPD_1463113.00,2025-07-11 18:23:41.860719,B-IF-PRV-CLIA-UPD_8943636.00,2014-02-06 10:41:39.326029
01D1052042,Y,562017400, ,,2013-11-22,SOLSTAS LAB - FLORENCE   , ,11374294,,0,B-IF-PRV-CLIA-UPD_8943636.00,2014-02-06 10:41:39.326034,B-IF-PRV-CLIA-UPD_8943636.00,2014-02-06 10:41:39.326038
01D1076515,Y,631283312, ,2024-05-29,2013-11-20,C A R E S OXFORD         , ,11374295,,0,B-IF-PRV-CLIA-UPD_880000.00,2024-05-31 18:23:38.592449,B-IF-PRV-CLIA-UPD_8943636.00,2014-02-06 10:41:39.326047
01D1077705,Y,262175155, ,2019-12-24,2013-11-19,RAINBOW HEALTHCARE       , ,11374296,,0,B-IF-PRV-CLIA-UPD_2910216.00,2019-12-27 18:19:33.248442,B-IF-PRV-CLIA-UPD_8943636.00,2014-02-06 10:41:39.326055
01D1080467,Y,630836917, ,,2013-11-26,ALACARE-AUTAUGA/PRATTVILL, ,11374297,,0,B-IF-PRV-CLIA-UPD_8943636.00,2014-02-06 10:41:39.326060,B-IF-PRV-CLIA-UPD_8943636.00,2014-02-06 10:41:39.326064
01D1082855,Y,260561739, ,,2013-11-19,TRI-CITY PATIENT CARE    , ,11374298,,0,B-IF-PRV-CLIA-UPD_8943636.00,2014-02-06 10:41:39.326068,B-IF-PRV-CLIA-UPD_8943636.00,2014-02-06 10:41:39.326072
01D1082856,Y,260561739, ,,2013-11-19,TRI-CITY PATIENT CARE    , ,11374299,,0,B-IF-PRV-CLIA-UPD_8943636.00,2014-02-06 10:41:39.326076,B-IF-PRV-CLIA-UPD_8943636.00,2014-02-06 10:41:39.326081
01D1092009,Y,630825248, ,2024-11-05,2013-11-20,AMERICAN FAMILY CARE - OR, ,11374300,,0,B-IF-PRV-CLIA-UPD_1110663.00,2024-11-08 18:24:42.527240,B-IF-PRV-CLIA-UPD_8943636.00,2014-02-06 10:41:39.326089
01D1094125,Y,263867732, ,2025-11-05,2013-11-19,GUT PATHOLOGY LLC        , ,11374301,,0,B-IF-PRV-CLIA-UPD_1634416.00,2025-11-07 18:33:22.889888,B-IF-PRV-CLIA-UPD_8943636.00,2014-02-06 10:41:39.326097
01D1107611,Y,631259558, ,,2013-11-19,SELMA PULMONARY & CRITICA, ,11374302,,0,B-IF-PRV-CLIA-UPD_8943636.00,2014-02-06 10:41:39.326102,B-IF-PRV-CLIA-UPD_8943636.00,2014-02-06 10:41:39.326106
01D1107670,Y,636001820, ,2015-11-17,2013-11-19,JACKSON HOSP&CLINIC DBA J, ,11374303,,0,B-IF-PRV-CLIA-UPD_1051298.00,2016-07-15 07:28:53.134577,B-IF-PRV-CLIA-UPD_8943636.00,2014-02-06 10:41:39.326114
01D1107859,Y,631269574, ,,2013-11-19,TROY EYE CARE            , ,11374304,,0,B-IF-PRV-CLIA-UPD_8943636.00,2014-02-06 10:41:39.326118,B-IF-PRV-CLIA-UPD_8943636.00,2014-02-06 10:41:39.326122
01D2001465,Y,263995821, ,2023-11-21,2013-11-26,MEDICAL EAST OF DECATUR  , ,11374305,,0,B-IF-PRV-CLIA-UPD_607211.00,2023-11-24 18:23:32.792489,B-IF-PRV-CLIA-UPD_8943636.00,2014-02-06 10:41:39.326130
01D2017346,Y,581088326, ,,2013-11-22,DOCTORS LABORATORY OF MOB, ,11374306,,0,B-IF-PRV-CLIA-UPD_8943636.00,2014-02-06 10:41:39.326135,B-IF-PRV-CLIA-UPD_8943636.00,2014-02-06 10:41:39.326139
01D2019342,Y,273255459, ,2024-12-10,2013-11-27,STOPWATCH URGENT CARE    , ,11374307,,0,B-IF-PRV-CLIA-UPD_1161280.00,2024-12-13 18:23:34.973433,B-IF-PRV-CLIA-UPD_8943636.00,2014-02-06 10:41:39.326147
01D2020982,Y,273451540, ,2025-07-22,2013-11-19,EASTERN SHORE INTERNAL ME, ,11374308,,0,B-IF-PRV-CLIA-UPD_1482813.00,2025-07-25 18:23:44.190594,B-IF-PRV-CLIA-UPD_8943636.00,2014-02-06 10:41:39.326155
01D2020996,Y,630825248, ,2024-11-05,2013-11-20,AMERICAN FAMILY CARE - SA, ,11374309,,0,B-IF-PRV-CLIA-UPD_1110663.00,2024-11-08 18:24:42.527244,B-IF-PRV-CLIA-UPD_8943636.00,2014-02-06 10:41:39.326164
01D2021318,Y,273082267, ,2016-04-14,2013-11-26,ALABAMA CENTER FOR PAIN M, ,11374310,,0,B-IF-PRV-CLIA-UPD_953610.00,2016-04-21 09:09:18.240748,B-IF-PRV-CLIA-UPD_8943636.00,2014-02-06 10:41:39.326172
01D2024020,Y,581088326, ,,2013-11-22,DOCTORS LABORATORY OF FAI, ,11374311,,0,B-IF-PRV-CLIA-UPD_8943636.00,2014-02-06 10:41:39.326176,B-IF-PRV-CLIA-UPD_8943636.00,2014-02-06 10:41:39.326181
01D2034071,Y,453566233, ,2017-12-26,2013-11-19,TOTAL PERFORMANCE MEDICIN, ,11374312,,0,B-IF-PRV-CLIA-UPD_Hist_27,2018-08-21 14:07:09.697706,B-IF-PRV-CLIA-UPD_8943636.00,2014-02-06 10:41:39.326189
01D2034074,Y,452799132, ,2023-11-21,2013-11-19,TIMOTHY H REAL MD LLC    , ,11374313,,0,B-IF-PRV-CLIA-UPD_607211.00,2023-11-24 18:23:32.792490,B-IF-PRV-CLIA-UPD_8943636.00,2014-02-06 10:41:39.326197
01D2034144,Y,453689843, ,2015-08-27,2013-11-19,RICHARD T KENNEDY MD     , ,11374314,,0,B-IF-PRV-CLIA-UPD_717639.00,2015-10-02 12:03:48.554922,B-IF-PRV-CLIA-UPD_8943636.00,2014-02-06 10:41:39.326205
01D2034201,Y,474758110, ,2024-09-04,2013-11-19,BROOKWOOD OCCUPATIONAL HE, ,11374315,,0,B-IF-PRV-CLIA-UPD_1020569.00,2024-09-06 18:23:28.620443,B-IF-PRV-CLIA-UPD_8943636.00,2014-02-06 10:41:39.326214
01D2034415,Y,630727804, ,2023-11-28,2013-11-26,CHEROKEE QUALITY HEALTH C, ,11374316,,0,B-IF-PRV-CLIA-UPD_617020.00,2023-12-01 18:24:32.341807,B-IF-PRV-CLIA-UPD_8943636.00,2014-02-06 10:41:39.326222
01D2034418,Y,611661796, ,2023-12-19,2013-11-26,NORTH ALABAMA OB/GYN     , ,11374317,,0,B-IF-PRV-CLIA-UPD_646909.00,2023-12-22 18:24:05.573369,B-IF-PRV-CLIA-UPD_8943636.00,2014-02-06 10:41:39.326230
01D2034420,Y,900777863, ,2018-01-02,2013-11-26,EASTERN INTERVENTIONAL PA, ,11374318,,0,B-IF-PRV-CLIA-UPD_Hist_28,2018-08-21 14:14:32.384542,B-IF-PRV-CLIA-UPD_8943636.00,2014-02-06 10:41:39.326238
01D2038584,Y,630862148, ,2024-02-27,2013-11-25,HILL CREST BEHAVIORAL HEA, ,11374319,,0,B-IF-PRV-CLIA-UPD_748721.00,2024-03-01 18:25:01.562772,B-IF-PRV-CLIA-UPD_8943636.00,2014-02-06 10:41:39.326246
01D2038585,Y,630862148, ,2024-02-27,2013-11-25,HILL CREST BEHAVIORAL HEA, ,11374320,,0,B-IF-PRV-CLIA-UPD_748721.00,2024-03-01 18:25:01.562772,B-IF-PRV-CLIA-UPD_8943636.00,2014-02-06 10:41:39.326255
01D2047800,Y,263791276, ,2019-08-13,2013-11-19,CHRISTOPHER B HARMON MD P, ,11374321,,0,B-IF-PRV-CLIA-UPD_2690579.00,2019-08-16 18:01:52.154571,B-IF-PRV-CLIA-UPD_8943636.00,2014-02-06 10:41:39.326263
01D2049443,Y,020697782, ,2022-12-23,2013-11-19,MATTHEW K ABELE MD AT SOU, ,11374322,,0,B-IF-PRV-CLIA-UPD_4884454.00,2023-02-25 23:32:33.521123,B-IF-PRV-CLIA-UPD_8943636.00,2014-02-06 10:41:39.326271
01D2049667,Y,271913972, ,2017-08-23,2013-11-26,INVISION OPHTHALMOLOGY PC, ,11374323,,0,B-IF-PRV-CLIA-UPD_Hist_10,2018-08-21 10:25:45.756278,B-IF-PRV-CLIA-UPD_8943636.00,2014-02-06 10:41:39.326280
01D2066636,Y,462454688, ,2025-09-02,2013-11-26,ASHLAND PLACE HEALTH AND , ,11374324,,0,B-IF-PRV-CLIA-UPD_1543885.00,2025-09-05 19:30:28.571343,B-IF-PRV-CLIA-UPD_8943636.00,2014-02-06 10:41:39.326289
01D2067047,Y,273256301, ,2025-09-09,2013-11-26,ALABAMA WOMEN'S WELLNESS , ,11374325,,0,B-IF-PRV-CLIA-UPD_1554091.00,2025-09-12 18:32:51.905762,B-IF-PRV-CLIA-UPD_8943636.00,2014-02-06 10:41:39.326298
01D2067048,Y,274511667, ,2023-10-17,2013-11-19,MOBILE PHYSICAL MEDICINE , ,11374326,,0,B-IF-PRV-CLIA-UPD_554830.00,2023-10-21 05:25:43.329765,B-IF-PRV-CLIA-UPD_8943636.00,2014-02-06 10:41:39.326306
01D2067730,Y,636001688, ,2015-07-31,2013-11-19,ST CLAIR COUNTY JAIL/MEDI, ,11374327,,0,B-IF-PRV-CLIA-UPD_723052.00,2015-10-07 10:08:01.008346,B-IF-PRV-CLIA-UPD_8943636.00,2014-02-06 10:41:39.326314
01D2067733,Y,636001688, ,2015-07-31,2013-11-19,ST CLAIR COUNTY JAIL     , ,11374328,,0,B-IF-PRV-CLIA-UPD_723052.00,2015-10-07 10:08:01.008350,B-IF-PRV-CLIA-UPD_8943636.00,2014-02-06 10:41:39.326323
01D2067742,Y,901003077, ,2019-10-29,2013-11-26,RELIANT RENAL CARE BESSEM, ,11374329,,0,B-IF-PRV-CLIA-UPD_2817115.00,2019-11-01 18:50:16.816778,B-IF-PRV-CLIA-UPD_8943636.00,2014-02-06 10:41:39.326331
01D2067746,Y,453158937, ,2015-11-03,2013-11-19,ALABAMA WOMEN'S HEALTH FI, ,11374330,,0,B-IF-PRV-CLIA-UPD_1050355.00,2016-07-14 11:38:28.205064,B-IF-PRV-CLIA-UPD_8943636.00,2014-02-06 10:41:39.326339
01D2067749,Y,636001820, ,2025-09-23,2013-11-19,JACKSON HOSPITAL & CLINIC, ,11374331,,0,B-IF-PRV-CLIA-UPD_1574053.00,2025-09-26 18:33:26.956570,B-IF-PRV-CLIA-UPD_8943636.00,2014-02-06 10:41:39.326348
01D2068151,Y,300020381, ,,2013-11-26,HOPE HOMES               , ,11374332,,0,B-IF-PRV-CLIA-UPD_8943636.00,2014-02-06 10:41:39.326352,B-IF-PRV-CLIA-UPD_8943636.00,2014-02-06 10:41:39.326356
01D2068155,Y,274504760, ,2023-11-07,2013-11-26,SYMBOL HEALTH SOLUTIONS A, ,11374333,,0,B-IF-PRV-CLIA-UPD_586540.00,2023-11-10 18:24:38.851227,B-IF-PRV-CLIA-UPD_8943636.00,2014-02-06 10:41:39.326364
01D2068156,Y,631158347, ,2025-09-30,2013-11-19,MORGAN CHIROPRACTIC      , ,11374334,,0,B-IF-PRV-CLIA-UPD_1584657.00,2025-10-03 18:33:16.537709,B-IF-PRV-CLIA-UPD_8943636.00,2014-02-06 10:41:39.326373
01D2068654,Y,630961535, ,2015-11-17,2013-11-26,THE LIVINGSTON CLINIC    , ,11374335,,0,B-IF-PRV-CLIA-UPD_1051298.00,2016-07-15 07:28:53.134603,B-IF-PRV-CLIA-UPD_8943636.00,2014-02-06 10:41:39.326381
02D0640333,Y,920018977, ,2019-09-30,2013-11-26,ANCHORAGE MEDICAL & SURGI, ,11374336,,0,B-IF-PRV-CLIA-UPD_2771204.00,2019-10-04 18:01:27.051944,B-IF-PRV-CLIA-UPD_8943636.00,2014-02-06 10:41:39.326390
02D0640552,Y,920100075, ,2025-01-28,2013-11-19,INDEPENDENCE PARK MEDICAL, ,11374337,,0,B-IF-PRV-CLIA-UPD_1230833.00,2025-01-31 18:24:39.004918,B-IF-PRV-CLIA-UPD_8943636.00,2014-02-06 10:41:39.326398
02D0640776,Y,475401292, ,2024-06-12,2013-11-26,ORTHOALASKA              , ,11374338,,0,B-IF-PRV-CLIA-UPD_900171.00,2024-06-14 18:23:36.393052,B-IF-PRV-CLIA-UPD_8943636.00,2014-02-06 10:41:39.326406
02D0641001,Y,920069906, ,2025-08-26,2013-11-26,NINILCHIK COMMUNITY CLINI, ,11374339,,0,B-IF-PRV-CLIA-UPD_1533513.00,2025-08-29 18:33:37.266250,B-IF-PRV-CLIA-UPD_8943636.00,2014-02-06 10:41:39.326414
02D0641016,Y,814926904, ,2025-03-18,2013-11-26,"FAMILY HEALTH CENTER, THE", ,11374340,,0,B-IF-PRV-CLIA-UPD_1301193.00,2025-03-21 18:24:23.926564,B-IF-PRV-CLIA-UPD_8943636.00,2014-02-06 10:41:39.326423
02D0641061,Y,920093589, ,2020-11-06,2013-11-26,PENINSULA MEDICAL CENTER , ,11374341,,0,B-IF-PRV-CLIA-UPD_4030720.00,2021-10-22 12:42:59.050950,B-IF-PRV-CLIA-UPD_8943636.00,2014-02-06 10:41:39.326431
02D0641087,Y,920117838, ,2025-05-06,2013-11-19,SUNSHINE COMMUNITY HEALTH, ,11374342,,0,B-IF-PRV-CLIA-UPD_1371269.00,2025-05-09 18:24:13.771961,B-IF-PRV-CLIA-UPD_8943636.00,2014-02-06 10:41:39.326439
02D0641104,Y,920165895, ,2015-01-05,2013-11-26,PROVIDENCE MEDICAL GROUP , ,11374343,,0,B-IF-PRV-CLIA-UPD_723052.00,2015-10-07 10:08:01.133710,B-IF-PRV-CLIA-UPD_8943636.00,2014-02-06 10:41:39.326447
02D0641243,Y,320499956, ,2025-07-02,2013-11-26,"FOUNDATION HEALTH, LLC   ", ,11374344,,0,B-IF-PRV-CLIA-UPD_1453104.00,2025-07-04 18:23:41.506216,B-IF-PRV-CLIA-UPD_8943636.00,2014-02-06 10:41:39.326456
02D0641295,Y,910947432, ,2025-06-11,2013-11-26,FAMILY MEDICAL CENTER    , ,11374345,,0,B-IF-PRV-CLIA-UPD_1421943.00,2025-06-13 18:24:43.009566,B-IF-PRV-CLIA-UPD_8943636.00,2014-02-06 10:41:39.326464
02D0641316,Y,910947432, ,2025-06-11,2013-11-26,UPPER TANANA HEALTH CLINI, ,11374346,,0,B-IF-PRV-CLIA-UPD_1421943.00,2025-06-13 18:24:43.009567,B-IF-PRV-CLIA-UPD_8943636.00,2014-02-06 10:41:39.326472
02D0641335,Y,400423486, ,2023-11-21,2013-11-26,GLACIER PEDIATRICS       , ,11374347,,0,B-IF-PRV-CLIA-UPD_607211.00,2023-11-24 18:23:32.792504,B-IF-PRV-CLIA-UPD_8943636.00,2014-02-06 10:41:39.326481
02D0641358,Y,320800424, ,2025-11-04,2013-11-26,BARTLETT FAMILY MEDICINE , ,11374348,,0,B-IF-PRV-CLIA-UPD_1634416.00,2025-11-07 18:33:22.889911,B-IF-PRV-CLIA-UPD_8943636.00,2014-02-06 10:41:39.326489
02D0641380,Y,920119413, ,2023-11-21,2013-11-26,VALLEY MEDICAL CARE PC   , ,11374349,,0,B-IF-PRV-CLIA-UPD_607211.00,2023-11-24 18:23:32.792505,B-IF-PRV-CLIA-UPD_8943636.00,2014-02-06 10:41:39.326497
02D0671504,Y,920104551, ,2024-03-26,2013-11-26,FIRST CARE MEDICAL CENTER, ,11374350,,0,B-IF-PRV-CLIA-UPD_789165.00,2024-03-29 18:23:21.510207,B-IF-PRV-CLIA-UPD_8943636.00,2014-02-06 10:41:39.326505
02D0680417,Y,842077646, ,2025-05-20,2013-11-18,POCAHONTAS HEALTHCARE    , ,11374351,,0,B-IF-PRV-CLIA-UPD_1392056.00,2025-05-23 18:24:36.403883,B-IF-PRV-CLIA-UPD_8943636.00,2014-02-06 10:41:39.326514
02D0720693,Y,237286827, ,2023-11-21,2013-11-19,FRESENIUS MEDICAL CARE FA, ,11374352,,0,B-IF-PRV-CLIA-UPD_607211.00,2023-11-24 18:23:32.792505,B-IF-PRV-CLIA-UPD_8943636.00,2014-02-06 10:41:39.326522
03D0884428,Y,860220398, ,2021-12-16,2013-11-26,PULMONARY ASSOCIATES     , ,11374398,,0,B-IF-PRV-CLIA-UPD_4126906.00,2021-12-17 18:27:53.053087,B-IF-PRV-CLIA-UPD_8943636.00,2014-02-06 10:41:39.326905
03D0909994,Y,352250273, ,2023-11-28,2013-11-26,SIERRA TUCSON LLC        , ,11374399,,0,B-IF-PRV-CLIA-UPD_617020.00,2023-12-01 18:24:32.341837,B-IF-PRV-CLIA-UPD_8943636.00,2014-02-06 10:41:39.326913
03D0910022,Y,480728186, ,2024-03-11,2013-11-26,CHANDLER VALLEY HOPE     , ,11374400,,0,B-IF-PRV-CLIA-UPD_769147.00,2024-03-15 18:24:33.904223,B-IF-PRV-CLIA-UPD_8943636.00,2014-02-06 10:41:39.326921
03D0912338,Y,208602074, ,2024-02-06,2013-11-26,AMERICAN CURRENT CARE OF , ,11374401,,0,B-IF-PRV-CLIA-UPD_718099.00,2024-02-09 18:23:25.462151,B-IF-PRV-CLIA-UPD_8943636.00,2014-02-06 10:41:39.326929
03D0935242,Y,231943113, ,2025-11-10,2013-11-26,"BAYADA HOME HEALTH CARE, ", ,11374402,,0,B-IF-PRV-CLIA-UPD_1643851.00,2025-11-14 18:32:51.848702,B-IF-PRV-CLIA-UPD_8943636.00,2014-02-06 10:41:39.326938
03D0937352,Y,860224023, ,2023-11-21,2013-11-19,PHOENIX CHILDREN'S PEDIAT, ,11374403,,0,B-IF-PRV-CLIA-UPD_607211.00,2023-11-24 18:23:32.792512,B-IF-PRV-CLIA-UPD_8943636.00,2014-02-06 10:41:39.326946
03D0937834,Y,860891250, ,2022-05-31,2013-11-26,"WENDY HUEMPFNER MD, PC   ", ,11374404,,0,B-IF-PRV-CLIA-UPD_4882376.00,2023-02-24 23:24:48.453974,B-IF-PRV-CLIA-UPD_8943636.00,2014-02-06 10:41:39.326954
03D0939519,Y,860011170, ,2023-11-21,2013-11-26,PALO VERDE NUCLEAR GENERA, ,11374405,,0,B-IF-PRV-CLIA-UPD_607211.00,2023-11-24 18:23:32.792513,B-IF-PRV-CLIA-UPD_8943636.00,2014-02-06 10:41:39.326963
03D0955274,Y,860629520, ,,2013-11-25,ADVANCED CARDIAC SPECIALI, ,11374406,,0,B-IF-PRV-CLIA-UPD_8943636.00,2014-02-06 10:41:39.326967,B-IF-PRV-CLIA-UPD_8943636.00,2014-02-06 10:41:39.326971
03D0967684,Y,860932802, ,,2013-11-26,BENDEL CLINIC            , ,11374407,,0,B-IF-PRV-CLIA-UPD_8943636.00,2014-02-06 10:41:39.326975,B-IF-PRV-CLIA-UPD_8943636.00,2014-02-06 10:41:39.326979
03D0972795,Y,860948936, ,2024-03-19,2013-11-26,"MAXWELL MEDICAL GROUP, PC", ,11374408,,0,B-IF-PRV-CLIA-UPD_779574.00,2024-03-22 18:25:04.169107,B-IF-PRV-CLIA-UPD_8943636.00,2014-02-06 10:41:39.326987
03D0973410,Y,262055034, ,2018-05-08,2013-11-19,INTEGRATED ASSOCIATES OF , ,11374409,,0,B-IF-PRV-CLIA-UPD_Hist_46,2018-08-22 01:37:39.431517,B-IF-PRV-CLIA-UPD_8943636.00,2014-02-06 10:41:39.326996
03D0980186,Y,850928319, ,2024-12-10,2013-11-25,"NORTHWEST URGENT CARE, LL", ,11374410,,0,B-IF-PRV-CLIA-UPD_1161280.00,2024-12-13 18:23:34.973495,B-IF-PRV-CLIA-UPD_8943636.00,2014-02-06 10:41:39.327004
03D0992677,Y,262055034, ,2023-10-31,2013-11-26,STEWARD MEDICAL GROUP OF , ,11374411,,0,B-IF-PRV-CLIA-UPD_576295.00,2023-11-03 18:25:17.855215,B-IF-PRV-CLIA-UPD_8943636.00,2014-02-06 10:41:39.327012
03D0994478,Y,860930581, ,2023-11-14,2013-11-19,ARIZONA CENTER FOR HEMATO, ,11374412,,0,B-IF-PRV-CLIA-UPD_596715.00,2023-11-17 18:23:15.026376,B-IF-PRV-CLIA-UPD_8943636.00,2014-02-06 10:41:39.327020
03D0999578,Y,820184434, ,2023-11-28,2013-11-26,OSCO DRUG #958           , ,11374413,,0,B-IF-PRV-CLIA-UPD_617020.00,2023-12-01 18:24:32.341843,B-IF-PRV-CLIA-UPD_8943636.00,2014-02-06 10:41:39.327213
03D1020303,Y,237314364, ,2023-11-21,2013-11-19,SAGE DIABETIC CLINIC     , ,11374414,,0,B-IF-PRV-CLIA-UPD_607211.00,2023-11-24 18:23:32.792515,B-IF-PRV-CLIA-UPD_8943636.00,2014-02-06 10:41:39.327222
03D1020398,Y,861031142, ,2023-11-21,2013-11-19,"YUMA CARDIAC CENTER, PC  ", ,11374415,,0,B-IF-PRV-CLIA-UPD_607211.00,2023-11-24 18:23:32.792515,B-IF-PRV-CLIA-UPD_8943636.00,2014-02-06 10:41:39.327230
03D1020628,Y,571147224, ,2023-11-28,2013-11-26,DESERT ROSE MEDICAL CONSU, ,11374416,,0,B-IF-PRV-CLIA-UPD_617020.00,2023-12-01 18:24:32.498519,B-IF-PRV-CLIA-UPD_8943636.00,2014-02-06 10:41:39.327239
03D1028053,Y,261255198, ,2024-06-25,2013-11-25,"MEADOWS RANCH, THE       ", ,11374417,,0,B-IF-PRV-CLIA-UPD_920463.00,2024-06-28 18:23:38.814210,B-IF-PRV-CLIA-UPD_8943636.00,2014-02-06 10:41:39.327247
03D1036985,Y,860828589, ,2017-02-21,2013-11-27,HONOR HEALTH MEDICAL GROU, ,11374418,,0,B-IF-PRV-CLIA-UPD_1417425.00,2017-05-17 04:33:53.380690,B-IF-PRV-CLIA-UPD_8943636.00,2014-02-06 10:41:39.327255
03D1043964,Y,621762430, ,2017-12-22,2013-11-25,"NORTHWEST MEDICAL CENTER,", ,11374419,,0,B-IF-PRV-CLIA-UPD_Hist_26,2018-08-21 13:40:00.570340,B-IF-PRV-CLIA-UPD_8943636.00,2014-02-06 10:41:39.327263
03D1046812,Y,463670624, ,2015-10-27,2013-11-26,UCR HEALTHCARE LLC       , ,11374420,,0,B-IF-PRV-CLIA-UPD_1050158.00,2016-07-14 06:07:31.118443,B-IF-PRV-CLIA-UPD_8943636.00,2014-02-06 10:41:39.327271
03D1047998,Y,934895258, ,2024-05-28,2013-11-20,NEXTCARE ARIZONA I JV LLC, ,11374421,,0,B-IF-PRV-CLIA-UPD_880000.00,2024-05-31 18:23:38.770163,B-IF-PRV-CLIA-UPD_8943636.00,2014-02-06 10:41:39.327280
03D1049070,Y,830436245, ,2015-12-29,2013-11-26,"MICHAEL R WHITE, MD      ", ,11374422,,0,B-IF-PRV-CLIA-UPD_1056133.00,2016-07-19 05:59:27.802787,B-IF-PRV-CLIA-UPD_8943636.00,2014-02-06 10:41:39.327289
03D1049080,Y,203325781, ,2023-11-21,2013-11-26,VALLEY HOME CARE LLC     , ,11374423,,0,B-IF-PRV-CLIA-UPD_607211.00,2023-11-24 18:23:32.792516,B-IF-PRV-CLIA-UPD_8943636.00,2014-02-06 10:41:39.327298
03D1051518,Y,860098923, ,2025-10-22,2013-11-27,YAVAPAI REGIONAL MEDICAL , ,11374424,,0,B-IF-PRV-CLIA-UPD_1614092.00,2025-10-24 18:32:46.695058,B-IF-PRV-CLIA-UPD_8943636.00,2014-02-06 10:41:39.327306
03D1064744,Y,621637129, ,2025-10-17,2013-11-27,"INFORM DIAGNOSTICS, INC  ", ,11374425,,0,B-IF-PRV-CLIA-UPD_1614092.00,2025-10-24 18:32:46.695059,B-IF-PRV-CLIA-UPD_8943636.00,2014-02-06 10:41:39.327314
03D1066939,Y,261097089, ,,2013-11-19,ANA'S HAVEN ADULT HOMECAR, ,11374426,,0,B-IF-PRV-CLIA-UPD_8943636.00,2014-02-06 10:41:39.327319,B-IF-PRV-CLIA-UPD_8943636.00,2014-02-06 10:41:39.327323
03D1074397,Y,860673204, ,2025-03-25,2013-11-26,SKIN & CANCER CENTER OF A, ,11374427,,0,B-IF-PRV-CLIA-UPD_1310991.00,2025-03-28 18:24:13.866671,B-IF-PRV-CLIA-UPD_8943636.00,2014-02-06 10:41:39.327331
03D1076316,Y,860888560, ,2023-10-10,2013-11-19,PIMA HEART AND VASCULAR  , ,11374428,,0,B-IF-PRV-CLIA-UPD_545273.00,2023-10-13 18:24:10.385326,B-IF-PRV-CLIA-UPD_8943636.00,2014-02-06 10:41:39.327339
03D1077540,Y,860212139, ,2015-12-22,2013-11-26,PHOENIX INDIAN MEDICAL CE, ,11374429,,0,B-IF-PRV-CLIA-UPD_1056122.00,2016-07-19 05:36:37.783394,B-IF-PRV-CLIA-UPD_8943636.00,2014-02-06 10:41:39.327348
03D1077562,Y,260679368, ,2023-11-14,2013-11-19,PLEASANT PEDIATRICS      , ,11374430,,0,B-IF-PRV-CLIA-UPD_596715.00,2023-11-17 18:23:15.026378,B-IF-PRV-CLIA-UPD_8943636.00,2014-02-06 10:41:39.327356
03D1077645,Y,205922373, ,2015-12-22,2013-11-19,RONALD C BURTON MD PC    , ,11374431,,0,B-IF-PRV-CLIA-UPD_1056122.00,2016-07-19 05:36:37.783399,B-IF-PRV-CLIA-UPD_8943636.00,2014-02-06 10:41:39.327365
03D1077757,Y,261510653, ,2023-11-21,2013-11-19,SCOTTSDALE ADULT MEDICINE, ,11374432,,0,B-IF-PRV-CLIA-UPD_607211.00,2023-11-24 18:23:32.792518,B-IF-PRV-CLIA-UPD_8943636.00,2014-02-06 10:41:39.327373
03D1077762,Y,260642202, ,2022-05-31,2013-11-19,ESPERANZA HEALTHCARE     , ,11374433,,0,B-IF-PRV-CLIA-UPD_4882376.00,2023-02-24 23:24:48.555417,B-IF-PRV-CLIA-UPD_8943636.00,2014-02-06 10:41:39.327381
03D1077822,Y,860892869, ,2023-11-21,2013-11-19,APEX INTERNAL MEDICINE   , ,11374434,,0,B-IF-PRV-CLIA-UPD_607211.00,2023-11-24 18:23:32.792518,B-IF-PRV-CLIA-UPD_8943636.00,2014-02-06 10:41:39.327390
03D1077872,Y,260775546, ,2023-11-21,2013-11-26,NORTHWEST TUCSON DIALYSIS, ,11374435,,0,B-IF-PRV-CLIA-UPD_607211.00,2023-11-24 18:23:32.792519,B-IF-PRV-CLIA-UPD_8943636.00,2014-02-06 10:41:39.327398
03D1077959,Y,843623972, ,2023-11-21,2013-11-26,"SOUTHWEST ENDOSCOPY, LLC ", ,11374436,,0,B-IF-PRV-CLIA-UPD_607211.00,2023-11-24 18:23:32.792519,B-IF-PRV-CLIA-UPD_8943636.00,2014-02-06 10:41:39.327406
03D1078477,Y,260264998, ,2018-01-16,2013-11-26,NANNI B BACHENHEIMER MD P, ,11374437,,0,B-IF-PRV-CLIA-UPD_Hist_30,2018-08-21 15:41:08.351291,B-IF-PRV-CLIA-UPD_8943636.00,2014-02-06 10:41:39.327415
03D1085818,Y,383749424, ,2022-05-31,2013-11-25,VITAL WELLNESS HOME HEALT, ,11374438,,0,B-IF-PRV-CLIA-UPD_4882376.00,2023-02-24 23:24:48.555445,B-IF-PRV-CLIA-UPD_8943636.00,2014-02-06 10:41:39.327423
03D1088519,Y,521278857, ,,2013-11-26,INSIGHT IMAGING-THOMAS RO, ,11374439,,0,B-IF-PRV-CLIA-UPD_8943636.00,2014-02-06 10:41:39.327428,B-IF-PRV-CLIA-UPD_8943636.00,2014-02-06 10:41:39.327432
03D1088773,Y,860767800, ,2024-08-06,2013-11-18,TUCSON FAMILY MEDICINE   , ,11374440,,0,B-IF-PRV-CLIA-UPD_980670.00,2024-08-09 18:24:14.350923,B-IF-PRV-CLIA-UPD_8943636.00,2014-02-06 10:41:39.327440
03D1092228,Y,320197974, ,2025-11-12,2013-11-27,WESTERN REGIONAL MEDICAL , ,11374441,,0,B-IF-PRV-CLIA-UPD_1643851.00,2025-11-14 18:32:51.848708,B-IF-PRV-CLIA-UPD_8943636.00,2014-02-06 10:41:39.327448
03D1095265,Y,205898433, ,2022-05-31,2013-11-19,ARROWHEAD MEDICAL INC    , ,11374442,,0,B-IF-PRV-CLIA-UPD_4882376.00,2023-02-24 23:24:48.555494,B-IF-PRV-CLIA-UPD_8943636.00,2014-02-06 10:41:39.327457
02D0981476,Y,920016429, ,2023-11-21,2013-11-26,PROVIDENCE FAMILY MEDICIN, ,11374353,,0,B-IF-PRV-CLIA-UPD_607211.00,2023-11-24 18:23:32.792506,B-IF-PRV-CLIA-UPD_8943636.00,2014-02-06 10:41:39.326530
02D0994441,Y,920177751, ,2017-12-28,2013-11-19,GENEVA WOODS BIRTH CENTER, ,11374354,,0,B-IF-PRV-CLIA-UPD_Hist_27,2018-08-21 14:07:09.697734,B-IF-PRV-CLIA-UPD_8943636.00,2014-02-06 10:41:39.326539
02D0994603,Y,920134463, ,2024-01-02,2013-11-26,SVT HEALTH & WELNESS     , ,11374355,,0,B-IF-PRV-CLIA-UPD_667132.00,2024-01-05 18:23:23.339855,B-IF-PRV-CLIA-UPD_8943636.00,2014-02-06 10:41:39.326547
02D1020557,Y,300214310, ,2023-11-28,2013-11-26,DENALI OB GYN CLINIC     , ,11374356,,0,B-IF-PRV-CLIA-UPD_617020.00,2023-12-01 18:24:32.341817,B-IF-PRV-CLIA-UPD_8943636.00,2014-02-06 10:41:39.326555
02D1020558,Y,920146203, ,2023-11-28,2013-11-26,KODIAK COMMUNITY HEALTH C, ,11374357,,0,B-IF-PRV-CLIA-UPD_617020.00,2023-12-01 18:24:32.341817,B-IF-PRV-CLIA-UPD_8943636.00,2014-02-06 10:41:39.326564
02D1020562,Y,611591533, ,2024-12-10,2013-11-26,PROVIDENCE MEDICAL GROUP , ,11374358,,0,B-IF-PRV-CLIA-UPD_1161280.00,2024-12-13 18:23:34.973480,B-IF-PRV-CLIA-UPD_8943636.00,2014-02-06 10:41:39.326572
02D1020564,Y,753133356, ,2019-12-31,2013-11-26,HEALTH WORKS FAMILY MEDIC, ,11374359,,0,B-IF-PRV-CLIA-UPD_2922217.00,2020-01-03 18:16:20.724668,B-IF-PRV-CLIA-UPD_8943636.00,2014-02-06 10:41:39.326580
02D1049078,Y,920113788, ,2023-11-21,2013-11-26,ALASKAN AIDS ASSISTANCE A, ,11374360,,0,B-IF-PRV-CLIA-UPD_607211.00,2023-11-24 18:23:32.792507,B-IF-PRV-CLIA-UPD_8943636.00,2014-02-06 10:41:39.326589
02D1106241,Y,920162721, ,2023-10-17,2013-11-19,ANTHC HIV/STD PROGRAM SER, ,11374361,,0,B-IF-PRV-CLIA-UPD_554830.00,2023-10-21 05:25:43.329782,B-IF-PRV-CLIA-UPD_8943636.00,2014-02-06 10:41:39.326597
02D2001519,Y,920044965, ,2023-09-23,2013-11-26,CRITICAL CARE AIR AMBULAN, ,11374362,,0,B-IF-PRV-CLIA-UPD_524774.00,2023-09-29 18:24:21.247841,B-IF-PRV-CLIA-UPD_8943636.00,2014-02-06 10:41:39.326605
02D2034109,Y,205644900, ,2015-07-13,2013-11-19,LASER VEIN CENTER OF THE , ,11374363,,0,B-IF-PRV-CLIA-UPD_723052.00,2015-10-07 10:08:01.266024,B-IF-PRV-CLIA-UPD_8943636.00,2014-02-06 10:41:39.326614
02D2034112,Y,205644900, ,2015-12-22,2013-11-19,LASER VEIN CENTER  OF ANC, ,11374364,,0,B-IF-PRV-CLIA-UPD_1056122.00,2016-07-19 05:36:37.783298,B-IF-PRV-CLIA-UPD_8943636.00,2014-02-06 10:41:39.326622
02D2066847,Y,800183159, ,2016-07-05,2013-11-19,"H2U WELLNESS CENTERS, LLC", ,11374365,,0,B-IF-PRV-CLIA-UPD_1047027.00,2016-07-11 18:15:24.370948,B-IF-PRV-CLIA-UPD_8943636.00,2014-02-06 10:41:39.326630
02D2068228,Y,574840484, ,2015-11-10,2013-11-26,WOMB TO GROW             , ,11374366,,0,B-IF-PRV-CLIA-UPD_1051127.00,2016-07-15 02:48:48.597330,B-IF-PRV-CLIA-UPD_8943636.00,2014-02-06 10:41:39.326639
02D2068571,Y,462342149, ,2025-11-11,2013-11-26,"PAIN AND HEADACHE CENTER,", ,11374367,,0,B-IF-PRV-CLIA-UPD_1643851.00,2025-11-14 18:32:51.848695,B-IF-PRV-CLIA-UPD_8943636.00,2014-02-06 10:41:39.326647
03D0057991,Y,237314364, ,2025-11-04,2013-11-20,SAGE MEMORIAL HOSPITAL / , ,11374368,,0,B-IF-PRV-CLIA-UPD_1634416.00,2025-11-07 18:33:22.889920,B-IF-PRV-CLIA-UPD_8943636.00,2014-02-06 10:41:39.326655
03D0526648,Y,860938204, ,2021-10-08,2013-11-26,HEMATOLOGY ONCOLOGY ASSOC, ,11374369,,0,B-IF-PRV-CLIA-UPD_4018679.00,2021-10-15 18:58:14.054936,B-IF-PRV-CLIA-UPD_8943636.00,2014-02-06 10:41:39.326663
03D0526691,Y,941196203, ,2025-07-09,2013-11-27,ST JOSEPH'S HOSPITAL & ME, ,11374370,,0,B-IF-PRV-CLIA-UPD_1463113.00,2025-07-11 18:23:41.860751,B-IF-PRV-CLIA-UPD_8943636.00,2014-02-06 10:41:39.326672
03D0527400,Y,860229225, ,2024-06-12,2013-11-26,FAMILY PRACTICE SPECIALIS, ,11374371,,0,B-IF-PRV-CLIA-UPD_900171.00,2024-06-14 18:23:36.393065,B-IF-PRV-CLIA-UPD_8943636.00,2014-02-06 10:41:39.326680
03D0527558,Y,861003803, ,2023-11-28,2013-11-26,TATUM RIDGE INTERNAL MEDI, ,11374372,,0,B-IF-PRV-CLIA-UPD_617020.00,2023-12-01 18:24:32.341825,B-IF-PRV-CLIA-UPD_8943636.00,2014-02-06 10:41:39.326688
03D0527585,Y,202743876, ,2014-07-31,2013-11-26,ARIZONA RADIATION THERAPY, ,11374373,,0,B-IF-PRV-CLIA-UPD_233151.00,2014-12-04 12:26:48.203713,B-IF-PRV-CLIA-UPD_8943636.00,2014-02-06 10:41:39.326696
03D0528474,Y,860528661, ,2018-08-15,2013-11-26,AHWATUKEE FAMILY PHYSICIA, ,11374374,,0,B-IF-PRV-CLIA-UPD_2107617.00,2018-08-17 18:07:35.841163,B-IF-PRV-CLIA-UPD_8943636.00,2014-02-06 10:41:39.326704
03D0530247,Y,820733301, ,2025-09-04,2013-11-26,ARBOR PEDIATRICS         , ,11374375,,0,B-IF-PRV-CLIA-UPD_1543885.00,2025-09-05 19:30:28.571380,B-IF-PRV-CLIA-UPD_8943636.00,2014-02-06 10:41:39.326713
03D0530599,Y,860597700, ,2015-12-29,2013-11-26,FAMILY PHYSICIANS OF EAST, ,11374376,,0,B-IF-PRV-CLIA-UPD_1056133.00,2016-07-19 05:59:27.802715,B-IF-PRV-CLIA-UPD_8943636.00,2014-02-06 10:41:39.326721
03D0530708,Y,272337725, ,2024-12-19,2013-11-19,OPTUM PRIMARY CARE - WARN, ,11374377,,0,B-IF-PRV-CLIA-UPD_1171298.00,2024-12-20 18:23:19.289534,B-IF-PRV-CLIA-UPD_8943636.00,2014-02-06 10:41:39.326729
03D0530946,Y,860379167, ,2023-11-28,2013-11-26,ARIZONA ASTHMA & ALLERGY , ,11374378,,0,B-IF-PRV-CLIA-UPD_617020.00,2023-12-01 18:24:32.341826,B-IF-PRV-CLIA-UPD_8943636.00,2014-02-06 10:41:39.326738
03D0531089,Y,860871311, ,2023-05-09,2013-11-19,AJO COMMUNITY HEALTH CENT, ,11374379,,0,B-IF-PRV-CLIA-UPD_5017985.00,2023-05-12 18:26:33.156901,B-IF-PRV-CLIA-UPD_8943636.00,2014-02-06 10:41:39.326746
03D0532799,Y,272337725, ,2024-05-14,2013-11-26,OPTUM PRIMARY CARE-E GRAN, ,11374380,,0,B-IF-PRV-CLIA-UPD_864433.00,2024-05-20 18:23:22.720355,B-IF-PRV-CLIA-UPD_8943636.00,2014-02-06 10:41:39.326754
03D0532965,Y,860767800, ,2023-11-28,2013-11-26,ARIZONA COMMUNITY PHYSICI, ,11374381,,0,B-IF-PRV-CLIA-UPD_617020.00,2023-12-01 18:24:32.341828,B-IF-PRV-CLIA-UPD_8943636.00,2014-02-06 10:41:39.326763
03D0532968,Y,860137567, ,2025-07-02,2013-11-27,TUCSON MEDICAL CENTER    , ,11374382,,0,B-IF-PRV-CLIA-UPD_1453104.00,2025-07-04 18:23:41.654127,B-IF-PRV-CLIA-UPD_8943636.00,2014-02-06 10:41:39.326771
03D0533517,Y,474131755, ,2025-10-15,2013-11-27,"SMSJ TUCSON HOLDINGS, LLC", ,11374383,,0,B-IF-PRV-CLIA-UPD_1604584.00,2025-10-17 19:56:21.757110,B-IF-PRV-CLIA-UPD_8943636.00,2014-02-06 10:41:39.326779
03D0533757,Y,020642867, ,2018-01-02,2013-11-26,ASPEN FAMILY MEDICINE    , ,11374384,,0,B-IF-PRV-CLIA-UPD_Hist_28,2018-08-21 14:14:32.384593,B-IF-PRV-CLIA-UPD_8943636.00,2014-02-06 10:41:39.326788
03D0534329,Y,860891860, ,2024-07-24,2013-11-26,"F P S MEDICAL CENTER, LTD", ,11374385,,0,B-IF-PRV-CLIA-UPD_960812.00,2024-07-26 18:23:27.469830,B-IF-PRV-CLIA-UPD_8943636.00,2014-02-06 10:41:39.326797
03D0534370,Y,860491601, ,2019-12-24,2013-11-19,HAVASU WOMEN'S HEALTH CEN, ,11374386,,0,B-IF-PRV-CLIA-UPD_2910216.00,2019-12-27 18:19:33.248702,B-IF-PRV-CLIA-UPD_8943636.00,2014-02-06 10:41:39.326805
03D0642017,Y,474131755, ,2025-07-02,2013-11-27,"SMSJ TUSCON HOLDINGS, LLC", ,11374387,,1,B-IF-PRV-CLIA-UPD_1453104.00,2025-07-04 18:23:41.654132,B-IF-PRV-CLIA-UPD_8943636.00,2014-02-06 10:41:39.326813
03D0675531,Y,860418524, ,2025-09-10,2013-11-26,SOUTHWEST FERTILITY CENTE, ,11374388,,0,B-IF-PRV-CLIA-UPD_1554091.00,2025-09-12 18:32:51.905779,B-IF-PRV-CLIA-UPD_8943636.00,2014-02-06 10:41:39.326821
03D0680709,Y,860181654, ,2025-08-26,2013-11-26,HONORHEALTH CANCER CARE  , ,11374389,,0,B-IF-PRV-CLIA-UPD_1533513.00,2025-08-29 18:33:37.266258,B-IF-PRV-CLIA-UPD_8943636.00,2014-02-06 10:41:39.326830
03D0683021,Y,205824138, ,2018-05-11,2013-11-26,NEXTCARE ARIZONA LLC DBA , ,11374390,,0,B-IF-PRV-CLIA-UPD_Hist_47,2018-08-22 01:45:33.953920,B-IF-PRV-CLIA-UPD_8943636.00,2014-02-06 10:41:39.326838
03D0692210,Y,860371760, ,2024-11-12,2013-11-26,PHOENIX CHILDREN'S CENTER, ,11374391,,0,B-IF-PRV-CLIA-UPD_1120578.00,2024-11-15 18:24:17.567644,B-IF-PRV-CLIA-UPD_8943636.00,2014-02-06 10:41:39.326847
03D0704110,Y,520858115, ,2025-10-15,2013-11-26,NATIONAL INSTITUTES OF HE, ,11374392,,0,B-IF-PRV-CLIA-UPD_1604584.00,2025-10-17 19:56:21.757114,B-IF-PRV-CLIA-UPD_8943636.00,2014-02-06 10:41:39.326855
03D0711676,Y,860629520, ,,2013-11-25,ADVANCED CARDIAC SPECIALI, ,11374393,,0,B-IF-PRV-CLIA-UPD_8943636.00,2014-02-06 10:41:39.326859,B-IF-PRV-CLIA-UPD_8943636.00,2014-02-06 10:41:39.326863
03D0719732,Y,860847062, ,2022-03-18,2013-11-26,HEALTHY SKIN DERMATOLOGY , ,11374394,,0,B-IF-PRV-CLIA-UPD_4882033.00,2023-02-24 20:41:26.644420,B-IF-PRV-CLIA-UPD_8943636.00,2014-02-06 10:41:39.326871
03D0860951,Y,860212139, ,2025-11-12,2013-11-27,PHOENIX INDIAN MEDICAL CE, ,11374395,,0,B-IF-PRV-CLIA-UPD_1643851.00,2025-11-14 18:32:51.848700,B-IF-PRV-CLIA-UPD_8943636.00,2014-02-06 10:41:39.326880
03D0870547,Y,860409246, ,2023-09-05,2013-11-26,UROLOGY CLINIC           , ,11374396,,0,B-IF-PRV-CLIA-UPD_493086.00,2023-09-08 18:25:01.527638,B-IF-PRV-CLIA-UPD_8943636.00,2014-02-06 10:41:39.326888
03D0879937,Y,208602074, ,2025-09-16,2013-11-26,AMERICAN CURRENT CARE OF , ,11374397,,0,B-IF-PRV-CLIA-UPD_1564019.00,2025-09-19 18:33:35.228755,B-IF-PRV-CLIA-UPD_8943636.00,2014-02-06 10:41:39.326896
03D1095284,Y,263855895, ,2025-01-28,2013-11-25,ARROWHEAD WOMEN'S CENTER , ,11374443,,0,B-IF-PRV-CLIA-UPD_1230833.00,2025-01-31 18:24:39.208820,B-IF-PRV-CLIA-UPD_8943636.00,2014-02-06 10:41:39.327465
03D1098914,Y,260175030, ,2017-04-18,2013-11-21,SPECIALTY PAIN MANAGEMENT, ,11374444,,0,B-IF-PRV-CLIA-UPD_1417570.00,2017-05-17 07:30:20.271983,B-IF-PRV-CLIA-UPD_8943636.00,2014-02-06 10:41:39.327473
03D1099870,Y,141906233, ,2019-09-19,2013-11-26,HACIENDA SKILLED NURSING , ,11374445,,0,B-IF-PRV-CLIA-UPD_2747047.00,2019-09-20 18:01:10.873281,B-IF-PRV-CLIA-UPD_8943636.00,2014-02-06 10:41:39.327482
03D1101830,Y,261668861, ,2025-07-08,2013-11-19,FOCUS HOME THERAPY AND ME, ,11374446,,0,B-IF-PRV-CLIA-UPD_1463113.00,2025-07-11 18:23:42.079801,B-IF-PRV-CLIA-UPD_8943636.00,2014-02-06 10:41:39.327490
03D1106028,Y,860860427, ,2025-09-02,2013-11-19,CARDIOVASCULAR CONSULTANT, ,11374447,,0,B-IF-PRV-CLIA-UPD_1543885.00,2025-09-05 19:30:28.571395,B-IF-PRV-CLIA-UPD_8943636.00,2014-02-06 10:41:39.327498
03D2000018,Y,204512560, ,,2013-11-26,SUN MILLS MEDICAL PRACTIC, ,11374448,,0,B-IF-PRV-CLIA-UPD_8943636.00,2014-02-06 10:41:39.327503,B-IF-PRV-CLIA-UPD_8943636.00,2014-02-06 10:41:39.327507
03D2001186,Y,900389314, ,2019-12-24,2013-11-19,BANNER BOSWELL MEDICAL CE, ,11374449,,0,B-IF-PRV-CLIA-UPD_2910216.00,2019-12-27 18:19:33.248847,B-IF-PRV-CLIA-UPD_8943636.00,2014-02-06 10:41:39.327515
03D2001206,Y,870258761, ,2023-12-05,2013-11-19,FRY'S FOOD DRUG #138     , ,11374450,,0,B-IF-PRV-CLIA-UPD_627447.00,2023-12-08 18:24:54.419052,B-IF-PRV-CLIA-UPD_8943636.00,2014-02-06 10:41:39.327523
03D2001264,Y,263850265, ,2015-12-22,2013-11-19,EMERAL SPRINGS           , ,11374451,,0,B-IF-PRV-CLIA-UPD_1056122.00,2016-07-19 05:36:37.783405,B-IF-PRV-CLIA-UPD_8943636.00,2014-02-06 10:41:39.327532
03D2001356,Y,911874962, ,2023-11-21,2013-11-19,THE VILLAGE AT OCOTILLO  , ,11374452,,0,B-IF-PRV-CLIA-UPD_607211.00,2023-11-24 18:23:32.792522,B-IF-PRV-CLIA-UPD_8943636.00,2014-02-06 10:41:39.327540
03D2001358,Y,832443629, ,2024-09-17,2013-11-19,HAWTHORN COURT           , ,11374453,,0,B-IF-PRV-CLIA-UPD_1041190.00,2024-09-20 18:23:35.892814,B-IF-PRV-CLIA-UPD_8943636.00,2014-02-06 10:41:39.327548
03D2001359,Y,143759040, ,2025-10-13,2013-11-19,GARNET OF CASA GRANDE    , ,11374454,,0,B-IF-PRV-CLIA-UPD_1604584.00,2025-10-17 19:56:21.757133,B-IF-PRV-CLIA-UPD_8943636.00,2014-02-06 10:41:39.327557
03D2001430,Y,271360940, ,2017-12-26,2013-11-19,YOUNG ARIZONA PEDIATRICS , ,11374455,,0,B-IF-PRV-CLIA-UPD_Hist_27,2018-08-21 14:07:09.697815,B-IF-PRV-CLIA-UPD_8943636.00,2014-02-06 10:41:39.327565
03D2001552,Y,800039443, ,2022-05-31,2013-11-26,CAISSA ASSISTED LIVING HO, ,11374456,,0,B-IF-PRV-CLIA-UPD_4882376.00,2023-02-24 23:24:48.555542,B-IF-PRV-CLIA-UPD_8943636.00,2014-02-06 10:41:39.327573
03D2001612,Y,860789821, ,2023-11-28,2013-11-26,HOLLAND CENTER FOR FAMILY, ,11374457,,0,B-IF-PRV-CLIA-UPD_617020.00,2023-12-01 18:24:32.498529,B-IF-PRV-CLIA-UPD_8943636.00,2014-02-06 10:41:39.327582
03D2001615,Y,820184434, ,2023-11-28,2013-11-26,OSCO DRUG #1971          , ,11374458,,0,B-IF-PRV-CLIA-UPD_617020.00,2023-12-01 18:24:32.498529,B-IF-PRV-CLIA-UPD_8943636.00,2014-02-06 10:41:39.327590
03D2001619,Y,820184434, ,2023-11-28,2013-11-26,OSCO DRUG #0977          , ,11374459,,0,B-IF-PRV-CLIA-UPD_617020.00,2023-12-01 18:24:32.498530,B-IF-PRV-CLIA-UPD_8943636.00,2014-02-06 10:41:39.327598
03D2001620,Y,820184434, ,2023-11-28,2013-11-26,OSCO DRUG #3926          , ,11374460,,0,B-IF-PRV-CLIA-UPD_617020.00,2023-12-01 18:24:32.498530,B-IF-PRV-CLIA-UPD_8943636.00,2014-02-06 10:41:39.327606
03D2001624,Y,820184434, ,2023-11-28,2013-11-26,OSCO DRUG #1221          , ,11374461,,0,B-IF-PRV-CLIA-UPD_617020.00,2023-12-01 18:24:32.498530,B-IF-PRV-CLIA-UPD_8943636.00,2014-02-06 10:41:39.327615
03D2004457,Y,271924045, ,2016-03-08,2013-11-19,CONNECT CLINICAL RESEARCH, ,11374462,,0,B-IF-PRV-CLIA-UPD_1059462.00,2016-07-22 01:08:40.567149,B-IF-PRV-CLIA-UPD_8943636.00,2014-02-06 10:41:39.327623
03D2006047,Y,202744723, ,,2013-11-26,"B CODY WRIGHT, MD        ", ,11374463,,0,B-IF-PRV-CLIA-UPD_8943636.00,2014-02-06 10:41:39.327627,B-IF-PRV-CLIA-UPD_8943636.00,2014-02-06 10:41:39.327632
03D2016464,Y,743242918, ,,2013-11-19,CENTER FOR PAIN AND SUPPO, ,11374464,,0,B-IF-PRV-CLIA-UPD_8943636.00,2014-02-06 10:41:39.327636,B-IF-PRV-CLIA-UPD_8943636.00,2014-02-06 10:41:39.327640
03D2024966,Y,884367112, ,2025-07-01,2013-11-27,PDS MEDICAL GROUP BUCKEYE, ,11374465,,0,B-IF-PRV-CLIA-UPD_1453104.00,2025-07-04 18:23:41.654176,B-IF-PRV-CLIA-UPD_8943636.00,2014-02-06 10:41:39.327648
03D2025365,Y,203943524, ,2025-05-13,2013-11-22,NORTHWEST ALLIED PHYSICIA, ,11374466,,0,B-IF-PRV-CLIA-UPD_1381607.00,2025-05-16 18:24:24.693344,B-IF-PRV-CLIA-UPD_8943636.00,2014-02-06 10:41:39.327657
03D2032497,Y,203642493, ,,2013-11-19,TAYLOR/SMYLY COUNSELING S, ,11374467,,0,B-IF-PRV-CLIA-UPD_8943636.00,2014-02-06 10:41:39.327661,B-IF-PRV-CLIA-UPD_8943636.00,2014-02-06 10:41:39.327665
03D2032721,Y,010895554, ,,2013-11-19,ARIZONA TMJ & PAIN CENTER, ,11374468,,0,B-IF-PRV-CLIA-UPD_8943636.00,2014-02-06 10:41:39.327669,B-IF-PRV-CLIA-UPD_8943636.00,2014-02-06 10:41:39.327673
03D2032825,Y,453330045, ,,2013-11-26,CENTER FOR  ADVANCED IMPR, ,11374469,,0,B-IF-PRV-CLIA-UPD_8943636.00,2014-02-06 10:41:39.327677,B-IF-PRV-CLIA-UPD_8943636.00,2014-02-06 10:41:39.327681
03D2033007,Y,451150307, ,,2013-11-26,ATMC RESIDENCY CENTER    , ,11374470,,0,B-IF-PRV-CLIA-UPD_8943636.00,2014-02-06 10:41:39.327686,B-IF-PRV-CLIA-UPD_8943636.00,2014-02-06 10:41:39.327690
03D2033008,Y,451150307, ,,2013-11-26,DETOX SHOP               , ,11374471,,0,B-IF-PRV-CLIA-UPD_8943636.00,2014-02-06 10:41:39.327694,B-IF-PRV-CLIA-UPD_8943636.00,2014-02-06 10:41:39.327698
03D2033925,Y,860637296, ,2017-08-31,2013-11-19,THOMAS LASER CENTER MEDIC, ,11374472,,0,B-IF-PRV-CLIA-UPD_Hist_11,2018-08-21 10:33:33.001721,B-IF-PRV-CLIA-UPD_8943636.00,2014-02-06 10:41:39.327706
03D2033941,Y,823484826, ,2024-02-06,2013-11-19,"EC OPCO RIVER CENTRE, LLC", ,11374473,,0,B-IF-PRV-CLIA-UPD_718099.00,2024-02-09 18:23:25.462165,B-IF-PRV-CLIA-UPD_8943636.00,2014-02-06 10:41:39.327715
03D2033995,Y,942735850, ,2024-08-29,2013-11-19,HONORHEALTH CONCIERGE MED, ,11374474,,0,B-IF-PRV-CLIA-UPD_1010046.00,2024-08-30 18:22:58.749306,B-IF-PRV-CLIA-UPD_8943636.00,2014-02-06 10:41:39.327723
03D2033999,Y,200277709, ,2023-11-14,2013-11-19,HONORHEALTH URGENT CARE  , ,11374475,,0,B-IF-PRV-CLIA-UPD_596715.00,2023-11-17 18:23:15.026382,B-IF-PRV-CLIA-UPD_8943636.00,2014-02-06 10:41:39.327731
03D2034013,Y,200277709, ,2023-11-28,2013-11-19,HONORHEALTH URGENT CARE  , ,11374476,,0,B-IF-PRV-CLIA-UPD_617020.00,2023-12-01 18:24:32.498536,B-IF-PRV-CLIA-UPD_8943636.00,2014-02-06 10:41:39.327740
03D2034029,Y,275025485, ,2025-09-23,2013-11-19,CHOICE HOSPICE           , ,11374477,,0,B-IF-PRV-CLIA-UPD_1574053.00,2025-09-26 18:33:27.110505,B-IF-PRV-CLIA-UPD_8943636.00,2014-02-06 10:41:39.327748
03D2034092,Y,860846208, ,2023-11-14,2013-11-19,SOUTHWEST KIDNEY INSTITUT, ,11374478,,0,B-IF-PRV-CLIA-UPD_596715.00,2023-11-17 18:23:15.026384,B-IF-PRV-CLIA-UPD_8943636.00,2014-02-06 10:41:39.327756
03D2034145,Y,860285857, ,2014-11-20,2013-11-19,EL RIO HEALTH CENTER DERM, ,11374479,,0,B-IF-PRV-CLIA-UPD_233151.00,2014-12-04 12:26:49.118702,B-IF-PRV-CLIA-UPD_8943636.00,2014-02-06 10:41:39.327764
03D2034153,Y,113828119, ,2023-11-21,2013-11-19,SAN TAN CARDIOVASCULAR CE, ,11374480,,0,B-IF-PRV-CLIA-UPD_607211.00,2023-11-24 18:23:32.792524,B-IF-PRV-CLIA-UPD_8943636.00,2014-02-06 10:41:39.327773
03D2034217,Y,331022706, ,2019-12-31,2013-11-26,PAIN CONSULTANTS OF ARIZO, ,11374481,,0,B-IF-PRV-CLIA-UPD_2922217.00,2020-01-03 18:16:20.724830,B-IF-PRV-CLIA-UPD_8943636.00,2014-02-06 10:41:39.327782
03D2034264,Y,452881677, ,2022-05-31,2013-11-26,ARIZONA INJURY MEDICAL AS, ,11374482,,0,B-IF-PRV-CLIA-UPD_4882376.00,2023-02-24 23:24:48.555655,B-IF-PRV-CLIA-UPD_8943636.00,2014-02-06 10:41:39.327790
03D2034300,Y,860011170, ,2023-11-21,2013-11-26,ARIZONA PUBLIC SERVICES C, ,11374483,,0,B-IF-PRV-CLIA-UPD_607211.00,2023-11-24 18:23:32.792524,B-IF-PRV-CLIA-UPD_8943636.00,2014-02-06 10:41:39.327799
03D2034308,Y,860011170, ,2023-11-21,2013-11-26,ARIZONA PUBLIC SERVICES C, ,11374484,,0,B-IF-PRV-CLIA-UPD_607211.00,2023-11-24 18:23:32.792525,B-IF-PRV-CLIA-UPD_8943636.00,2014-02-06 10:41:39.327807
03D2034352,Y,631184848, ,2015-08-04,2013-11-26,HEALTHSOUTH HOME HEALTH O, ,11374485,,0,B-IF-PRV-CLIA-UPD_723052.00,2015-10-07 10:08:02.798725,B-IF-PRV-CLIA-UPD_8943636.00,2014-02-06 10:41:39.327815
03D2034358,Y,272914537, ,2018-01-02,2013-11-26,GOLD CANYON FAMILY PRACTI, ,11374486,,0,B-IF-PRV-CLIA-UPD_Hist_28,2018-08-21 14:14:32.384687,B-IF-PRV-CLIA-UPD_8943636.00,2014-02-06 10:41:39.327824
03D2034372,Y,430356250, ,2023-11-21,2013-11-26,ARIZONA SCHOOL OF DENTIST, ,11374487,,0,B-IF-PRV-CLIA-UPD_607211.00,2023-11-24 18:23:32.792525,B-IF-PRV-CLIA-UPD_8943636.00,2014-02-06 10:41:39.327832
03D2034376,Y,453328787, ,2015-12-29,2013-11-26,"CHERISH HOUSE CALLS, LLC ", ,11374488,,0,B-IF-PRV-CLIA-UPD_1056133.00,2016-07-19 05:59:27.802812,B-IF-PRV-CLIA-UPD_8943636.00,2014-02-06 10:41:39.327840
03D2034417,Y,770646203, ,2015-07-13,2013-11-26,HOSPICE OF THE SOUTHWEST , ,11374489,,0,B-IF-PRV-CLIA-UPD_723052.00,2015-10-07 10:08:02.798729,B-IF-PRV-CLIA-UPD_8943636.00,2014-02-06 10:41:39.327849
03D2034451,Y,260889239, ,2016-12-08,2013-11-26,"SUN PAIN MANAGEMENT, PLLC", ,11374490,,0,B-IF-PRV-CLIA-UPD_1230065.00,2016-12-12 18:14:47.690852,B-IF-PRV-CLIA-UPD_8943636.00,2014-02-06 10:41:39.327857
03D2034465,Y,263527356, ,2018-01-02,2013-11-26,"RIVER SOURCE, THE        ", ,11374491,,0,B-IF-PRV-CLIA-UPD_Hist_28,2018-08-21 14:14:32.384692,B-IF-PRV-CLIA-UPD_8943636.00,2014-02-06 10:41:39.327866
03D2038251,Y,860320447, ,2015-12-01,2013-11-22,SUMMIT HEALTHCARE PEDIATR, ,11374492,,0,B-IF-PRV-CLIA-UPD_1054767.00,2016-07-18 02:10:08.610946,B-IF-PRV-CLIA-UPD_8943636.00,2014-02-06 10:41:39.327874
03D2045374,Y,455486062, ,2025-10-27,2013-11-26,"DYSON DERMATOLOGY, PLLC  ", ,11374493,,0,B-IF-PRV-CLIA-UPD_1624060.00,2025-10-31 18:33:08.571895,B-IF-PRV-CLIA-UPD_8943636.00,2014-02-06 10:41:39.327883
03D2048582,Y,460529585, ,2016-02-01,2013-11-26,GLOBAL CANCER DIAGNOSTICS, ,11374494,,0,B-IF-PRV-CLIA-UPD_1057386.00,2016-07-20 08:16:21.779337,B-IF-PRV-CLIA-UPD_8943636.00,2014-02-06 10:41:39.327891
03D2051142,Y,860837577, ,2021-11-17,2013-11-26,EAST VALLEY GASTROENTEROL, ,11374495,,0,B-IF-PRV-CLIA-UPD_4078910.00,2021-11-19 18:27:56.066159,B-IF-PRV-CLIA-UPD_8943636.00,2014-02-06 10:41:39.327899
03D2051228,Y,800937395, ,2025-10-28,2013-11-26,DERMATOLOGY & PLASTIC SUR, ,11374496,,0,B-IF-PRV-CLIA-UPD_1624060.00,2025-10-31 18:33:08.571896,B-IF-PRV-CLIA-UPD_8943636.00,2014-02-06 10:41:39.327908
03D2051230,Y,860934148, ,2025-08-26,2013-11-26,PAGE HOSPITAL - BLOOD GAS, ,11374497,,0,B-IF-PRV-CLIA-UPD_1533513.00,2025-08-29 18:33:37.414339,B-IF-PRV-CLIA-UPD_8943636.00,2014-02-06 10:41:39.327916
03D2063442,Y,454431110, ,2017-08-08,2013-11-19,"STACY DAVIDSON, FNP      ", ,11374498,,0,B-IF-PRV-CLIA-UPD_Hist_08,2018-08-21 09:12:25.063482,B-IF-PRV-CLIA-UPD_8943636.00,2014-02-06 10:41:39.327924
03D2063771,Y,452954893, ,2019-05-23,2013-11-19,PALO BREA PAIN & REHABILI, ,11374499,,0,B-IF-PRV-CLIA-UPD_2552482.00,2019-05-24 18:02:39.190575,B-IF-PRV-CLIA-UPD_8943636.00,2014-02-06 10:41:39.327932
03D2064978,Y,581823464, ,2025-08-05,2013-11-26,"NAPHCARE, INC AT ADCRR - ", ,11374500,,0,B-IF-PRV-CLIA-UPD_1503729.00,2025-08-08 18:34:35.818685,B-IF-PRV-CLIA-UPD_8943636.00,2014-02-06 10:41:39.327941
03D2066690,Y,860181654, ,2025-09-02,2013-11-26,HONORHEALTH SONORAN CROSS, ,11374501,,0,B-IF-PRV-CLIA-UPD_1543885.00,2025-09-05 19:30:28.688435,B-IF-PRV-CLIA-UPD_8943636.00,2014-02-06 10:41:39.327949
03D2066956,Y,455169547, ,2015-09-24,2013-11-26,OASIS RECOVERY CENTERS   , ,11374502,,0,B-IF-PRV-CLIA-UPD_723052.00,2015-10-07 10:08:03.122135,B-IF-PRV-CLIA-UPD_8943636.00,2014-02-06 10:41:39.327958
03D2067245,Y,461772252, ,2025-09-16,2013-11-26,SURGCENTER CHANDLER LLC  , ,11374503,,0,B-IF-PRV-CLIA-UPD_1564019.00,2025-09-19 18:33:35.228771,B-IF-PRV-CLIA-UPD_8943636.00,2014-02-06 10:41:39.327966
03D2067585,Y,462617570, ,2017-10-24,2013-11-19,"TRUE ACCOUNTABILITY, LLC ", ,11374504,,0,B-IF-PRV-CLIA-UPD_Hist_18,2018-08-21 12:44:36.526386,B-IF-PRV-CLIA-UPD_8943636.00,2014-02-06 10:41:39.327974
03D2067608,Y,454240543, ,2015-10-27,2013-11-26,ARIZONA HOUSECALLS       , ,11374505,,0,B-IF-PRV-CLIA-UPD_1050158.00,2016-07-14 06:07:31.118517,B-IF-PRV-CLIA-UPD_8943636.00,2014-02-06 10:41:39.327982
03D2067711,Y,562373405, ,2015-11-03,2013-11-19,BARRETT FOOT AND ANKLE IN, ,11374506,,0,B-IF-PRV-CLIA-UPD_1050355.00,2016-07-14 11:38:28.205229,B-IF-PRV-CLIA-UPD_8943636.00,2014-02-06 10:41:39.327990
03D2067785,Y,461406529, ,2025-10-28,2013-11-26,CLINICAL RESEARCH INSTITU, ,11374507,,0,B-IF-PRV-CLIA-UPD_1624060.00,2025-10-31 18:33:08.571898,B-IF-PRV-CLIA-UPD_8943636.00,2014-02-06 10:41:39.327999
03D2068137,Y,272226593, ,2025-09-30,2013-11-26,MOVEMENT DISORDERS CENTER, ,11374508,,0,B-IF-PRV-CLIA-UPD_1584657.00,2025-10-03 18:33:16.756423,B-IF-PRV-CLIA-UPD_8943636.00,2014-02-06 10:41:39.328007
03D2068219,Y,364741708, ,2025-11-11,2013-11-19,RENAISSANCE RECOVERY CENT, ,11374509,,0,B-IF-PRV-CLIA-UPD_1643851.00,2025-11-14 18:32:51.848713,B-IF-PRV-CLIA-UPD_8943636.00,2014-02-06 10:41:39.328015
03D2068248,Y,522216386, ,2025-02-25,2013-11-26,JORGE D HUSTON OD PLC    , ,11374510,,0,B-IF-PRV-CLIA-UPD_1271094.00,2025-02-28 18:23:07.082256,B-IF-PRV-CLIA-UPD_8943636.00,2014-02-06 10:41:39.328024
03D2068302,Y,463869943, ,2025-11-11,2013-11-19,SIRIUS HEALTH AND WELLNES, ,11374511,,0,B-IF-PRV-CLIA-UPD_1643851.00,2025-11-14 18:32:51.848714,B-IF-PRV-CLIA-UPD_8943636.00,2014-02-06 10:41:39.328032
03D2068311,Y,061828814, ,2025-11-12,2013-11-19,PINNACLE CARE INTERNAL ME, ,11374512,,0,B-IF-PRV-CLIA-UPD_1643851.00,2025-11-14 18:32:51.848714,B-IF-PRV-CLIA-UPD_8943636.00,2014-02-06 10:41:39.328040
03D2068332,Y,820571346, ,2025-10-07,2013-11-26,FIVE STAR MEDICAL CLINIC , ,11374513,,0,B-IF-PRV-CLIA-UPD_1594844.00,2025-10-10 18:33:12.361430,B-IF-PRV-CLIA-UPD_8943636.00,2014-02-06 10:41:39.328049
03D2068340,Y,742967974, ,2025-05-27,2013-11-26,CSL PLASMA INC           , ,11374514,,0,B-IF-PRV-CLIA-UPD_1401425.00,2025-05-30 18:25:04.008305,B-IF-PRV-CLIA-UPD_8943636.00,2014-02-06 10:41:39.328057
03D2068482,Y,362312887, ,2025-02-25,2013-11-26,WALGREENS #05532         , ,11374515,,0,B-IF-PRV-CLIA-UPD_1271094.00,2025-02-28 18:23:07.082256,B-IF-PRV-CLIA-UPD_8943636.00,2014-02-06 10:41:39.328068
03D2068486,Y,362312887, ,2025-02-18,2013-11-26,WALGREENS #09742         , ,11374516,,0,B-IF-PRV-CLIA-UPD_1261091.00,2025-02-21 18:23:54.177252,B-IF-PRV-CLIA-UPD_8943636.00,2014-02-06 10:41:39.328077
03D2068505,Y,461541973, ,2017-06-29,2013-11-19,ALLEGIANT HOSPICE        , ,11374517,,0,B-IF-PRV-CLIA-UPD_Hist_02,2018-08-21 00:29:43.314555,B-IF-PRV-CLIA-UPD_8943636.00,2014-02-06 10:41:39.328085
03D2068522,Y,901133689, ,2025-10-07,2013-11-26,BANNER URGENT CARE SERVIC, ,11374518,,0,B-IF-PRV-CLIA-UPD_1594844.00,2025-10-10 18:33:12.361431,B-IF-PRV-CLIA-UPD_8943636.00,2014-02-06 10:41:39.328093
03D2068584,Y,573753148, ,2025-11-11,2013-11-26,WEST VALLEY CARE HOME II , ,11374519,,0,B-IF-PRV-CLIA-UPD_1643851.00,2025-11-14 18:32:51.848715,B-IF-PRV-CLIA-UPD_8943636.00,2014-02-06 10:41:39.328101
03D2068747,Y,203023758, ,2024-06-11,2013-11-26,ALLKIDS URGENT CARE      , ,11374520,,0,B-IF-PRV-CLIA-UPD_900171.00,2024-06-14 18:23:36.562663,B-IF-PRV-CLIA-UPD_8943636.00,2014-02-06 10:41:39.328110
03D2069403,Y,741612229, ,2023-09-19,2013-11-26,NORTHERN ARIZONA VA HCS -, ,11374521,,0,B-IF-PRV-CLIA-UPD_515348.00,2023-09-22 18:24:09.061530,B-IF-PRV-CLIA-UPD_8943636.00,2014-02-06 10:41:39.328118
04D0465375,Y,710623643, ,2024-05-07,2013-11-20,MAINLINE HEALTH SYSTEMS E, ,11374522,,0,B-IF-PRV-CLIA-UPD_849283.00,2024-05-10 18:24:12.347527,B-IF-PRV-CLIA-UPD_8943636.00,2014-02-06 10:41:39.328126
04D0465417,Y,710329353, ,2024-11-20,2013-11-26,JEFFERSON REGIONAL MONTIC, ,11374523,,0,B-IF-PRV-CLIA-UPD_1131246.00,2024-11-22 18:23:49.735240,B-IF-PRV-CLIA-UPD_8943636.00,2014-02-06 10:41:39.328134
04D0465422,Y,710623643, ,2024-05-07,2013-11-20,MAINLINE HEALTH SYSTEMS P, ,11374524,,0,B-IF-PRV-CLIA-UPD_849283.00,2024-05-10 18:24:12.347527,B-IF-PRV-CLIA-UPD_8943636.00,2014-02-06 10:41:39.328142
04D0465474,Y,710559521, ,2024-06-27,2013-11-26,"DAN MARTIN, MD           ", ,11374525,,0,B-IF-PRV-CLIA-UPD_920463.00,2024-06-28 18:23:39.164632,B-IF-PRV-CLIA-UPD_8943636.00,2014-02-06 10:41:39.328151
04D0465755,Y,710582378, ,2024-07-16,2013-11-26,PRESCOTT FAMILY CLINIC   , ,11374526,,0,B-IF-PRV-CLIA-UPD_951256.00,2024-07-19 18:23:42.108070,B-IF-PRV-CLIA-UPD_8943636.00,2014-02-06 10:41:39.328159
04D0465850,Y,453592104, ,2023-11-28,2013-11-26,"ARKANSAS RENAL GROUP, PA ", ,11374527,,0,B-IF-PRV-CLIA-UPD_617020.00,2023-12-01 18:24:32.620089,B-IF-PRV-CLIA-UPD_8943636.00,2014-02-06 10:41:39.328167
04D0466006,Y,710236856, ,2025-10-28,2013-11-20,BAPTIST HEALTH MEDICAL CE, ,11374528,,0,B-IF-PRV-CLIA-UPD_1624060.00,2025-10-31 18:33:08.757901,B-IF-PRV-CLIA-UPD_8943636.00,2014-02-06 10:41:39.328176
04D0466059,Y,710800517, ,2023-06-16,2013-11-26,MOUNTAIN VIEW CLINIC INC , ,11374529,,0,B-IF-PRV-CLIA-UPD_5091737.00,2023-06-23 18:24:45.789143,B-IF-PRV-CLIA-UPD_8943636.00,2014-02-06 10:41:39.328184
04D0466145,Y,710624229, ,2017-11-22,2013-11-26,INTERNAL MEDICINE ASSOC O, ,11374530,,0,B-IF-PRV-CLIA-UPD_Hist_22,2018-08-21 13:15:25.869016,B-IF-PRV-CLIA-UPD_8943636.00,2014-02-06 10:41:39.328192
04D0467089,Y,710418504, ,2024-08-06,2013-11-18,BARG FAMILY CLINIC       , ,11374531,,0,B-IF-PRV-CLIA-UPD_980670.00,2024-08-09 18:24:14.350969,B-IF-PRV-CLIA-UPD_8943636.00,2014-02-06 10:41:39.328200
04D0467301,Y,716046242, ,2024-08-20,2013-11-26,UAMS FAMILY MEDICAL CENTE, ,11374532,,0,B-IF-PRV-CLIA-UPD_1000478.00,2024-08-23 18:23:39.420579,B-IF-PRV-CLIA-UPD_8943636.00,2014-02-06 10:41:39.328208
04D0467337,Y,710418504, ,2024-11-26,2013-11-26,LITTLE ROCK FAMILY PRACTI, ,11374533,,0,B-IF-PRV-CLIA-UPD_1140774.00,2024-11-29 18:22:17.494767,B-IF-PRV-CLIA-UPD_8943636.00,2014-02-06 10:41:39.328380
04D0467366,Y,710410253, ,2025-09-03,2013-11-27,PATHOLOGY LABORATORIES OF, ,11374534,,0,B-IF-PRV-CLIA-UPD_1543885.00,2025-09-05 19:30:28.688483,B-IF-PRV-CLIA-UPD_8943636.00,2014-02-06 10:41:39.328389
04D0467589,Y,271499789, ,2023-12-26,2013-11-26,LITTLE ROCK FAMILY PLANNI, ,11374535,,0,B-IF-PRV-CLIA-UPD_656981.00,2023-12-29 18:24:05.506706,B-IF-PRV-CLIA-UPD_8943636.00,2014-02-06 10:41:39.328397
04D0467668,Y,237128104, ,2025-06-03,2013-11-26,EAST ARKANSAS FAMILY HEAL, ,11374536,,0,B-IF-PRV-CLIA-UPD_1411662.00,2025-06-06 18:24:52.230752,B-IF-PRV-CLIA-UPD_8943636.00,2014-02-06 10:41:39.328405
04D0468097,Y,203804455, ,2024-11-27,2013-11-26,FAMILY PRACTICE CLINIC OF, ,11374537,,0,B-IF-PRV-CLIA-UPD_1140774.00,2024-11-29 18:22:17.494768,B-IF-PRV-CLIA-UPD_8943636.00,2014-02-06 10:41:39.328414
04D0468197,Y,710411459, ,2019-08-13,2013-11-26,WRMC FAMILY PRACTICE CLIN, ,11374538,,0,B-IF-PRV-CLIA-UPD_2690579.00,2019-08-16 18:01:52.505098,B-IF-PRV-CLIA-UPD_8943636.00,2014-02-06 10:41:39.328422
04D0468362,Y,710664686, ,2022-06-28,2013-11-26,WASHINGTON REGIONAL PRIMA, ,11374539,,0,B-IF-PRV-CLIA-UPD_4882439.00,2023-02-24 23:49:00.864518,B-IF-PRV-CLIA-UPD_8943636.00,2014-02-06 10:41:39.328431
04D0468513,Y,710465498, ,2024-12-31,2013-11-26,REGIONAL FAMILY MEDICINE , ,11374540,,0,B-IF-PRV-CLIA-UPD_1190924.00,2025-01-03 18:23:45.442606,B-IF-PRV-CLIA-UPD_8943636.00,2014-02-06 10:41:39.328439
04D0468584,Y,621692966, ,2024-11-19,2013-11-26,FAYETTEVILLE DIAGNOSTIC C, ,11374541,,0,B-IF-PRV-CLIA-UPD_1131246.00,2024-11-22 18:23:49.735242,B-IF-PRV-CLIA-UPD_8943636.00,2014-02-06 10:41:39.328447
04D0469117,Y,716046242, ,2024-07-31,2013-11-26,UAMS FAMILY MEDICAL CENTE, ,11374542,,0,B-IF-PRV-CLIA-UPD_970752.00,2024-08-02 18:24:03.300748,B-IF-PRV-CLIA-UPD_8943636.00,2014-02-06 10:41:39.328456
04D0469263,Y,710240352, ,2025-01-14,2013-11-19,MERCY HOSPITAL FORT SMITH, ,11374543,,0,B-IF-PRV-CLIA-UPD_1211465.00,2025-01-17 18:24:03.870141,B-IF-PRV-CLIA-UPD_8943636.00,2014-02-06 10:41:39.328464
04D0469297,Y,825426152, ,2024-06-25,2013-11-26,BAPTIST HEALTH FAMILY CLI, ,11374544,,0,B-IF-PRV-CLIA-UPD_920463.00,2024-06-28 18:23:39.164635,B-IF-PRV-CLIA-UPD_8943636.00,2014-02-06 10:41:39.328472
04D0469346,Y,825433043, ,2023-11-14,2013-11-19,BAPTIST HEALTH ADULT MEDI, ,11374545,,0,B-IF-PRV-CLIA-UPD_596715.00,2023-11-17 18:23:15.295659,B-IF-PRV-CLIA-UPD_8943636.00,2014-02-06 10:41:39.328481
04D0642192,Y,842028324, ,2025-02-21,2013-11-18,ARBOR OAKS HEALTHCARE AND, ,11374546,,0,B-IF-PRV-CLIA-UPD_1271094.00,2025-02-28 18:23:07.217786,B-IF-PRV-CLIA-UPD_8943636.00,2014-02-06 10:41:39.328489
04D0642237,Y,716046242, ,2025-07-30,2013-11-27,CLINICAL LAB UNIVERSITY H, ,11374547,,0,B-IF-PRV-CLIA-UPD_1493583.00,2025-08-01 19:01:30.170597,B-IF-PRV-CLIA-UPD_8943636.00,2014-02-06 10:41:39.328497
04D0662461,Y,825433043, ,2025-06-10,2013-11-26,BH PEDIATRIC CLINIC      , ,11374548,,0,B-IF-PRV-CLIA-UPD_1421943.00,2025-06-13 18:24:43.158767,B-IF-PRV-CLIA-UPD_8943636.00,2014-02-06 10:41:39.328506
04D0662622,Y,825426152, ,2020-10-09,2013-11-26,BAPTIST HEALTH PLAZA LAB , ,11374549,,0,B-IF-PRV-CLIA-UPD_4029266.00,2021-10-21 15:51:14.195914,B-IF-PRV-CLIA-UPD_8943636.00,2014-02-06 10:41:39.328514
04D0668701,Y,710236856, ,2025-07-02,2013-11-27,BAPTIST MEDICAL CENTER CL, ,11374550,,0,B-IF-PRV-CLIA-UPD_1453104.00,2025-07-04 18:23:41.943405,B-IF-PRV-CLIA-UPD_8943636.00,2014-02-06 10:41:39.328522
04D0673205,Y,262661575, ,2019-11-26,2013-11-26,NEWARK MEDICAL CLINIC    , ,11374551,,0,B-IF-PRV-CLIA-UPD_2863660.00,2019-11-29 18:20:10.978579,B-IF-PRV-CLIA-UPD_8943636.00,2014-02-06 10:41:39.328531
04D0676243,Y,710707724, ,2023-11-28,2013-11-26,NORTH CENTRAL ARKANSAS ME, ,11374552,,0,B-IF-PRV-CLIA-UPD_617020.00,2023-12-01 18:24:32.620097,B-IF-PRV-CLIA-UPD_8943636.00,2014-02-06 10:41:39.328539
04D0685963,Y,832615190, ,2024-08-06,2013-11-18,WALNUT RIDGE NURSING AND , ,11374553,,0,B-IF-PRV-CLIA-UPD_980670.00,2024-08-09 18:24:14.472942,B-IF-PRV-CLIA-UPD_8943636.00,2014-02-06 10:41:39.328547
04D0689677,Y,825433043, ,2025-09-16,2013-11-26,BAPTIST HEALTH FAMILY CLI, ,11374554,,0,B-IF-PRV-CLIA-UPD_1564019.00,2025-09-19 18:33:35.350821,B-IF-PRV-CLIA-UPD_8943636.00,2014-02-06 10:41:39.328555
04D0695503,Y,710722598, ,2023-11-28,2013-11-26,TIPPIN FAMILY MEDICINE CL, ,11374555,,0,B-IF-PRV-CLIA-UPD_617020.00,2023-12-01 18:24:32.620098,B-IF-PRV-CLIA-UPD_8943636.00,2014-02-06 10:41:39.328564
04D0697032,Y,710455545, ,2016-08-17,2013-11-26,FAMILY CLINIC OF NASHVILL, ,11374556,,0,B-IF-PRV-CLIA-UPD_1098742.00,2016-08-23 22:47:59.354922,B-IF-PRV-CLIA-UPD_8943636.00,2014-02-06 10:41:39.328572
04D0699890,Y,710236856, ,2019-06-06,2013-11-20,BAPTIST MEDICAL CENTER AR, ,11374557,,0,B-IF-PRV-CLIA-UPD_2575323.00,2019-06-07 18:03:05.560393,B-IF-PRV-CLIA-UPD_8943636.00,2014-02-06 10:41:39.328581
04D0702726,Y,710623643, ,2025-08-05,2013-11-20,MAINLINE HEALTH SYSTEMS W, ,11374558,,0,B-IF-PRV-CLIA-UPD_1503729.00,2025-08-08 18:34:35.985091,B-IF-PRV-CLIA-UPD_8943636.00,2014-02-06 10:41:39.328589
04D0703375,Y,710623643, ,2024-05-07,2013-11-20,MAINLINE HEALTH SYSTEMS D, ,11374559,,0,B-IF-PRV-CLIA-UPD_849283.00,2024-05-10 18:24:12.347532,B-IF-PRV-CLIA-UPD_8943636.00,2014-02-06 10:41:39.328597
04D0704345,Y,710787860, ,2023-12-13,2013-11-26,MARSHALL FAMILY PRACTICE , ,11374560,,0,B-IF-PRV-CLIA-UPD_636921.00,2023-12-15 18:24:19.696676,B-IF-PRV-CLIA-UPD_8943636.00,2014-02-06 10:41:39.328606
04D0718918,Y,710418504, ,,2013-11-18,BARG-GRAY FAMILY CLINIC  , ,11374561,,0,B-IF-PRV-CLIA-UPD_8943636.00,2014-02-06 10:41:39.328610,B-IF-PRV-CLIA-UPD_8943636.00,2014-02-06 10:41:39.328614
04D0861423,Y,621658502, ,2024-08-06,2013-11-19,PINNACLE POINTE HOSPITAL , ,11374562,,0,B-IF-PRV-CLIA-UPD_980670.00,2024-08-09 18:24:14.472967,B-IF-PRV-CLIA-UPD_8943636.00,2014-02-06 10:41:39.328623
04D0880610,Y,726108804, ,2023-11-21,2013-11-19,CHESTER M WYNN MD PA     , ,11374563,,0,B-IF-PRV-CLIA-UPD_607211.00,2023-11-24 18:23:32.924966,B-IF-PRV-CLIA-UPD_8943636.00,2014-02-06 10:41:39.328631
04D0880632,Y,710782429, ,2022-11-30,2013-11-19,ARKANSAS UROLOGY-HEBER SP, ,11374564,,0,B-IF-PRV-CLIA-UPD_4884313.00,2023-02-25 22:47:09.204389,B-IF-PRV-CLIA-UPD_8943636.00,2014-02-06 10:41:39.328639
04D0881306,Y,842068379, ,2023-12-12,2013-11-18,DES ARC NURSING AND REHAB, ,11374565,,0,B-IF-PRV-CLIA-UPD_636921.00,2023-12-15 18:24:19.696678,B-IF-PRV-CLIA-UPD_8943636.00,2014-02-06 10:41:39.328647
04D0893322,Y,842000862, ,2024-09-24,2013-11-18,CONWAY HEALTHCARE AND REH, ,11374566,,0,B-IF-PRV-CLIA-UPD_1050622.00,2024-09-27 18:24:39.904286,B-IF-PRV-CLIA-UPD_8943636.00,2014-02-06 10:41:39.328655
04D0909870,Y,716014834, ,2024-04-09,2013-11-19,ARKANSAS TECH UNIVERSITY , ,11374567,,0,B-IF-PRV-CLIA-UPD_809129.00,2024-04-12 21:55:11.350253,B-IF-PRV-CLIA-UPD_8943636.00,2014-02-06 10:41:39.328664
04D0909872,Y,710779483, ,2023-12-19,2013-11-19,STUTTGART DIALYSIS       , ,11374568,,0,B-IF-PRV-CLIA-UPD_646909.00,2023-12-22 18:24:05.663132,B-IF-PRV-CLIA-UPD_8943636.00,2014-02-06 10:41:39.328672
04D0927775,Y,710411205, ,2016-02-16,2013-11-19,MEDICAL PLAZA UROLOGY ASS, ,11374569,,0,B-IF-PRV-CLIA-UPD_1058413.00,2016-07-21 04:23:17.070467,B-IF-PRV-CLIA-UPD_8943636.00,2014-02-06 10:41:39.328680
04D0928951,Y,840611484, ,2025-08-14,2013-11-19,LABCORP OF AMERICA       , ,11374570,,0,B-IF-PRV-CLIA-UPD_1514103.00,2025-08-15 18:34:15.361611,B-IF-PRV-CLIA-UPD_8943636.00,2014-02-06 10:41:39.328689
04D0937397,Y,710482253, ,2023-11-21,2013-11-19,CITY OF BELLA VISTA AMBUL, ,11374571,,0,B-IF-PRV-CLIA-UPD_607211.00,2023-11-24 18:23:32.924969,B-IF-PRV-CLIA-UPD_8943636.00,2014-02-06 10:41:39.328697
04D0937403,Y,710774822, ,2023-12-26,2013-11-19,DR SCOTT ALAN HALL       , ,11374572,,0,B-IF-PRV-CLIA-UPD_656981.00,2023-12-29 18:24:05.506710,B-IF-PRV-CLIA-UPD_8943636.00,2014-02-06 10:41:39.328718
04D0941101,Y,719411459, ,2025-01-03,2013-11-19,WHITE RIVER HEALTH FAMILY, ,11374573,,0,B-IF-PRV-CLIA-UPD_1201089.00,2025-01-10 18:24:05.459852,B-IF-PRV-CLIA-UPD_8943636.00,2014-02-06 10:41:39.328734
04D0963063,Y,710810146, ,2025-03-12,2013-11-20,SOUTH ARKANSAS MEDICAL AS, ,11374574,,0,B-IF-PRV-CLIA-UPD_1291399.00,2025-03-14 18:23:36.813045,B-IF-PRV-CLIA-UPD_8943636.00,2014-02-06 10:41:39.328752
04D0968619,Y,710818759, ,2017-12-26,2013-11-19,"RICHARD E DIETZEN, MD, PA", ,11374575,,0,B-IF-PRV-CLIA-UPD_Hist_27,2018-08-21 14:07:09.699005,B-IF-PRV-CLIA-UPD_8943636.00,2014-02-06 10:41:39.328766
04D0972732,Y,710326012, ,,2013-11-18,SHANEYFELT CLINIC        , ,11374576,,0,B-IF-PRV-CLIA-UPD_8943636.00,2014-02-06 10:41:39.328771,B-IF-PRV-CLIA-UPD_8943636.00,2014-02-06 10:41:39.328777
04D0976193,Y,710832566, ,2025-08-12,2013-11-19,RUSSELL DERMATOLOGY OF CO, ,11374577,,0,B-IF-PRV-CLIA-UPD_1514103.00,2025-08-15 18:34:15.361613,B-IF-PRV-CLIA-UPD_8943636.00,2014-02-06 10:41:39.328790
04D1002596,Y,710850123, ,2025-11-04,2013-11-19,NEA BAPTIST CLINIC - PEDI, ,11374578,,0,B-IF-PRV-CLIA-UPD_1634416.00,2025-11-07 18:33:22.993999,B-IF-PRV-CLIA-UPD_8943636.00,2014-02-06 10:41:39.328803
04D1046169,Y,263917303, ,2022-09-20,2013-11-19,NAYLES MEDICAL CLINIC LLC, ,11374579,,0,B-IF-PRV-CLIA-UPD_4884187.00,2023-02-25 21:41:32.871378,B-IF-PRV-CLIA-UPD_8943636.00,2014-02-06 10:41:39.328811
04D1048901,Y,621692966, ,2023-12-18,2013-11-19,MEDICAL ASSOCIATES OF NOR, ,11374580,,0,B-IF-PRV-CLIA-UPD_646909.00,2023-12-22 18:24:05.663135,B-IF-PRV-CLIA-UPD_8943636.00,2014-02-06 10:41:39.328829
04D1048903,Y,264056057, ,2023-11-14,2013-11-19,SILOAM SPRINGS CLINIC CO , ,11374581,,0,B-IF-PRV-CLIA-UPD_596715.00,2023-11-17 18:23:15.295665,B-IF-PRV-CLIA-UPD_8943636.00,2014-02-06 10:41:39.328868
04D1048904,Y,203684609, ,2022-05-31,2013-11-19,GARNER FAMILY MEDICAL CLI, ,11374582,,0,B-IF-PRV-CLIA-UPD_4882376.00,2023-02-24 23:24:48.811299,B-IF-PRV-CLIA-UPD_8943636.00,2014-02-06 10:41:39.328891
04D1048906,Y,710411459, ,2025-11-07,2013-11-19,COMMHEALTH               , ,11374583,,0,B-IF-PRV-CLIA-UPD_1643851.00,2025-11-14 18:32:51.956019,B-IF-PRV-CLIA-UPD_8943636.00,2014-02-06 10:41:39.328915
04D1048911,Y,752777970, ,2023-11-14,2013-11-19,ARKANSAS OUTPATIENT EYE S, ,11374584,,0,B-IF-PRV-CLIA-UPD_596715.00,2023-11-17 18:23:15.295666,B-IF-PRV-CLIA-UPD_8943636.00,2014-02-06 10:41:39.328933
04D1048923,Y,710782429, ,2019-11-19,2013-11-19,ARKANSAS UROLOGY-CLINTON , ,11374585,,0,B-IF-PRV-CLIA-UPD_2851955.00,2019-11-22 18:05:11.590559,B-IF-PRV-CLIA-UPD_8943636.00,2014-02-06 10:41:39.328953
04D1051462,Y,824681345, ,2025-09-23,2013-11-19,CONWAY HEMATOLOGY ONCOLOG, ,11374586,,0,B-IF-PRV-CLIA-UPD_1574053.00,2025-09-26 18:33:27.110550,B-IF-PRV-CLIA-UPD_8943636.00,2014-02-06 10:41:39.328978
04D1077584,Y,260274543, ,2023-11-14,2013-11-19,ELITE HOME HEALTH        , ,11374587,,0,B-IF-PRV-CLIA-UPD_596715.00,2023-11-17 18:23:15.295667,B-IF-PRV-CLIA-UPD_8943636.00,2014-02-06 10:41:39.328998
04D1089066,Y,431371367, ,2020-01-08,2013-11-20,AIR-EVAC BASE 002        , ,11374588,,0,B-IF-PRV-CLIA-UPD_2934019.00,2020-01-10 18:16:43.915759,B-IF-PRV-CLIA-UPD_8943636.00,2014-02-06 10:41:39.329023
04D2000062,Y,260813160, ,,2013-11-26,DREW PROFESSIONAL SERVICE, ,11374589,,0,B-IF-PRV-CLIA-UPD_8943636.00,2014-02-06 10:41:39.329034,B-IF-PRV-CLIA-UPD_8943636.00,2014-02-06 10:41:39.329045
04D2000152,Y,270488857, ,,2013-11-26,OSCEOLA DIALYSIS         , ,11374590,,0,B-IF-PRV-CLIA-UPD_8943636.00,2014-02-06 10:41:39.329056,B-IF-PRV-CLIA-UPD_8943636.00,2014-02-06 10:41:39.329067
04D2008883,Y,710623643, ,2025-09-17,2013-11-20,MAINLINE HEALTH SYSTEMS M, ,11374591,,0,B-IF-PRV-CLIA-UPD_1564019.00,2025-09-19 18:33:35.350829,B-IF-PRV-CLIA-UPD_8943636.00,2014-02-06 10:41:39.329092
04D2033895,Y,900589702, ,2017-12-19,2013-11-19,TOTAL CARE PHYSICIANS    , ,11374592,,0,B-IF-PRV-CLIA-UPD_Hist_26,2018-08-21 13:40:00.570501,B-IF-PRV-CLIA-UPD_8943636.00,2014-02-06 10:41:39.329113
04D2033909,Y,621713685, ,2023-11-14,2013-11-19,ARKANSAS CENTER FOR SLEEP, ,11374593,,0,B-IF-PRV-CLIA-UPD_596715.00,2023-11-17 18:23:15.295669,B-IF-PRV-CLIA-UPD_8943636.00,2014-02-06 10:41:39.329137
04D2033916,Y,208453174, ,2023-11-14,2013-11-19,BRIGHTON RIDGE           , ,11374594,,0,B-IF-PRV-CLIA-UPD_596715.00,2023-11-17 18:23:15.295670,B-IF-PRV-CLIA-UPD_8943636.00,2014-02-06 10:41:39.329165
04D2033927,Y,710249735, ,2025-08-13,2013-11-19,VILONIA MEDICAL CLINIC   , ,11374595,,0,B-IF-PRV-CLIA-UPD_1514103.00,2025-08-15 18:34:15.361619,B-IF-PRV-CLIA-UPD_8943636.00,2014-02-06 10:41:39.329185
04D2034106,Y,716046242, ,2022-05-31,2013-11-19,UNIVERSITY WOMEN'S HEALTH, ,11374596,,0,B-IF-PRV-CLIA-UPD_4882376.00,2023-02-24 23:24:48.811391,B-IF-PRV-CLIA-UPD_8943636.00,2014-02-06 10:41:39.329202
04D2034107,Y,716046242, ,2023-10-31,2013-11-19,UAMS NEIGHBORHOOD CLINIC , ,11374597,,0,B-IF-PRV-CLIA-UPD_576295.00,2023-11-03 18:25:17.972225,B-IF-PRV-CLIA-UPD_8943636.00,2014-02-06 10:41:39.329212
04D2034410,Y,716046242, ,2019-11-26,2013-11-26,UAMS MEDICAL GENETICS    , ,11374598,,0,B-IF-PRV-CLIA-UPD_2863660.00,2019-11-29 18:20:10.978623,B-IF-PRV-CLIA-UPD_8943636.00,2014-02-06 10:41:39.329220
04D2034411,Y,811130372, ,2024-01-02,2013-11-26,WOMEN'S HEALTH ASSOCIATES, ,11374599,,0,B-IF-PRV-CLIA-UPD_667132.00,2024-01-05 18:23:23.429667,B-IF-PRV-CLIA-UPD_8943636.00,2014-02-06 10:41:39.329231
04D2034998,Y,272250363, ,2015-12-16,2013-11-26,CHRISTIAN HEALTH CENTER O, ,11374600,,0,B-IF-PRV-CLIA-UPD_1056001.00,2016-07-19 02:21:59.728631,B-IF-PRV-CLIA-UPD_8943636.00,2014-02-06 10:41:39.329249
04D2039705,Y,465950740, ,2018-07-26,2013-11-26,ARKANSAS PAIN AND WELLNES, ,11374601,,0,B-IF-PRV-CLIA-UPD_2074795.00,2018-07-27 18:08:51.703386,B-IF-PRV-CLIA-UPD_8943636.00,2014-02-06 10:41:39.329269
04D2048130,Y,237128104, ,2025-06-03,2013-11-20,HELENA FAMILY HEALTH CENT, ,11374602,,0,B-IF-PRV-CLIA-UPD_1411662.00,2025-06-06 18:24:52.230761,B-IF-PRV-CLIA-UPD_8943636.00,2014-02-06 10:41:39.329289
04D2064569,Y,271013935, ,2017-03-02,2013-11-19,SPARKS FOOT & ANKLE CLINI, ,11374603,,0,B-IF-PRV-CLIA-UPD_1417432.00,2017-05-17 04:46:28.947066,B-IF-PRV-CLIA-UPD_8943636.00,2014-02-06 10:41:39.329315
04D2066365,Y,710811339, ,2015-10-06,2013-11-26,CONWAY NEUROLOGY         , ,11374604,,0,B-IF-PRV-CLIA-UPD_1047885.00,2016-07-12 07:40:04.790366,B-IF-PRV-CLIA-UPD_8943636.00,2014-02-06 10:41:39.329327
04D2067507,Y,204751958, ,2025-09-16,2013-11-19,EYECARE CENTER OF SALINE , ,11374605,,0,B-IF-PRV-CLIA-UPD_1564019.00,2025-09-19 18:33:35.350830,B-IF-PRV-CLIA-UPD_8943636.00,2014-02-06 10:41:39.329335
04D2067509,Y,361924025, ,2025-04-29,2013-11-19,WALGREENS #15792         , ,11374606,,0,B-IF-PRV-CLIA-UPD_1361757.00,2025-05-02 18:27:00.693905,B-IF-PRV-CLIA-UPD_8943636.00,2014-02-06 10:41:39.329343
04D2067511,Y,361924025, ,2025-03-04,2013-11-19,WALGREENS #12384         , ,11374607,,0,B-IF-PRV-CLIA-UPD_1281556.00,2025-03-07 18:23:53.831838,B-IF-PRV-CLIA-UPD_8943636.00,2014-02-06 10:41:39.329351
04D2067540,Y,361924025, ,2024-12-31,2013-11-19,WALGREENS #11987         , ,11374608,,0,B-IF-PRV-CLIA-UPD_1190924.00,2025-01-03 18:23:45.606339,B-IF-PRV-CLIA-UPD_8943636.00,2014-02-06 10:41:39.329359
04D2067994,Y,272779775, ,2017-11-01,2013-11-26,FOUR SEASONS RESIDENTIAL , ,11374609,,0,B-IF-PRV-CLIA-UPD_Hist_19,2018-08-21 12:51:33.244698,B-IF-PRV-CLIA-UPD_8943636.00,2014-02-06 10:41:39.329367
04D2068144,Y,631130536, ,2025-09-30,2013-11-19,MILLER COUNTY JAIL       , ,11374610,,0,B-IF-PRV-CLIA-UPD_1584657.00,2025-10-03 18:33:16.756468,B-IF-PRV-CLIA-UPD_8943636.00,2014-02-06 10:41:39.329375
04D2068199,Y,463376876, ,2017-01-19,2013-11-26,"ELL PATHOLOGY LAB, LLC   ", ,11374611,,0,B-IF-PRV-CLIA-UPD_1279244.00,2017-01-23 18:17:07.294053,B-IF-PRV-CLIA-UPD_8943636.00,2014-02-06 10:41:39.329383
04D2068493,Y,710623643, ,2025-05-09,2013-11-26,STAR CITY COMMUNITY HEALT, ,11374612,,0,B-IF-PRV-CLIA-UPD_1381607.00,2025-05-16 18:24:24.693439,B-IF-PRV-CLIA-UPD_8943636.00,2014-02-06 10:41:39.329390
04D2068497,Y,454353216, ,2023-11-14,2013-11-26,IVEY FAMILY MEDICINE     , ,11374613,,0,B-IF-PRV-CLIA-UPD_596715.00,2023-11-17 18:23:15.295670,B-IF-PRV-CLIA-UPD_8943636.00,2014-02-06 10:41:39.329398
04D2068648,Y,716020928, ,2025-10-07,2013-11-26,PARIS SCHOOL DISTRICT WEL, ,11374614,,0,B-IF-PRV-CLIA-UPD_1594844.00,2025-10-10 18:33:12.361474,B-IF-PRV-CLIA-UPD_8943636.00,2014-02-06 10:41:39.329406
05D0060808,Y,956000934, ,2024-10-23,2013-11-27,SAN DIEGO COUNTY PUBLIC H, ,11374615,,0,B-IF-PRV-CLIA-UPD_1090579.00,2024-10-25 18:23:24.340509,B-IF-PRV-CLIA-UPD_8943636.00,2014-02-06 10:41:39.329414
05D0060932,Y,952846605, ,2025-02-04,2013-11-26,MORONGO INDIAN HEALTH CEN, ,11374616,,0,B-IF-PRV-CLIA-UPD_1241262.00,2025-02-07 18:24:09.644107,B-IF-PRV-CLIA-UPD_8943636.00,2014-02-06 10:41:39.329422
05D0062086,Y,952224265, ,2024-12-03,2013-11-21,SANTA YNEZ VALLEY COTTAGE, ,11374617,,0,B-IF-PRV-CLIA-UPD_1151258.00,2024-12-06 18:23:20.660814,B-IF-PRV-CLIA-UPD_8943636.00,2014-02-06 10:41:39.329430
05D0541587,Y,952597512, ,2024-03-21,2013-11-26,"MEDICAL GROUP INC,THE    ", ,11374618,,0,B-IF-PRV-CLIA-UPD_779574.00,2024-03-22 18:25:04.321077,B-IF-PRV-CLIA-UPD_8943636.00,2014-02-06 10:41:39.329437
05D0541968,Y,954054231, ,2023-11-28,2013-11-26,RANDALL G SHUE DO        , ,11374619,,0,B-IF-PRV-CLIA-UPD_617020.00,2023-12-01 18:24:32.620121,B-IF-PRV-CLIA-UPD_8943636.00,2014-02-06 10:41:39.329445
05D0544456,Y,953403033, ,2021-12-14,2013-11-19,"JAY J STEIN, MD          ", ,11374620,,0,B-IF-PRV-CLIA-UPD_4126906.00,2021-12-17 18:27:53.400404,B-IF-PRV-CLIA-UPD_8943636.00,2014-02-06 10:41:39.329453
05D0544548,Y,953524447, ,2023-11-28,2013-11-26,"JEFFREY NATHAN GRANT, MD,", ,11374621,,0,B-IF-PRV-CLIA-UPD_617020.00,2023-12-01 18:24:32.620122,B-IF-PRV-CLIA-UPD_8943636.00,2014-02-06 10:41:39.329461
05D0544614,Y,954201264, ,2025-10-27,2013-11-26,CORDAY MEDICAL GROUP LAB , ,11374622,,0,B-IF-PRV-CLIA-UPD_1624060.00,2025-10-31 18:33:08.757932,B-IF-PRV-CLIA-UPD_8943636.00,2014-02-06 10:41:39.329469
05D0545146,Y,954332724, ,2022-03-18,2013-11-26,LOS ANGELES HEMATOLOGY / , ,11374623,,0,B-IF-PRV-CLIA-UPD_4882033.00,2023-02-24 20:41:26.743471,B-IF-PRV-CLIA-UPD_8943636.00,2014-02-06 10:41:39.329477
05D0546307,Y,952922959, ,2022-04-28,2013-11-26,KEITH AGRE MD MED CORP   , ,11374624,,0,B-IF-PRV-CLIA-UPD_4882214.00,2023-02-24 22:27:12.041875,B-IF-PRV-CLIA-UPD_8943636.00,2014-02-06 10:41:39.329484
05D0546359,Y,953748855, ,2014-10-30,2013-11-26,RODNEY H BLUESTONE MD    , ,11374625,,0,B-IF-PRV-CLIA-UPD_195463.00,2014-11-12 14:21:01.455851,B-IF-PRV-CLIA-UPD_8943636.00,2014-02-06 10:41:39.329492
05D0546491,Y,810606404, ,2024-12-10,2013-11-26,COMPREHENSIVE UROLOGY MED, ,11374626,,0,B-IF-PRV-CLIA-UPD_1161280.00,2024-12-13 18:23:35.240623,B-IF-PRV-CLIA-UPD_8943636.00,2014-02-06 10:41:39.329500
