p_sys_id,p_enrol_stat_sk,p_enrol_stat_beg_dt,p_enrol_stat_end_dt,p_enrol_stat_ty_cd,p_enrol_stat_rsn_cd,p_rtrctv_elig_ind,l_hibernate_ver_num,g_aud_user_id,g_aud_ts,g_aud_add_user_id,g_aud_add_ts
1000148,1000149,2008-01-01,2009-10-26,A,51,N,0,B-Term-Prov-Trigger_717958.00,2015-10-02 18:00:45.000000,Provider Conversion,2013-03-28 03:56:49.000000
1000149,1000150,1997-01-01,2013-09-30,A,45,N,1,NEERUSHARMA,2015-07-24 08:36:43.325000,Provider Conversion,2013-03-28 03:56:49.000000
1000150,1000151,1997-11-12,1997-11-21,A,45,N,0,Provider Conversion,2013-03-28 03:56:49.000000,Provider Conversion,2013-03-28 03:56:49.000000
1000150,1000152,1998-01-01,2001-07-01,A,51,N,0,B-Term-Prov-Trigger_717958.00,2015-10-02 18:00:44.000000,Provider Conversion,2013-03-28 03:56:49.000000
1000151,1000153,1998-01-07,2002-01-01,A,51,N,0,B-Term-Prov-Trigger_717958.00,2015-10-02 18:00:44.000000,Provider Conversion,2013-03-28 03:56:49.000000
1000152,1000154,1998-04-01,2004-05-01,A,51,N,0,B-Term-Prov-Trigger_717958.00,2015-10-02 18:00:40.000000,Provider Conversion,2013-03-28 03:56:49.000000
1000153,1000155,1992-07-01,2006-01-01,A,51,N,0,B-Term-Prov-Trigger_717958.00,2015-10-02 18:00:47.000000,Provider Conversion,2013-03-28 03:56:49.000000
1000154,1000156,1998-01-01,2002-01-01,A,51,N,0,B-Term-Prov-Trigger_717958.00,2015-10-02 18:00:40.000000,Provider Conversion,2013-03-28 03:56:49.000000
1000155,1000157,1998-03-27,2006-01-01,A,51,N,0,B-Term-Prov-Trigger_717958.00,2015-10-02 18:00:39.000000,Provider Conversion,2013-03-28 03:56:49.000000
1000156,1000158,1998-08-14,2002-01-01,A,51,N,0,B-Term-Prov-Trigger_717958.00,2015-10-02 18:00:43.000000,Provider Conversion,2013-03-28 03:56:49.000000
1000157,1000159,1998-01-01,2013-09-30,A,45,N,3,NEERUSHARMA,2015-07-27 14:15:43.118000,Provider Conversion,2013-03-28 03:56:49.000000
1000158,1000160,1998-08-17,2007-07-01,A,51,N,0,B-Term-Prov-Trigger_717958.00,2015-10-02 18:00:41.000000,Provider Conversion,2013-03-28 03:56:49.000000
1000159,1000161,1998-09-01,2000-12-31,A,51,N,0,B-Term-Prov-Trigger_717958.00,2015-10-02 18:00:41.000000,Provider Conversion,2013-03-28 03:56:49.000000
1000160,1000162,2009-04-01,2013-09-30,A,45,N,3,JMLAGRO,2015-07-08 08:25:35.181000,Provider Conversion,2013-03-28 03:56:49.000000
1000161,1000163,1998-01-01,2004-04-05,A,51,N,0,B-Term-Prov-Trigger_717958.00,2015-10-02 18:00:42.000000,Provider Conversion,2013-03-28 03:56:49.000000
1000162,1000164,1999-03-26,2015-10-04,A,51,N,0,B-Term-Prov-Trigger_719776.00,2015-10-04 18:00:11.000000,Provider Conversion,2013-03-28 03:56:49.000000
1000163,1000165,1999-01-01,2005-06-03,A,51,N,0,B-Term-Prov-Trigger_717958.00,2015-10-02 18:00:40.000000,Provider Conversion,2013-03-28 03:56:49.000000
1000164,1000166,1999-03-12,2007-12-31,A,51,N,0,B-Term-Prov-Trigger_717958.00,2015-10-02 18:00:43.000000,Provider Conversion,2013-03-28 03:56:49.000000
1000165,1000167,1999-03-12,2002-01-01,A,51,N,0,B-Term-Prov-Trigger_717958.00,2015-10-02 18:00:45.000000,Provider Conversion,2013-03-28 03:56:49.000000
1000166,1000168,1999-03-12,2002-01-01,A,51,N,0,B-Term-Prov-Trigger_717958.00,2015-10-02 18:00:39.000000,Provider Conversion,2013-03-28 03:56:49.000000
1000167,1000169,2009-07-13,2013-09-30,A,45,N,5,THENDERSON,2015-08-14 10:42:53.133000,Provider Conversion,2013-03-28 03:56:49.000000
1000168,1000170,1999-03-12,2003-06-17,A,45,N,0,Provider Conversion,2013-03-28 03:56:49.000000,Provider Conversion,2013-03-28 03:56:49.000000
1000168,1000171,2012-11-20,2013-09-30,A,45,N,0,Provider Conversion,2013-03-28 03:56:49.000000,Provider Conversion,2013-03-28 03:56:49.000000
1000169,1000172,1999-07-23,2001-12-31,A,51,N,0,B-Term-Prov-Trigger_717958.00,2015-10-02 18:00:45.000000,Provider Conversion,2013-03-28 03:56:49.000000
1000170,1000173,1999-07-23,2001-12-31,A,51,N,0,B-Term-Prov-Trigger_717958.00,2015-10-02 18:00:46.000000,Provider Conversion,2013-03-28 03:56:49.000000
1000171,1000174,1999-07-23,2004-07-01,A,51,N,0,B-Term-Prov-Trigger_717958.00,2015-10-02 18:00:39.000000,Provider Conversion,2013-03-28 03:56:49.000000
1000172,1000175,1999-07-01,2004-05-01,A,51,N,0,B-Term-Prov-Trigger_717958.00,2015-10-02 18:00:46.000000,Provider Conversion,2013-03-28 03:56:49.000000
1000173,1000176,1999-01-01,2013-09-30,A,45,N,1,USHASHA,2015-06-29 11:28:29.570000,Provider Conversion,2013-03-28 03:56:49.000000
1000174,1000177,1999-06-01,2007-12-31,A,51,N,0,B-Term-Prov-Trigger_717958.00,2015-10-02 18:00:47.000000,Provider Conversion,2013-03-28 03:56:49.000000
1000175,1000178,1999-08-23,2005-12-31,A,51,N,0,B-Term-Prov-Trigger_717958.00,2015-10-02 18:00:44.000000,Provider Conversion,2013-03-28 03:56:49.000000
1000176,1000179,1999-08-01,2013-09-30,A,45,N,0,Provider Conversion,2013-03-28 03:56:49.000000,Provider Conversion,2013-03-28 03:56:49.000000
1000177,1000180,1999-03-12,2015-10-04,A,51,N,0,B-Term-Prov-Trigger_719776.00,2015-10-04 18:00:10.000000,Provider Conversion,2013-03-28 03:56:49.000000
1000178,1000181,2009-08-24,2011-12-31,A,45,N,0,Provider Conversion,2013-03-28 03:56:49.000000,Provider Conversion,2013-03-28 03:56:49.000000
1000179,1000182,1999-11-01,2013-09-30,A,45,N,0,Provider Conversion,2013-03-28 03:56:49.000000,Provider Conversion,2013-03-28 03:56:49.000000
1000180,1000183,1977-01-01,2015-10-04,A,51,N,0,B-Term-Prov-Trigger_719776.00,2015-10-04 18:00:10.000000,Provider Conversion,2013-03-28 03:56:49.000000
1000181,1000184,2000-01-01,2004-05-01,A,51,N,0,B-Term-Prov-Trigger_717958.00,2015-10-02 18:00:45.000000,Provider Conversion,2013-03-28 03:56:49.000000
1000182,1000186,2000-09-01,2005-08-31,A,51,N,0,1166658_PRVDR_ENRL_MERGE_FIX,2016-05-20 16:33:35.121384,Provider Conversion,2013-03-28 03:56:49.000000
1000183,1000187,2009-10-01,2013-09-30,A,45,N,1,MAGDALENAHANUSIA,2014-07-10 15:57:39.682000,Provider Conversion,2013-03-28 03:56:49.000000
1000184,1000188,2001-08-01,2015-10-04,A,51,N,0,B-Term-Prov-Trigger_719776.00,2015-10-04 18:00:12.000000,Provider Conversion,2013-03-28 03:56:49.000000
1000185,1000189,2001-11-01,2001-11-01,A,51,N,0,B-Term-Prov-Trigger_717958.00,2015-10-02 18:00:47.000000,Provider Conversion,2013-03-28 03:56:49.000000
1000186,1000190,1977-01-01,2000-12-31,A,51,N,0,B-Term-Prov-Trigger_717958.00,2015-10-02 18:00:40.000000,Provider Conversion,2013-03-28 03:56:49.000000
1000187,1000191,2002-11-01,2013-09-30,A,45,N,0,Provider Conversion,2013-03-28 03:56:49.000000,Provider Conversion,2013-03-28 03:56:49.000000
1000188,1000192,2002-11-26,2013-09-30,A,45,N,0,Provider Conversion,2013-03-28 03:56:49.000000,Provider Conversion,2013-03-28 03:56:49.000000
1000189,1000193,2003-02-01,2015-10-04,A,51,N,0,B-Term-Prov-Trigger_719776.00,2015-10-04 18:00:12.000000,Provider Conversion,2013-03-28 03:56:49.000000
1000190,1000194,1981-07-01,2013-09-30,A,45,N,1,JLWILKE,2014-07-29 12:35:21.099000,Provider Conversion,2013-03-28 03:56:49.000000
1000191,1000195,1983-07-01,2013-09-30,A,45,N,2,CKRAFT,2014-04-14 10:45:56.929000,Provider Conversion,2013-03-28 03:56:49.000000
1000192,1000196,1997-09-01,2013-09-30,A,45,N,0,Provider Conversion,2013-03-28 03:56:49.000000,Provider Conversion,2013-03-28 03:56:49.000000
1000194,1000198,1983-11-01,2013-09-30,A,45,N,0,Provider Conversion,2013-03-28 03:56:49.000000,Provider Conversion,2013-03-28 03:56:49.000000
1000195,1000199,1990-01-15,2013-09-30,A,45,N,1,JLWILKE,2014-07-25 08:36:28.799000,Provider Conversion,2013-03-28 03:56:49.000000
1000196,1000200,1982-05-01,2013-09-30,A,45,N,0,Provider Conversion,2013-03-28 03:56:49.000000,Provider Conversion,2013-03-28 03:56:49.000000
1000197,1000201,1981-07-01,2013-09-30,A,45,N,0,Provider Conversion,2013-03-28 03:56:49.000000,Provider Conversion,2013-03-28 03:56:49.000000
1000198,1000203,1982-10-01,2013-09-30,A,45,N,0,ENROL_STAT_DATE_MERGE,2015-09-01 15:03:06.000000,Provider Conversion,2013-03-28 03:56:49.000000
1000199,1000204,1985-07-01,2013-09-30,A,45,N,1,MMANYGUNS,2015-08-10 09:37:19.762000,Provider Conversion,2013-03-28 03:56:49.000000
1000200,1000205,1984-08-01,2013-09-30,A,45,N,0,Provider Conversion,2013-03-28 03:56:49.000000,Provider Conversion,2013-03-28 03:56:49.000000
1000201,1000206,1981-07-01,2013-09-30,A,45,N,1,JLWILKE,2014-07-25 08:34:38.529000,Provider Conversion,2013-03-28 03:56:49.000000
1000202,1000207,1981-07-01,2013-09-30,A,45,N,0,Provider Conversion,2013-03-28 03:56:49.000000,Provider Conversion,2013-03-28 03:56:49.000000
1000203,1000208,1984-01-01,2013-09-30,A,45,N,0,Provider Conversion,2013-03-28 03:56:49.000000,Provider Conversion,2013-03-28 03:56:49.000000
1000204,1000209,1981-07-01,2013-09-30,A,45,N,1,JLWILKE,2014-07-25 08:27:39.176000,Provider Conversion,2013-03-28 03:56:49.000000
1000206,1000211,1984-07-01,2013-09-30,A,45,N,0,Provider Conversion,2013-03-28 03:56:49.000000,Provider Conversion,2013-03-28 03:56:49.000000
1000207,1000212,1982-06-01,2013-09-30,A,45,N,0,Provider Conversion,2013-03-28 03:56:49.000000,Provider Conversion,2013-03-28 03:56:49.000000
1000208,1000213,1981-07-01,2013-09-30,A,45,N,0,Provider Conversion,2013-03-28 03:56:49.000000,Provider Conversion,2013-03-28 03:56:49.000000
1000209,1000214,1982-08-01,2013-09-30,A,45,N,0,Provider Conversion,2013-03-28 03:56:49.000000,Provider Conversion,2013-03-28 03:56:49.000000
1000210,1000215,2004-10-13,2009-12-31,A,51,N,0,B-Term-Prov-Trigger_717958.00,2015-10-02 18:00:43.000000,Provider Conversion,2013-03-28 03:56:49.000000
1000211,1000216,2004-09-02,2015-10-04,A,51,N,0,B-Term-Prov-Trigger_719776.00,2015-10-04 18:00:10.000000,Provider Conversion,2013-03-28 03:56:49.000000
1000212,1000217,1988-04-16,2015-10-04,A,51,N,0,B-Term-Prov-Trigger_719776.00,2015-10-04 18:00:10.000000,Provider Conversion,2013-03-28 03:56:49.000000
1000213,1000219,2002-02-01,2003-08-01,A,51,N,0,1166658_PRVDR_ENRL_MERGE_FIX,2016-05-20 16:33:35.265760,Provider Conversion,2013-03-28 03:56:49.000000
1000214,1000220,2005-09-28,2006-01-15,A,45,N,0,Provider Conversion,2013-03-28 03:56:49.000000,Provider Conversion,2013-03-28 03:56:49.000000
1000214,1000221,2010-03-08,2011-02-22,A,51,N,0,B-Term-Prov-Trigger_717958.00,2015-10-02 18:00:48.000000,Provider Conversion,2013-03-28 03:56:49.000000
1000765,1000814,2011-07-19,2015-10-04,A,51,N,4,B-Term-Prov-Trigger_719776.00,2015-10-04 18:00:12.000000,Provider Conversion,2013-03-28 03:56:49.000000
1000766,1000815,2011-07-28,2013-09-30,A,45,N,0,Provider Conversion,2013-03-28 03:56:49.000000,Provider Conversion,2013-03-28 03:56:49.000000
1000767,1000816,2011-07-26,2013-09-30,A,45,N,2,DOMINICKNGANTOU,2014-11-11 14:52:01.715000,Provider Conversion,2013-03-28 03:56:49.000000
1000769,1000818,2011-08-01,2013-09-30,A,45,N,6,JMLAGRO,2015-07-20 12:52:14.273000,Provider Conversion,2013-03-28 03:56:49.000000
1000771,1000820,2011-07-19,2013-09-30,A,45,N,5,DANIELLAESTRELLA,2015-06-29 08:42:33.248000,Provider Conversion,2013-03-28 03:56:49.000000
1000772,1000821,2011-08-01,2013-09-30,A,45,N,0,Provider Conversion,2013-03-28 03:56:49.000000,Provider Conversion,2013-03-28 03:56:49.000000
1000773,1000822,2011-07-15,2015-10-04,A,51,N,0,B-Term-Prov-Trigger_719776.00,2015-10-04 18:00:11.000000,Provider Conversion,2013-03-28 03:56:49.000000
1000774,1000823,2011-07-26,2015-10-04,A,51,N,0,B-Term-Prov-Trigger_719776.00,2015-10-04 18:00:11.000000,Provider Conversion,2013-03-28 03:56:49.000000
1000775,1000825,2011-08-08,2012-03-23,A,45,N,3,ENROL_STAT_DATE_MERGE,2015-09-01 15:03:06.000000,Provider Conversion,2013-03-28 03:56:49.000000
1000776,1000826,2011-08-15,2013-09-30,A,45,N,3,JMLAGRO,2015-02-20 13:13:58.791000,Provider Conversion,2013-03-28 03:56:49.000000
1000777,1000827,2011-07-01,2013-09-30,A,45,N,18,JMLAGRO,2015-08-17 06:54:53.885000,Provider Conversion,2013-03-28 03:56:49.000000
1000778,1000828,2011-08-11,2013-09-30,A,45,N,0,Provider Conversion,2013-03-28 03:56:49.000000,Provider Conversion,2013-03-28 03:56:49.000000
1000779,1000829,1989-08-07,2001-07-01,A,45,N,4,JMLAGRO,2015-07-13 13:48:44.392000,Provider Conversion,2013-03-28 03:56:49.000000
1000779,1000830,2012-06-18,2013-09-30,A,45,N,4,JMLAGRO,2015-07-13 13:48:44.392000,Provider Conversion,2013-03-28 03:56:49.000000
1000780,1000831,2011-08-08,2015-10-04,A,51,N,0,B-Term-Prov-Trigger_719776.00,2015-10-04 18:00:11.000000,Provider Conversion,2013-03-28 03:56:49.000000
1000781,1000832,2011-08-08,2015-10-04,A,51,N,0,B-Term-Prov-Trigger_719776.00,2015-10-04 18:00:09.000000,Provider Conversion,2013-03-28 03:56:49.000000
1000782,1000833,2011-08-15,2015-10-04,A,51,N,0,B-Term-Prov-Trigger_719776.00,2015-10-04 18:00:11.000000,Provider Conversion,2013-03-28 03:56:49.000000
1000783,1000834,2011-07-18,2013-09-30,A,45,N,4,MMANYGUNS,2015-06-23 14:01:39.879000,Provider Conversion,2013-03-28 03:56:49.000000
1000784,1000835,2011-07-25,2013-09-30,A,45,N,6,USHASHA,2015-06-15 13:33:13.150000,Provider Conversion,2013-03-28 03:56:49.000000
1000785,1000836,2011-07-25,2013-09-30,A,45,N,10,ESTHERSHAHPAR,2015-07-27 15:55:47.362000,Provider Conversion,2013-03-28 03:56:49.000000
1000786,1000837,2011-07-01,2015-10-04,A,51,N,0,B-Term-Prov-Trigger_719776.00,2015-10-04 18:00:10.000000,Provider Conversion,2013-03-28 03:56:49.000000
1000787,1000838,2011-07-27,2013-09-30,A,45,N,1,JOYSPEZIALE,2014-06-04 17:29:47.306000,Provider Conversion,2013-03-28 03:56:49.000000
1000788,1000839,2011-07-01,2015-10-04,A,51,N,0,B-Term-Prov-Trigger_719776.00,2015-10-04 18:00:11.000000,Provider Conversion,2013-03-28 03:56:49.000000
1000789,1000840,2011-07-22,2012-06-30,A,51,N,0,B-Term-Prov-Trigger_717958.00,2015-10-02 18:00:46.000000,Provider Conversion,2013-03-28 03:56:49.000000
1000790,1000841,2011-08-15,2013-09-30,A,45,N,3,MMANYGUNS,2015-02-27 14:16:30.264000,Provider Conversion,2013-03-28 03:56:49.000000
1000791,1000843,2011-08-01,2013-09-30,A,45,N,4,ENROL_STAT_DATE_MERGE,2015-09-01 15:03:06.000000,Provider Conversion,2013-03-28 03:56:49.000000
1000792,1000844,2011-07-18,2013-09-30,A,45,N,5,JMLAGRO,2015-03-09 12:30:14.265000,Provider Conversion,2013-03-28 03:56:49.000000
1000793,1000845,2011-03-28,2015-10-04,A,51,N,0,B-Term-Prov-Trigger_719776.00,2015-10-04 18:00:09.000000,Provider Conversion,2013-03-28 03:56:49.000000
1000794,1000846,2011-04-05,2015-10-04,A,51,N,0,B-Term-Prov-Trigger_719776.00,2015-10-04 18:00:11.000000,Provider Conversion,2013-03-28 03:56:49.000000
1000795,1000847,2011-07-15,2013-09-30,A,45,N,3,PJHEID,2015-07-09 13:10:03.597000,Provider Conversion,2013-03-28 03:56:49.000000
1000796,1000848,2011-07-01,2011-07-01,A,51,N,2,B-Term-Prov-Trigger_717958.00,2015-10-02 18:00:43.000000,Provider Conversion,2013-03-28 03:56:49.000000
1000797,1000849,2011-08-29,2013-09-30,A,45,N,1,SKOEHLY,2015-03-27 12:39:41.507000,Provider Conversion,2013-03-28 03:56:49.000000
1000798,1000850,2011-08-11,2011-11-18,A,51,N,0,B-Term-Prov-Trigger_717958.00,2015-10-02 18:00:41.000000,Provider Conversion,2013-03-28 03:56:49.000000
1000799,1000851,2011-08-12,2013-09-30,A,45,N,6,CAROLREEVES,2015-06-22 14:41:01.649000,Provider Conversion,2013-03-28 03:56:49.000000
1000800,1000852,2011-08-15,2015-10-04,A,51,N,0,B-Term-Prov-Trigger_719776.00,2015-10-04 18:00:09.000000,Provider Conversion,2013-03-28 03:56:49.000000
1000801,1000853,2011-08-11,2013-09-30,A,45,N,2,KARINARUIZ,2014-11-11 12:28:23.699000,Provider Conversion,2013-03-28 03:56:49.000000
1000802,1000855,2011-08-03,2015-10-04,A,51,N,0,B-Term-Prov-Trigger_719776.00,2015-10-04 18:00:12.000000,Provider Conversion,2013-03-28 03:56:49.000000
1000803,1000856,2011-04-10,2015-10-04,A,51,N,0,B-Term-Prov-Trigger_719776.00,2015-10-04 18:00:12.000000,Provider Conversion,2013-03-28 03:56:49.000000
1000804,1000857,2011-08-17,2015-10-04,A,51,N,0,B-Term-Prov-Trigger_719776.00,2015-10-04 18:00:10.000000,Provider Conversion,2013-03-28 03:56:49.000000
1000805,1000858,2011-08-29,2011-11-26,A,51,N,0,B-Term-Prov-Trigger_717958.00,2015-10-02 18:00:45.000000,Provider Conversion,2013-03-28 03:56:49.000000
1000806,1000859,2011-08-29,2015-10-04,A,51,N,0,B-Term-Prov-Trigger_719776.00,2015-10-04 18:00:11.000000,Provider Conversion,2013-03-28 03:56:49.000000
1000807,1000860,2011-08-10,2013-09-30,A,45,N,1,KARINARUIZ,2015-03-06 14:46:23.172000,Provider Conversion,2013-03-28 03:56:49.000000
1000808,1000861,2011-08-31,2015-10-04,A,51,N,0,B-Term-Prov-Trigger_719776.00,2015-10-04 18:00:10.000000,Provider Conversion,2013-03-28 03:56:49.000000
1000809,1000862,2011-08-12,2013-09-30,A,45,N,4,MMANYGUNS,2015-02-09 21:43:14.911000,Provider Conversion,2013-03-28 03:56:49.000000
1000810,1000863,2011-09-01,2012-10-22,A,51,N,0,B-Term-Prov-Trigger_717958.00,2015-10-02 18:00:39.000000,Provider Conversion,2013-03-28 03:56:49.000000
1000811,1000864,2011-08-29,2013-09-30,A,45,N,5,DANIELLAESTRELLA,2015-06-24 11:30:30.173000,Provider Conversion,2013-03-28 03:56:49.000000
1000812,1000865,2011-07-01,2015-10-04,A,51,N,0,B-Term-Prov-Trigger_719776.00,2015-10-04 18:00:10.000000,Provider Conversion,2013-03-28 03:56:49.000000
1000813,1000866,2011-08-29,2015-10-04,A,51,N,0,B-Term-Prov-Trigger_719776.00,2015-10-04 18:00:10.000000,Provider Conversion,2013-03-28 03:56:49.000000
1000814,1000867,2011-08-19,2013-09-30,A,45,N,5,DANIELLAESTRELLA,2015-06-30 14:57:41.531000,Provider Conversion,2013-03-28 03:56:49.000000
1000815,1000868,2011-08-22,2013-09-30,A,45,N,0,Provider Conversion,2013-03-28 03:56:49.000000,Provider Conversion,2013-03-28 03:56:49.000000
1000816,1000869,2011-08-22,2015-10-04,A,51,N,0,B-Term-Prov-Trigger_719776.00,2015-10-04 18:00:09.000000,Provider Conversion,2013-03-28 03:56:49.000000
1000817,1000870,2011-07-26,2013-09-30,A,45,N,7,JMLAGRO,2015-07-27 11:27:40.298000,Provider Conversion,2013-03-28 03:56:49.000000
1000818,1000871,2011-07-26,2015-10-04,A,51,N,0,B-Term-Prov-Trigger_719776.00,2015-10-04 18:00:10.000000,Provider Conversion,2013-03-28 03:56:49.000000
1000819,1000872,2011-07-22,2013-09-30,A,45,N,12,CAROLREEVES,2015-07-27 15:25:57.238000,Provider Conversion,2013-03-28 03:56:49.000000
1000820,1000873,2011-10-01,2013-09-30,A,45,N,4,MAURICIOPENERAND,2015-08-03 15:38:31.642000,Provider Conversion,2013-03-28 03:56:49.000000
1000821,1000874,2011-09-01,2013-09-30,A,45,N,1,MAGDALENAHANUSIA,2014-09-08 15:06:07.313000,Provider Conversion,2013-03-28 03:56:49.000000
1000822,1000875,2011-08-22,2015-10-04,A,51,N,0,B-Term-Prov-Trigger_719776.00,2015-10-04 18:00:09.000000,Provider Conversion,2013-03-28 03:56:49.000000
1000823,1000876,2011-07-01,2013-02-13,A,51,N,0,B-Term-Prov-Trigger_717958.00,2015-10-02 18:00:45.000000,Provider Conversion,2013-03-28 03:56:49.000000
1000824,1000877,2011-07-01,2015-10-04,A,51,N,0,B-Term-Prov-Trigger_719776.00,2015-10-04 18:00:10.000000,Provider Conversion,2013-03-28 03:56:49.000000
1000826,1000879,2011-07-01,2015-10-04,A,51,N,2,B-Term-Prov-Trigger_719776.00,2015-10-04 18:00:13.000000,Provider Conversion,2013-03-28 03:56:49.000000
1000827,1000880,2011-07-29,2012-09-20,A,51,N,0,B-Term-Prov-Trigger_717958.00,2015-10-02 18:00:46.000000,Provider Conversion,2013-03-28 03:56:49.000000
1000828,1000881,2011-08-10,2013-09-30,A,51,N,0,B-Term-Prov-Trigger_717958.00,2015-10-02 18:00:45.000000,Provider Conversion,2013-03-28 03:56:49.000000
1000829,1000882,2011-06-01,2013-09-30,A,45,N,1,KARINARUIZ,2015-01-06 10:31:51.198000,Provider Conversion,2013-03-28 03:56:49.000000
1000830,1000883,2011-10-03,2013-09-30,A,45,N,0,Provider Conversion,2013-03-28 03:56:49.000000,Provider Conversion,2013-03-28 03:56:49.000000
1000831,1000884,2011-08-29,2012-02-28,A,51,N,0,B-Term-Prov-Trigger_717958.00,2015-10-02 18:00:43.000000,Provider Conversion,2013-03-28 03:56:49.000000
1000832,1000885,2011-09-02,2013-09-30,A,45,N,2,CAROLREEVES,2015-06-26 11:21:23.722000,Provider Conversion,2013-03-28 03:56:49.000000
1000834,1000887,2011-08-30,2015-10-04,A,51,N,0,B-Term-Prov-Trigger_719776.00,2015-10-04 18:00:12.000000,Provider Conversion,2013-03-28 03:56:49.000000
1000835,1000888,2011-10-01,2013-09-30,A,45,N,5,PJHEID,2015-02-23 15:32:34.187000,Provider Conversion,2013-03-28 03:56:49.000000
1000836,1000889,2011-09-09,2013-09-30,A,45,N,5,CAROLREEVES,2015-06-29 16:14:34.434000,Provider Conversion,2013-03-28 03:56:49.000000
1000837,1000890,2011-07-01,2015-10-04,A,51,N,0,B-Term-Prov-Trigger_719776.00,2015-10-04 18:00:13.000000,Provider Conversion,2013-03-28 03:56:49.000000
1000838,1000891,2011-07-22,2015-10-04,A,51,N,0,B-Term-Prov-Trigger_719776.00,2015-10-04 18:00:11.000000,Provider Conversion,2013-03-28 03:56:49.000000
1000839,1000892,2011-08-28,2015-10-04,A,51,N,0,B-Term-Prov-Trigger_719776.00,2015-10-04 18:00:12.000000,Provider Conversion,2013-03-28 03:56:49.000000
1000840,1000893,2011-09-09,2011-11-18,A,51,N,0,B-Term-Prov-Trigger_717958.00,2015-10-02 18:00:41.000000,Provider Conversion,2013-03-28 03:56:49.000000
1000841,1000894,2011-09-09,2012-09-01,A,51,N,0,B-Term-Prov-Trigger_717958.00,2015-10-02 18:00:40.000000,Provider Conversion,2013-03-28 03:56:49.000000
1000842,1000895,2011-09-07,2023-12-30,A,00,N,2,HOFFMANNLIZA,2024-06-26 08:10:31.604000,Provider Conversion,2013-03-28 03:56:49.000000
1000843,1000897,2011-09-12,2013-09-30,A,45,N,2,ENROL_STAT_DATE_MERGE,2015-09-01 15:03:06.000000,Provider Conversion,2013-03-28 03:56:49.000000
1000844,1000898,2011-07-01,2015-10-04,A,51,N,0,B-Term-Prov-Trigger_719776.00,2015-10-04 18:00:11.000000,Provider Conversion,2013-03-28 03:56:49.000000
1000845,1000899,2011-07-01,2015-10-04,A,51,N,0,B-Term-Prov-Trigger_719776.00,2015-10-04 18:00:10.000000,Provider Conversion,2013-03-28 03:56:49.000000
1000846,1000900,2011-07-01,2013-09-30,A,45,N,5,JMLAGRO,2015-02-20 13:04:22.175000,Provider Conversion,2013-03-28 03:56:49.000000
1000847,1000901,2011-07-01,2013-09-30,A,45,N,2,DANIELLAESTRELLA,2015-06-22 08:15:36.678000,Provider Conversion,2013-03-28 03:56:49.000000
1000848,1000902,2011-07-01,2015-10-04,A,51,N,0,B-Term-Prov-Trigger_719776.00,2015-10-04 18:00:09.000000,Provider Conversion,2013-03-28 03:56:49.000000
1000849,1000903,2011-07-01,2012-08-28,A,51,N,0,B-Term-Prov-Trigger_717958.00,2015-10-02 18:00:40.000000,Provider Conversion,2013-03-28 03:56:49.000000
1000850,1000904,2011-07-01,2015-10-04,A,51,N,0,B-Term-Prov-Trigger_719776.00,2015-10-04 18:00:11.000000,Provider Conversion,2013-03-28 03:56:49.000000
1000851,1000905,2011-07-01,2015-10-04,A,51,N,0,B-Term-Prov-Trigger_719776.00,2015-10-04 18:00:10.000000,Provider Conversion,2013-03-28 03:56:49.000000
1000852,1000906,2011-07-01,2015-10-04,A,51,N,0,B-Term-Prov-Trigger_719776.00,2015-10-04 18:00:12.000000,Provider Conversion,2013-03-28 03:56:49.000000
1000853,1000907,2011-07-01,2012-03-16,A,51,N,0,B-Term-Prov-Trigger_717958.00,2015-10-02 18:00:46.000000,Provider Conversion,2013-03-28 03:56:49.000000
1000854,1000908,2011-07-01,2012-05-04,A,51,N,0,B-Term-Prov-Trigger_717958.00,2015-10-02 18:00:39.000000,Provider Conversion,2013-03-28 03:56:49.000000
1000856,1000910,2011-07-01,2015-10-04,A,51,N,0,B-Term-Prov-Trigger_719776.00,2015-10-04 18:00:10.000000,Provider Conversion,2013-03-28 03:56:49.000000
1000857,1000911,2011-07-01,2015-10-04,A,51,N,0,B-Term-Prov-Trigger_719776.00,2015-10-04 18:00:12.000000,Provider Conversion,2013-03-28 03:56:49.000000
1000858,1000912,2011-07-01,2015-10-04,A,51,N,0,B-Term-Prov-Trigger_719776.00,2015-10-04 18:00:10.000000,Provider Conversion,2013-03-28 03:56:49.000000
1000859,1000913,2011-07-01,2015-10-04,A,51,N,0,B-Term-Prov-Trigger_719776.00,2015-10-04 18:00:11.000000,Provider Conversion,2013-03-28 03:56:49.000000
1000860,1000914,2011-07-01,2015-10-04,A,51,N,0,B-Term-Prov-Trigger_719776.00,2015-10-04 18:00:11.000000,Provider Conversion,2013-03-28 03:56:49.000000
1000861,1000915,2011-07-01,2013-09-30,A,45,N,6,MAURICIOPENERAND,2015-08-03 15:54:32.961000,Provider Conversion,2013-03-28 03:56:49.000000
1000862,1000916,2011-07-01,2013-09-30,A,45,N,2,CAROLREEVES,2015-07-01 09:18:04.111000,Provider Conversion,2013-03-28 03:56:49.000000
1000863,1000917,2011-07-01,2015-10-04,A,51,N,0,B-Term-Prov-Trigger_719776.00,2015-10-04 18:00:11.000000,Provider Conversion,2013-03-28 03:56:49.000000
1000864,1000918,2011-07-01,2015-10-04,A,51,N,0,B-Term-Prov-Trigger_719776.00,2015-10-04 18:00:12.000000,Provider Conversion,2013-03-28 03:56:49.000000
1000865,1000919,2011-07-01,2015-10-04,A,51,N,0,B-Term-Prov-Trigger_719776.00,2015-10-04 18:00:09.000000,Provider Conversion,2013-03-28 03:56:49.000000
1000866,1000920,2011-07-01,2011-07-01,A,51,N,0,B-Term-Prov-Trigger_717958.00,2015-10-02 18:00:39.000000,Provider Conversion,2013-03-28 03:56:49.000000
1000867,1000921,2011-07-01,2013-09-30,A,45,N,5,DOMINICKNGANTOU,2014-09-16 11:00:48.769000,Provider Conversion,2013-03-28 03:56:49.000000
1000868,1000922,2011-07-01,2015-10-04,A,51,N,0,B-Term-Prov-Trigger_719776.00,2015-10-04 18:00:10.000000,Provider Conversion,2013-03-28 03:56:49.000000
1000869,1000923,2011-10-01,2015-10-04,A,51,N,0,B-Term-Prov-Trigger_719776.00,2015-10-04 18:00:13.000000,Provider Conversion,2013-03-28 03:56:49.000000
1000870,1000924,2011-07-01,2015-10-04,A,51,N,3,B-Term-Prov-Trigger_719776.00,2015-10-04 18:00:10.000000,Provider Conversion,2013-03-28 03:56:49.000000
1000871,1000925,1990-03-01,2005-09-30,A,51,N,0,B-Term-Prov-Trigger_717958.00,2015-10-02 18:00:41.000000,Provider Conversion,2013-03-28 03:56:49.000000
1000872,1000926,2011-07-01,2015-10-04,A,51,N,0,B-Term-Prov-Trigger_719776.00,2015-10-04 18:00:11.000000,Provider Conversion,2013-03-28 03:56:49.000000
1000873,1000927,2011-07-01,2015-10-04,A,51,N,0,B-Term-Prov-Trigger_719776.00,2015-10-04 18:00:13.000000,Provider Conversion,2013-03-28 03:56:49.000000
1000874,1000928,2011-07-01,2015-10-04,A,51,N,0,B-Term-Prov-Trigger_719776.00,2015-10-04 18:00:11.000000,Provider Conversion,2013-03-28 03:56:49.000000
1000875,1000929,2011-07-01,2013-09-30,A,45,N,3,JMLAGRO,2015-02-20 13:31:44.226000,Provider Conversion,2013-03-28 03:56:49.000000
1000876,1000930,2011-07-01,2015-10-04,A,51,N,0,B-Term-Prov-Trigger_719776.00,2015-10-04 18:00:10.000000,Provider Conversion,2013-03-28 03:56:49.000000
1000877,1000931,2011-07-01,2015-10-04,A,51,N,0,B-Term-Prov-Trigger_719776.00,2015-10-04 18:00:10.000000,Provider Conversion,2013-03-28 03:56:49.000000
1000878,1000932,2011-07-01,2015-10-04,A,51,N,0,B-Term-Prov-Trigger_719776.00,2015-10-04 18:00:13.000000,Provider Conversion,2013-03-28 03:56:49.000000
1000879,1000933,2011-07-01,2015-10-04,A,51,N,0,B-Term-Prov-Trigger_719776.00,2015-10-04 18:00:10.000000,Provider Conversion,2013-03-28 03:56:49.000000
1000880,1000934,2011-07-01,2015-10-04,A,51,N,0,B-Term-Prov-Trigger_719776.00,2015-10-04 18:00:09.000000,Provider Conversion,2013-03-28 03:56:49.000000
1000881,1000935,2011-07-10,2013-09-30,A,45,N,2,ZULEIMARUIZ,2014-09-04 10:54:46.850000,Provider Conversion,2013-03-28 03:56:49.000000
1000882,1000936,2011-07-01,2015-10-04,A,51,N,0,B-Term-Prov-Trigger_719776.00,2015-10-04 18:00:12.000000,Provider Conversion,2013-03-28 03:56:49.000000
1000883,1000937,2011-07-01,2012-05-31,A,51,N,0,B-Term-Prov-Trigger_717958.00,2015-10-02 18:00:41.000000,Provider Conversion,2013-03-28 03:56:49.000000
1000884,1000938,2011-07-01,2015-10-04,A,51,N,0,B-Term-Prov-Trigger_719776.00,2015-10-04 18:00:09.000000,Provider Conversion,2013-03-28 03:56:49.000000
1000885,1000939,2011-07-01,2012-03-31,A,51,N,0,B-Term-Prov-Trigger_717958.00,2015-10-02 18:00:39.000000,Provider Conversion,2013-03-28 03:56:49.000000
1000886,1000940,2011-07-01,2015-10-04,A,51,N,0,B-Term-Prov-Trigger_719776.00,2015-10-04 18:00:10.000000,Provider Conversion,2013-03-28 03:56:49.000000
1000887,1000941,2011-07-01,2015-10-04,A,51,N,0,B-Term-Prov-Trigger_719776.00,2015-10-04 18:00:12.000000,Provider Conversion,2013-03-28 03:56:49.000000
1000888,1000942,2011-07-01,2015-10-04,A,51,N,3,B-Term-Prov-Trigger_719776.00,2015-10-04 18:00:11.000000,Provider Conversion,2013-03-28 03:56:49.000000
1000889,1000943,2011-09-12,2015-10-04,A,51,N,0,B-Term-Prov-Trigger_719776.00,2015-10-04 18:00:12.000000,Provider Conversion,2013-03-28 03:56:49.000000
1000890,1000944,2011-07-01,2012-03-31,A,51,N,0,B-Term-Prov-Trigger_717958.00,2015-10-02 18:00:45.000000,Provider Conversion,2013-03-28 03:56:49.000000
1000891,1000945,2011-09-12,2013-09-30,A,45,N,3,ESTHERSHAHPAR,2015-07-21 16:31:09.518000,Provider Conversion,2013-03-28 03:56:49.000000
1000892,1000946,2011-09-19,2011-11-18,A,51,N,0,B-Term-Prov-Trigger_717958.00,2015-10-02 18:00:45.000000,Provider Conversion,2013-03-28 03:56:49.000000
1000893,1000947,2011-09-11,2013-09-30,A,45,N,9,MAURICIOPENERAND,2015-08-03 15:47:51.600000,Provider Conversion,2013-03-28 03:56:49.000000
1000894,1000948,2011-09-19,2015-10-04,A,51,N,0,B-Term-Prov-Trigger_719776.00,2015-10-04 18:00:11.000000,Provider Conversion,2013-03-28 03:56:49.000000
1000895,1000949,2011-09-09,2015-10-04,A,51,N,0,B-Term-Prov-Trigger_719776.00,2015-10-04 18:00:11.000000,Provider Conversion,2013-03-28 03:56:49.000000
1000896,1000950,2011-09-23,2011-12-21,A,51,N,0,B-Term-Prov-Trigger_717958.00,2015-10-02 18:00:44.000000,Provider Conversion,2013-03-28 03:56:49.000000
1000897,1000951,2011-09-23,2013-09-30,A,45,N,2,ESTHERSHAHPAR,2014-11-12 13:56:04.736000,Provider Conversion,2013-03-28 03:56:49.000000
1000898,1000952,2011-09-01,2012-06-30,A,51,N,0,B-Term-Prov-Trigger_717958.00,2015-10-02 18:00:47.000000,Provider Conversion,2013-03-28 03:56:49.000000
1000899,1000953,2011-10-03,2015-10-04,A,51,N,0,B-Term-Prov-Trigger_719776.00,2015-10-04 18:00:11.000000,Provider Conversion,2013-03-28 03:56:49.000000
1000900,1000954,2011-09-26,2015-10-04,A,51,N,0,B-Term-Prov-Trigger_719776.00,2015-10-04 18:00:12.000000,Provider Conversion,2013-03-28 03:56:49.000000
1000902,1000956,2011-11-01,2013-09-30,A,45,N,3,PJHEID,2015-02-25 14:43:54.759000,Provider Conversion,2013-03-28 03:56:49.000000
1000903,1000957,2011-11-07,2013-09-30,A,45,N,0,Provider Conversion,2013-03-28 03:56:49.000000,Provider Conversion,2013-03-28 03:56:49.000000
1000904,1000958,2011-11-01,2013-09-30,A,45,N,12,THENDERSON,2015-08-13 16:27:41.312000,Provider Conversion,2013-03-28 03:56:49.000000
1000906,1000960,2011-09-06,2013-09-30,A,45,N,2,ZULEIMARUIZ,2014-09-05 16:26:08.191000,Provider Conversion,2013-03-28 03:56:49.000000
1000907,1000961,2011-09-26,2013-09-30,A,45,N,0,Provider Conversion,2013-03-28 03:56:49.000000,Provider Conversion,2013-03-28 03:56:49.000000
1000694,1000740,2011-07-11,2013-09-30,A,45,N,7,MAURICIOPENERAND,2015-07-24 15:41:51.204000,Provider Conversion,2013-03-28 03:56:49.000000
1000695,1000741,2010-12-01,2013-09-30,A,45,N,6,JMLAGRO,2014-10-16 08:05:55.648000,Provider Conversion,2013-03-28 03:56:49.000000
1000696,1000742,2011-06-01,2015-10-04,A,51,N,0,B-Term-Prov-Trigger_719776.00,2015-10-04 18:00:10.000000,Provider Conversion,2013-03-28 03:56:49.000000
1000000,1000000,2010-09-06,2015-10-04,A,51,N,0,B-Term-Prov-Trigger_719776.00,2015-10-04 18:00:12.000000,Provider Conversion,2013-03-28 03:56:49.000000
1000001,1000001,2009-12-03,2011-12-31,A,51,N,0,B-Term-Prov-Trigger_717958.00,2015-10-02 18:00:46.000000,Provider Conversion,2013-03-28 03:56:49.000000
1000002,1000002,2010-08-23,2011-12-31,A,51,N,0,B-Term-Prov-Trigger_717958.00,2015-10-02 18:00:45.000000,Provider Conversion,2013-03-28 03:56:49.000000
1000003,1000003,2010-10-05,2011-12-31,A,45,N,0,Provider Conversion,2013-03-28 03:56:49.000000,Provider Conversion,2013-03-28 03:56:49.000000
1000004,1000004,2010-05-14,2013-09-30,A,45,N,0,Provider Conversion,2013-03-28 03:56:49.000000,Provider Conversion,2013-03-28 03:56:49.000000
1000005,1000005,2010-11-01,2011-12-31,A,51,N,0,B-Term-Prov-Trigger_717958.00,2015-10-02 18:00:47.000000,Provider Conversion,2013-03-28 03:56:49.000000
1000006,1000006,2010-07-30,2011-12-31,A,51,N,0,B-Term-Prov-Trigger_717958.00,2015-10-02 18:00:47.000000,Provider Conversion,2013-03-28 03:56:49.000000
1000007,1000007,2010-06-10,2011-12-31,A,51,N,0,B-Term-Prov-Trigger_717958.00,2015-10-02 18:00:44.000000,Provider Conversion,2013-03-28 03:56:49.000000
1000008,1000008,2010-08-26,2011-12-31,A,51,N,0,B-Term-Prov-Trigger_717958.00,2015-10-02 18:00:43.000000,Provider Conversion,2013-03-28 03:56:49.000000
1000009,1000009,2010-06-16,2015-10-04,A,51,N,0,B-Term-Prov-Trigger_719776.00,2015-10-04 18:00:11.000000,Provider Conversion,2013-03-28 03:56:49.000000
1000010,1000010,2010-08-26,2011-12-31,A,51,N,0,B-Term-Prov-Trigger_717958.00,2015-10-02 18:00:46.000000,Provider Conversion,2013-03-28 03:56:49.000000
1000011,1000011,2010-08-04,2011-12-31,A,51,N,0,B-Term-Prov-Trigger_717958.00,2015-10-02 18:00:46.000000,Provider Conversion,2013-03-28 03:56:49.000000
1000012,1000012,2010-09-30,2011-12-31,A,51,N,0,B-Term-Prov-Trigger_717958.00,2015-10-02 18:00:39.000000,Provider Conversion,2013-03-28 03:56:49.000000
1000013,1000013,2010-08-10,2011-12-31,A,51,N,0,B-Term-Prov-Trigger_717958.00,2015-10-02 18:00:39.000000,Provider Conversion,2013-03-28 03:56:49.000000
1000014,1000014,2010-10-25,2011-12-31,A,51,N,0,B-Term-Prov-Trigger_717958.00,2015-10-02 18:00:41.000000,Provider Conversion,2013-03-28 03:56:49.000000
1000015,1000015,2010-12-04,2011-12-31,A,51,N,0,B-Term-Prov-Trigger_717958.00,2015-10-02 18:00:44.000000,Provider Conversion,2013-03-28 03:56:49.000000
1000016,1000016,2010-08-06,2015-10-04,A,51,N,0,B-Term-Prov-Trigger_719776.00,2015-10-04 18:00:10.000000,Provider Conversion,2013-03-28 03:56:49.000000
1000017,1000017,2010-11-16,2015-10-04,A,51,N,0,B-Term-Prov-Trigger_719776.00,2015-10-04 18:00:12.000000,Provider Conversion,2013-03-28 03:56:49.000000
1000018,1000018,2010-08-20,2015-10-04,A,51,N,0,B-Term-Prov-Trigger_719776.00,2015-10-04 18:00:10.000000,Provider Conversion,2013-03-28 03:56:49.000000
1000019,1000019,2010-07-09,2015-10-04,A,51,N,0,B-Term-Prov-Trigger_719776.00,2015-10-04 18:00:12.000000,Provider Conversion,2013-03-28 03:56:49.000000
1000020,1000020,2010-06-01,2013-09-30,A,45,N,1,MMANYGUNS,2015-03-10 12:04:55.404000,Provider Conversion,2013-03-28 03:56:49.000000
1000021,1000021,2010-08-13,2011-12-31,A,51,N,0,B-Term-Prov-Trigger_717958.00,2015-10-02 18:00:45.000000,Provider Conversion,2013-03-28 03:56:49.000000
1000022,1000022,2010-08-08,2011-12-31,A,51,N,0,B-Term-Prov-Trigger_717958.00,2015-10-02 18:00:40.000000,Provider Conversion,2013-03-28 03:56:49.000000
1000023,1000023,2010-07-22,2013-09-30,A,45,N,0,Provider Conversion,2013-03-28 03:56:49.000000,Provider Conversion,2013-03-28 03:56:49.000000
1000024,1000024,2010-08-21,2011-12-31,A,51,N,0,B-Term-Prov-Trigger_717958.00,2015-10-02 18:00:46.000000,Provider Conversion,2013-03-28 03:56:49.000000
1000025,1000025,2010-11-24,2011-12-31,A,51,N,0,B-Term-Prov-Trigger_717958.00,2015-10-02 18:00:47.000000,Provider Conversion,2013-03-28 03:56:49.000000
1000026,1000026,2010-10-12,2011-12-31,A,51,N,0,B-Term-Prov-Trigger_717958.00,2015-10-02 18:00:44.000000,Provider Conversion,2013-03-28 03:56:49.000000
1000027,1000027,2010-11-20,2011-12-31,A,51,N,0,B-Term-Prov-Trigger_717958.00,2015-10-02 18:00:45.000000,Provider Conversion,2013-03-28 03:56:49.000000
1000028,1000028,2011-02-23,2015-10-04,A,51,N,0,B-Term-Prov-Trigger_719776.00,2015-10-04 18:00:11.000000,Provider Conversion,2013-03-28 03:56:49.000000
1000029,1000029,2010-11-09,2011-12-31,A,51,N,0,B-Term-Prov-Trigger_717958.00,2015-10-02 18:00:47.000000,Provider Conversion,2013-03-28 03:56:49.000000
1000030,1000030,2010-10-01,2011-12-31,A,51,N,0,B-Term-Prov-Trigger_717958.00,2015-10-02 18:00:42.000000,Provider Conversion,2013-03-28 03:56:49.000000
1000031,1000031,2010-07-22,2013-09-30,A,45,N,6,JMLAGRO,2015-08-05 09:52:55.153000,Provider Conversion,2013-03-28 03:56:49.000000
1000032,1000032,2010-09-09,2015-10-04,A,51,N,0,B-Term-Prov-Trigger_719776.00,2015-10-04 18:00:13.000000,Provider Conversion,2013-03-28 03:56:49.000000
1000033,1000033,2011-01-16,2015-10-04,A,51,N,0,B-Term-Prov-Trigger_719776.00,2015-10-04 18:00:12.000000,Provider Conversion,2013-03-28 03:56:49.000000
1000034,1000034,2010-12-23,2011-12-31,A,51,N,0,B-Term-Prov-Trigger_717958.00,2015-10-02 18:00:44.000000,Provider Conversion,2013-03-28 03:56:49.000000
1000035,1000035,2011-01-31,2011-12-31,A,51,N,0,B-Term-Prov-Trigger_717958.00,2015-10-02 18:00:42.000000,Provider Conversion,2013-03-28 03:56:49.000000
1000036,1000036,2011-03-19,2015-10-04,A,51,N,0,B-Term-Prov-Trigger_719776.00,2015-10-04 18:00:10.000000,Provider Conversion,2013-03-28 03:56:49.000000
1000037,1000037,2010-10-18,2011-12-31,A,51,N,0,B-Term-Prov-Trigger_717958.00,2015-10-02 18:00:46.000000,Provider Conversion,2013-03-28 03:56:49.000000
1000038,1000038,2010-10-19,2013-07-31,A,51,N,0,B-Term-Prov-Trigger_717958.00,2015-10-02 18:00:46.000000,Provider Conversion,2013-03-28 03:56:49.000000
1000039,1000039,2011-03-08,2015-10-04,A,51,N,0,B-Term-Prov-Trigger_719776.00,2015-10-04 18:00:10.000000,Provider Conversion,2013-03-28 03:56:49.000000
1000040,1000040,2011-07-03,2015-10-04,A,51,N,0,B-Term-Prov-Trigger_719776.00,2015-10-04 18:00:11.000000,Provider Conversion,2013-03-28 03:56:49.000000
1000041,1000041,2011-01-22,2015-10-04,A,51,N,0,B-Term-Prov-Trigger_719776.00,2015-10-04 18:00:09.000000,Provider Conversion,2013-03-28 03:56:49.000000
1000042,1000042,2011-01-16,2015-10-04,A,51,N,0,B-Term-Prov-Trigger_719776.00,2015-10-04 18:00:11.000000,Provider Conversion,2013-03-28 03:56:49.000000
1000043,1000043,2011-06-01,2013-09-30,A,45,N,1,JMLAGRO,2015-08-11 14:37:22.041000,Provider Conversion,2013-03-28 03:56:49.000000
1000044,1000044,2011-04-25,2015-10-04,A,51,N,0,B-Term-Prov-Trigger_719776.00,2015-10-04 18:00:13.000000,Provider Conversion,2013-03-28 03:56:49.000000
1000045,1000045,2011-07-01,2013-09-30,A,45,N,7,JMLAGRO,2014-10-06 13:30:42.669000,Provider Conversion,2013-03-28 03:56:49.000000
1000046,1000046,2011-02-20,2015-10-04,A,51,N,0,B-Term-Prov-Trigger_719776.00,2015-10-04 18:00:10.000000,Provider Conversion,2013-03-28 03:56:49.000000
1000047,1000047,2010-08-05,2011-12-31,A,51,N,0,B-Term-Prov-Trigger_717958.00,2015-10-02 18:00:47.000000,Provider Conversion,2013-03-28 03:56:49.000000
1000048,1000048,2011-05-27,2013-09-30,A,45,N,0,Provider Conversion,2013-03-28 03:56:49.000000,Provider Conversion,2013-03-28 03:56:49.000000
1000049,1000049,2011-12-01,2015-10-04,A,51,N,1,B-Term-Prov-Trigger_719776.00,2015-10-04 18:00:11.000000,Provider Conversion,2013-03-28 03:56:49.000000
1000050,1000050,2011-12-01,2015-10-04,A,51,N,1,B-Term-Prov-Trigger_719776.00,2015-10-04 18:00:10.000000,Provider Conversion,2013-03-28 03:56:49.000000
1000051,1000051,2011-05-08,2015-10-04,A,51,N,0,B-Term-Prov-Trigger_719776.00,2015-10-04 18:00:11.000000,Provider Conversion,2013-03-28 03:56:49.000000
1000052,1000052,2011-08-01,2015-10-04,A,51,N,0,B-Term-Prov-Trigger_767554.00,2024-03-14 18:02:18.000000,Provider Conversion,2013-03-28 03:56:49.000000
1000053,1000053,2011-03-28,2015-10-04,A,51,N,0,B-Term-Prov-Trigger_719776.00,2015-10-04 18:00:10.000000,Provider Conversion,2013-03-28 03:56:49.000000
1000054,1000054,2011-01-11,2015-10-04,A,51,N,0,B-Term-Prov-Trigger_719776.00,2015-10-04 18:00:12.000000,Provider Conversion,2013-03-28 03:56:49.000000
1000055,1000055,2011-03-05,2015-10-04,A,51,N,0,B-Term-Prov-Trigger_719776.00,2015-10-04 18:00:09.000000,Provider Conversion,2013-03-28 03:56:49.000000
1000056,1000056,2011-07-01,2013-09-30,A,45,N,3,JMLAGRO,2015-06-29 10:27:54.240000,Provider Conversion,2013-03-28 03:56:49.000000
1000057,1000057,2011-10-07,2015-10-04,A,51,N,0,B-Term-Prov-Trigger_719776.00,2015-10-04 18:00:12.000000,Provider Conversion,2013-03-28 03:56:49.000000
1000058,1000058,2011-07-05,2015-10-04,A,51,N,0,B-Term-Prov-Trigger_719776.00,2015-10-04 18:00:13.000000,Provider Conversion,2013-03-28 03:56:49.000000
1000059,1000059,2011-07-27,2015-10-04,A,51,N,0,B-Term-Prov-Trigger_719776.00,2015-10-04 18:00:13.000000,Provider Conversion,2013-03-28 03:56:49.000000
1000060,1000060,2012-01-11,2015-10-04,A,51,N,0,B-Term-Prov-Trigger_719776.00,2015-10-04 18:00:10.000000,Provider Conversion,2013-03-28 03:56:49.000000
1000061,1000061,2011-08-13,2015-10-04,A,51,N,0,B-Term-Prov-Trigger_719776.00,2015-10-04 18:00:10.000000,Provider Conversion,2013-03-28 03:56:49.000000
1000062,1000062,2011-07-29,2015-10-04,A,51,N,0,B-Term-Prov-Trigger_719776.00,2015-10-04 18:00:10.000000,Provider Conversion,2013-03-28 03:56:49.000000
1000063,1000063,2012-01-31,2015-05-04,A,51,N,3,RRUD,2015-11-23 08:38:09.141000,Provider Conversion,2013-03-28 03:56:49.000000
1000064,1000064,2011-12-19,2015-10-04,A,51,N,0,B-Term-Prov-Trigger_719776.00,2015-10-04 18:00:12.000000,Provider Conversion,2013-03-28 03:56:49.000000
1000065,1000065,2011-12-31,2015-10-04,A,51,N,0,B-Term-Prov-Trigger_719776.00,2015-10-04 18:00:11.000000,Provider Conversion,2013-03-28 03:56:49.000000
1000066,1000066,2012-03-06,2015-10-04,A,51,N,0,B-Term-Prov-Trigger_719776.00,2015-10-04 18:00:12.000000,Provider Conversion,2013-03-28 03:56:49.000000
1000067,1000067,2011-11-21,2015-10-04,A,51,N,0,B-Term-Prov-Trigger_719776.00,2015-10-04 18:00:11.000000,Provider Conversion,2013-03-28 03:56:49.000000
1000068,1000068,2011-12-11,2015-10-04,A,51,N,0,B-Term-Prov-Trigger_719776.00,2015-10-04 18:00:12.000000,Provider Conversion,2013-03-28 03:56:49.000000
1000069,1000069,2012-04-19,2013-09-30,A,45,N,1,SHERSAYLER,2014-03-30 15:40:44.437000,Provider Conversion,2013-03-28 03:56:49.000000
1000070,1000070,2012-04-19,2013-09-30,A,45,N,1,SHERSAYLER,2014-03-30 15:40:18.607000,Provider Conversion,2013-03-28 03:56:49.000000
1000071,1000071,2012-01-06,2015-10-04,A,51,N,0,B-Term-Prov-Trigger_719776.00,2015-10-04 18:00:10.000000,Provider Conversion,2013-03-28 03:56:49.000000
1000072,1000072,2011-12-27,2015-10-04,A,51,N,0,B-Term-Prov-Trigger_719776.00,2015-10-04 18:00:10.000000,Provider Conversion,2013-03-28 03:56:49.000000
1000073,1000073,2012-01-10,2015-10-04,A,51,N,0,B-Term-Prov-Trigger_719776.00,2015-10-04 18:00:11.000000,Provider Conversion,2013-03-28 03:56:49.000000
1000074,1000074,2012-10-02,2013-09-30,A,45,N,1,SHERSAYLER,2014-03-30 15:37:25.758000,Provider Conversion,2013-03-28 03:56:49.000000
1000075,1000075,2012-05-29,2013-09-30,A,45,N,2,KARINARUIZ,2014-08-29 12:59:05.438000,Provider Conversion,2013-03-28 03:56:49.000000
1000076,1000076,2012-01-13,2015-10-04,A,51,N,0,B-Term-Prov-Trigger_719776.00,2015-10-04 18:00:11.000000,Provider Conversion,2013-03-28 03:56:49.000000
1000077,1000077,2012-06-28,2015-10-04,A,51,N,0,B-Term-Prov-Trigger_719776.00,2015-10-04 18:00:09.000000,Provider Conversion,2013-03-28 03:56:49.000000
1000078,1000078,2012-03-13,2015-10-04,A,51,N,0,B-Term-Prov-Trigger_719776.00,2015-10-04 18:00:12.000000,Provider Conversion,2013-03-28 03:56:49.000000
1000079,1000079,2012-06-25,2015-10-04,A,51,N,0,B-Term-Prov-Trigger_719776.00,2015-10-04 18:00:11.000000,Provider Conversion,2013-03-28 03:56:49.000000
1000080,1000080,2012-05-11,2015-10-04,A,51,N,0,B-Term-Prov-Trigger_719776.00,2015-10-04 18:00:10.000000,Provider Conversion,2013-03-28 03:56:49.000000
1000081,1000081,2012-01-06,2013-09-30,A,45,N,0,Provider Conversion,2013-03-28 03:56:49.000000,Provider Conversion,2013-03-28 03:56:49.000000
1000082,1000082,2012-07-05,2015-10-04,A,51,N,0,B-Term-Prov-Trigger_719776.00,2015-10-04 18:00:11.000000,Provider Conversion,2013-03-28 03:56:49.000000
1000083,1000083,2012-04-09,2013-09-30,A,45,N,2,JMLAGRO,2015-08-05 11:01:45.042000,Provider Conversion,2013-03-28 03:56:49.000000
1000084,1000084,2011-12-19,2015-10-04,A,51,N,0,B-Term-Prov-Trigger_719776.00,2015-10-04 18:00:11.000000,Provider Conversion,2013-03-28 03:56:49.000000
1000085,1000085,2012-03-05,2015-10-04,A,51,N,0,B-Term-Prov-Trigger_719776.00,2015-10-04 18:00:12.000000,Provider Conversion,2013-03-28 03:56:49.000000
1000086,1000086,2012-07-04,2013-09-30,A,45,N,2,MMANYGUNS,2015-07-06 12:07:58.643000,Provider Conversion,2013-03-28 03:56:49.000000
1000087,1000087,2012-10-30,2013-09-30,A,45,N,2,JMLAGRO,2014-09-19 08:00:34.445000,Provider Conversion,2013-03-28 03:56:49.000000
1000088,1000088,2012-08-29,2013-09-30,A,45,N,0,Provider Conversion,2013-03-28 03:56:49.000000,Provider Conversion,2013-03-28 03:56:49.000000
1000089,1000089,2012-04-17,2015-10-04,A,51,N,0,B-Term-Prov-Trigger_719776.00,2015-10-04 18:00:11.000000,Provider Conversion,2013-03-28 03:56:49.000000
1000090,1000090,2011-06-22,2015-10-04,A,51,N,0,B-Term-Prov-Trigger_719776.00,2015-10-04 18:00:12.000000,Provider Conversion,2013-03-28 03:56:49.000000
1000091,1000091,2012-04-08,2013-09-30,A,45,N,1,MMANYGUNS,2015-04-29 16:02:30.230000,Provider Conversion,2013-03-28 03:56:49.000000
1000092,1000092,2012-05-20,2015-10-04,A,51,N,0,B-Term-Prov-Trigger_719776.00,2015-10-04 18:00:12.000000,Provider Conversion,2013-03-28 03:56:49.000000
1000093,1000093,2012-09-08,2015-10-04,A,51,N,0,B-Term-Prov-Trigger_719776.00,2015-10-04 18:00:13.000000,Provider Conversion,2013-03-28 03:56:49.000000
1000094,1000094,2012-10-01,2015-10-04,A,51,N,0,B-Term-Prov-Trigger_719776.00,2015-10-04 18:00:12.000000,Provider Conversion,2013-03-28 03:56:49.000000
1000095,1000095,2008-08-07,2015-10-04,A,51,N,0,B-Term-Prov-Trigger_719776.00,2015-10-04 18:00:12.000000,Provider Conversion,2013-03-28 03:56:49.000000
1000096,1000096,2010-07-12,2011-12-31,A,51,N,0,B-Term-Prov-Trigger_717958.00,2015-10-02 18:00:44.000000,Provider Conversion,2013-03-28 03:56:49.000000
1000097,1000097,2011-07-01,2013-09-30,A,45,N,2,JMLAGRO,2015-08-04 07:53:20.173000,Provider Conversion,2013-03-28 03:56:49.000000
1000098,1000098,2011-07-01,2013-09-30,A,45,N,2,JMLAGRO,2015-08-04 08:09:12.701000,Provider Conversion,2013-03-28 03:56:49.000000
1000099,1000099,2011-07-01,2013-09-30,A,45,N,0,Provider Conversion,2013-03-28 03:56:49.000000,Provider Conversion,2013-03-28 03:56:49.000000
1000100,1000100,2011-07-01,2013-09-30,A,45,N,3,JMLAGRO,2015-08-04 10:12:21.230000,Provider Conversion,2013-03-28 03:56:49.000000
1000101,1000101,2011-02-21,2013-09-30,A,48,N,5,DMOCK,2019-02-20 08:23:36.761000,Provider Conversion,2013-03-28 03:56:49.000000
1000102,1000102,1994-01-01,2015-10-04,A,51,N,0,B-Term-Prov-Trigger_719776.00,2015-10-04 18:00:13.000000,Provider Conversion,2013-03-28 03:56:49.000000
1000103,1000103,2006-01-01,2015-10-04,A,51,N,0,B-Term-Prov-Trigger_719776.00,2015-10-04 18:00:12.000000,Provider Conversion,2013-03-28 03:56:49.000000
1000104,1000104,2010-12-22,2015-10-04,A,51,N,0,B-Term-Prov-Trigger_719776.00,2015-10-04 18:00:13.000000,Provider Conversion,2013-03-28 03:56:49.000000
1000105,1000105,2010-08-01,2013-09-30,A,45,N,1,JMLAGRO,2015-01-27 10:14:53.926000,Provider Conversion,2013-03-28 03:56:49.000000
1000106,1000106,2010-08-01,2013-09-30,A,45,N,3,JMLAGRO,2015-02-23 12:14:35.106000,Provider Conversion,2013-03-28 03:56:49.000000
1000107,1000107,2010-08-01,2011-08-18,A,51,N,0,B-Term-Prov-Trigger_717958.00,2015-10-02 18:00:41.000000,Provider Conversion,2013-03-28 03:56:49.000000
1000108,1000108,2010-08-01,2013-09-30,A,45,N,4,JMLAGRO,2015-02-23 12:15:58.913000,Provider Conversion,2013-03-28 03:56:49.000000
1000109,1000109,2010-04-27,2016-09-23,I,51,N,10,CHLHARMON,2018-12-29 17:51:53.426000,Provider Conversion,2013-03-28 03:56:49.000000
1000110,1000110,2010-07-01,2015-10-04,A,51,N,2,B-Term-Prov-Trigger_719776.00,2015-10-04 18:00:10.000000,Provider Conversion,2013-03-28 03:56:49.000000
1000111,1000111,2010-07-01,2012-11-01,A,51,N,0,B-Term-Prov-Trigger_717958.00,2015-10-02 18:00:46.000000,Provider Conversion,2013-03-28 03:56:49.000000
1000112,1000112,2010-07-01,2013-09-30,A,45,N,4,SKOEHLY,2015-03-03 13:34:05.479000,Provider Conversion,2013-03-28 03:56:49.000000
1000113,1000113,2010-07-01,2012-11-01,A,51,N,0,B-Term-Prov-Trigger_717958.00,2015-10-02 18:00:45.000000,Provider Conversion,2013-03-28 03:56:49.000000
1000114,1000114,2010-07-01,2013-09-30,A,45,N,2,SKOEHLY,2015-03-03 13:51:39.773000,Provider Conversion,2013-03-28 03:56:49.000000
1000115,1000115,2010-07-01,2013-09-30,A,45,N,1,SKOEHLY,2014-07-10 10:34:35.861000,Provider Conversion,2013-03-28 03:56:49.000000
1000117,1000117,2011-07-01,2013-09-30,A,45,N,0,Provider Conversion,2013-03-28 03:56:49.000000,Provider Conversion,2013-03-28 03:56:49.000000
1000118,1000118,2012-06-01,2013-09-30,A,45,N,4,CAROLREEVES,2015-06-05 08:54:47.778000,Provider Conversion,2013-03-28 03:56:49.000000
1000119,1000119,2012-02-01,2013-09-30,A,45,N,1,SKOEHLY,2015-03-03 13:37:55.723000,Provider Conversion,2013-03-28 03:56:49.000000
1000121,1000121,2010-06-15,2013-09-30,A,45,N,3,SKOEHLY,2015-03-30 15:12:54.399000,Provider Conversion,2013-03-28 03:56:49.000000
1000122,1000122,2011-03-28,2015-10-04,A,51,N,0,B-Term-Prov-Trigger_719776.00,2015-10-04 18:00:10.000000,Provider Conversion,2013-03-28 03:56:49.000000
1000123,1000123,2012-01-01,2015-10-04,A,51,N,0,B-Term-Prov-Trigger_719776.00,2015-10-04 18:00:13.000000,Provider Conversion,2013-03-28 03:56:49.000000
1000124,1000124,2012-03-20,2013-09-30,A,45,N,1,SKOEHLY,2015-03-05 08:56:50.966000,Provider Conversion,2013-03-28 03:56:49.000000
1000125,1000125,2012-05-01,2013-09-30,A,45,N,0,Provider Conversion,2013-03-28 03:56:49.000000,Provider Conversion,2013-03-28 03:56:49.000000
1000126,1000126,1996-12-17,2001-12-31,A,51,N,0,B-Term-Prov-Trigger_717958.00,2015-10-02 18:00:44.000000,Provider Conversion,2013-03-28 03:56:49.000000
1000127,1000127,1997-01-01,2003-12-31,A,51,N,0,B-Term-Prov-Trigger_717958.00,2015-10-02 18:00:40.000000,Provider Conversion,2013-03-28 03:56:49.000000
1000128,1000128,1977-01-01,1998-05-01,A,51,N,0,B-Term-Prov-Trigger_717958.00,2015-10-02 18:00:40.000000,Provider Conversion,2013-03-28 03:56:49.000000
1000129,1000129,2008-08-26,2011-12-31,A,51,N,0,B-Term-Prov-Trigger_717958.00,2015-10-02 18:00:47.000000,Provider Conversion,2013-03-28 03:56:49.000000
1000130,1000130,1977-01-01,2013-09-30,A,45,N,0,Provider Conversion,2013-03-28 03:56:49.000000,Provider Conversion,2013-03-28 03:56:49.000000
1000131,1000131,1996-03-22,2002-01-01,A,51,N,0,B-Term-Prov-Trigger_717958.00,2015-10-02 18:00:40.000000,Provider Conversion,2013-03-28 03:56:49.000000
1000132,1000132,1996-10-01,2004-05-01,A,51,N,0,B-Term-Prov-Trigger_717958.00,2015-10-02 18:00:44.000000,Provider Conversion,2013-03-28 03:56:49.000000
1000133,1000133,1980-01-01,2002-01-01,A,51,N,0,B-Term-Prov-Trigger_717958.00,2015-10-02 18:00:43.000000,Provider Conversion,2013-03-28 03:56:49.000000
1000134,1000134,1985-07-01,1998-08-15,A,51,N,0,B-Term-Prov-Trigger_717958.00,2015-10-02 18:00:44.000000,Provider Conversion,2013-03-28 03:56:49.000000
1000135,1000135,2009-01-01,2010-07-01,A,51,N,0,B-Term-Prov-Trigger_717958.00,2015-10-02 18:00:43.000000,Provider Conversion,2013-03-28 03:56:49.000000
1000136,1000136,1986-01-01,2002-08-01,A,51,N,0,B-Term-Prov-Trigger_717958.00,2015-10-02 18:00:45.000000,Provider Conversion,2013-03-28 03:56:49.000000
1000137,1000137,1977-01-01,2000-03-07,A,51,N,0,B-Term-Prov-Trigger_717958.00,2015-10-02 18:00:47.000000,Provider Conversion,2013-03-28 03:56:49.000000
1000138,1000139,1997-03-20,2008-08-01,A,51,N,0,1166658_PRVDR_ENRL_MERGE_FIX,2016-05-20 16:33:34.967908,Provider Conversion,2013-03-28 03:56:49.000000
1000139,1000140,1997-07-01,2001-06-30,A,51,N,0,B-Term-Prov-Trigger_717958.00,2015-10-02 18:00:39.000000,Provider Conversion,2013-03-28 03:56:49.000000
1000140,1000141,1997-07-01,2001-06-30,A,51,N,0,B-Term-Prov-Trigger_717958.00,2015-10-02 18:00:46.000000,Provider Conversion,2013-03-28 03:56:49.000000
1000141,1000142,1997-03-21,1998-08-26,A,51,N,0,B-Term-Prov-Trigger_717958.00,2015-10-02 18:00:41.000000,Provider Conversion,2013-03-28 03:56:49.000000
1000142,1000143,2008-03-13,2015-10-04,A,51,N,0,B-Term-Prov-Trigger_719776.00,2015-10-04 18:00:12.000000,Provider Conversion,2013-03-28 03:56:49.000000
1000143,1000144,1997-07-25,1998-06-01,A,51,N,0,B-Term-Prov-Trigger_717958.00,2015-10-02 18:00:47.000000,Provider Conversion,2013-03-28 03:56:49.000000
1000144,1000145,2008-12-01,2013-09-30,A,45,N,0,Provider Conversion,2013-03-28 03:56:49.000000,Provider Conversion,2013-03-28 03:56:49.000000
1000145,1000146,1997-07-25,2006-06-01,A,51,N,0,B-Term-Prov-Trigger_717958.00,2015-10-02 18:00:40.000000,Provider Conversion,2013-03-28 03:56:49.000000
1000146,1000147,1977-01-01,2004-05-01,A,51,N,0,B-Term-Prov-Trigger_717958.00,2015-10-02 18:00:44.000000,Provider Conversion,2013-03-28 03:56:49.000000
1000147,1000148,2008-12-08,2015-10-04,A,51,N,0,B-Term-Prov-Trigger_719776.00,2015-10-04 18:00:12.000000,Provider Conversion,2013-03-28 03:56:49.000000
1000565,1000602,2011-06-03,2015-10-04,A,51,N,0,B-Term-Prov-Trigger_719776.00,2015-10-04 18:00:12.000000,Provider Conversion,2013-03-28 03:56:49.000000
1000566,1000603,2011-06-06,2015-10-04,A,51,N,0,B-Term-Prov-Trigger_719776.00,2015-10-04 18:00:09.000000,Provider Conversion,2013-03-28 03:56:49.000000
1000567,1000604,2011-05-02,2015-10-04,A,51,N,0,B-Term-Prov-Trigger_719776.00,2015-10-04 18:00:11.000000,Provider Conversion,2013-03-28 03:56:49.000000
1000568,1000605,2011-05-03,2015-10-04,A,51,N,0,B-Term-Prov-Trigger_719776.00,2015-10-04 18:00:11.000000,Provider Conversion,2013-03-28 03:56:49.000000
1000569,1000606,2011-04-01,2013-09-30,A,45,N,2,MMANYGUNS,2015-04-08 16:14:27.185000,Provider Conversion,2013-03-28 03:56:49.000000
1000570,1000607,2011-06-10,2013-09-30,A,45,N,9,JMLAGRO,2015-07-28 07:48:17.092000,Provider Conversion,2013-03-28 03:56:49.000000
1000571,1000608,2011-06-17,2015-10-04,A,51,N,0,B-Term-Prov-Trigger_719776.00,2015-10-04 18:00:10.000000,Provider Conversion,2013-03-28 03:56:49.000000
1000572,1000610,2011-05-25,2011-05-25,A,51,N,0,1166658_PRVDR_ENRL_MERGE_FIX,2016-05-20 16:33:35.546918,Provider Conversion,2013-03-28 03:56:49.000000
1000573,1000611,2011-05-01,2013-09-30,A,45,N,0,Provider Conversion,2013-03-28 03:56:49.000000,Provider Conversion,2013-03-28 03:56:49.000000
1000574,1000612,2010-10-01,2013-09-30,A,45,N,2,SKOEHLY,2015-03-26 16:39:56.054000,Provider Conversion,2013-03-28 03:56:49.000000
1000575,1000613,2011-06-09,2011-06-09,A,51,N,0,B-Term-Prov-Trigger_717958.00,2015-10-02 18:00:45.000000,Provider Conversion,2013-03-28 03:56:49.000000
1000576,1000614,2011-07-01,2015-10-04,A,51,N,0,B-Term-Prov-Trigger_719776.00,2015-10-04 18:00:09.000000,Provider Conversion,2013-03-28 03:56:49.000000
1000577,1000615,2011-07-01,2013-09-30,A,45,N,18,PJHEID,2015-05-28 12:23:26.661000,Provider Conversion,2013-03-28 03:56:49.000000
1000578,1000616,2011-07-01,2015-10-04,A,51,N,0,B-Term-Prov-Trigger_719776.00,2015-10-04 18:00:12.000000,Provider Conversion,2013-03-28 03:56:49.000000
1000579,1000617,2011-07-01,2013-09-30,A,45,N,14,JMLAGRO,2015-07-29 08:56:53.582000,Provider Conversion,2013-03-28 03:56:49.000000
1000580,1000618,2011-07-01,2013-09-30,A,45,N,7,MAURICIOPENERAND,2015-08-03 15:23:36.190000,Provider Conversion,2013-03-28 03:56:49.000000
1000581,1000619,2011-05-19,2012-10-03,A,51,N,0,B-Term-Prov-Trigger_717958.00,2015-10-02 18:00:46.000000,Provider Conversion,2013-03-28 03:56:49.000000
1000582,1000620,2011-07-01,2015-10-04,A,51,N,0,B-Term-Prov-Trigger_719776.00,2015-10-04 18:00:11.000000,Provider Conversion,2013-03-28 03:56:49.000000
1000583,1000621,2011-07-01,2013-09-30,A,45,N,0,Provider Conversion,2013-03-28 03:56:49.000000,Provider Conversion,2013-03-28 03:56:49.000000
1000584,1000622,2011-06-13,2015-10-04,A,51,N,0,B-Term-Prov-Trigger_719776.00,2015-10-04 18:00:09.000000,Provider Conversion,2013-03-28 03:56:49.000000
1000585,1000623,2011-06-01,2015-10-04,A,51,N,0,B-Term-Prov-Trigger_719776.00,2015-10-04 18:00:12.000000,Provider Conversion,2013-03-28 03:56:49.000000
1000586,1000624,2011-05-25,2013-09-30,A,45,N,0,Provider Conversion,2013-03-28 03:56:49.000000,Provider Conversion,2013-03-28 03:56:49.000000
1000587,1000625,2011-07-01,2013-09-30,A,45,N,9,NEERUSHARMA,2015-06-19 11:27:00.029000,Provider Conversion,2013-03-28 03:56:49.000000
1000588,1000626,2011-07-01,2015-10-04,A,51,N,0,B-Term-Prov-Trigger_719776.00,2015-10-04 18:00:12.000000,Provider Conversion,2013-03-28 03:56:49.000000
1000589,1000627,2011-07-01,2013-09-30,A,45,N,7,CAROLREEVES,2015-06-26 13:47:21.874000,Provider Conversion,2013-03-28 03:56:49.000000
1000590,1000628,2011-06-16,2013-09-30,A,45,N,3,DANIELLAESTRELLA,2015-06-24 11:47:13.761000,Provider Conversion,2013-03-28 03:56:49.000000
1000591,1000629,2011-07-01,2013-09-30,A,45,N,9,DANIELLAESTRELLA,2015-06-24 11:49:19.973000,Provider Conversion,2013-03-28 03:56:49.000000
1000592,1000631,2011-07-01,2013-09-30,A,45,N,5,ENROL_STAT_DATE_MERGE,2015-09-01 15:03:06.000000,Provider Conversion,2013-03-28 03:56:49.000000
1000593,1000632,2011-07-01,2013-09-30,A,45,N,1,NEERUSHARMA,2015-06-26 10:02:31.555000,Provider Conversion,2013-03-28 03:56:49.000000
1000594,1000633,2011-07-01,2015-10-04,A,51,N,0,B-Term-Prov-Trigger_719776.00,2015-10-04 18:00:10.000000,Provider Conversion,2013-03-28 03:56:49.000000
1000595,1000634,2011-07-01,2015-10-04,A,51,N,0,B-Term-Prov-Trigger_719776.00,2015-10-04 18:00:09.000000,Provider Conversion,2013-03-28 03:56:49.000000
1000596,1000635,2010-07-28,2011-12-31,A,45,N,1,DMOCK,2015-05-13 15:34:47.580000,Provider Conversion,2013-03-28 03:56:49.000000
1000597,1000636,2011-07-01,2013-09-30,A,45,N,2,NEERUSHARMA,2015-06-25 14:42:16.150000,Provider Conversion,2013-03-28 03:56:49.000000
1000598,1000637,2011-06-11,2013-09-30,A,45,N,3,MELISSABULGER,2014-11-11 11:52:55.532000,Provider Conversion,2013-03-28 03:56:49.000000
1000599,1000638,2011-06-01,2015-10-04,A,51,N,0,B-Term-Prov-Trigger_719776.00,2015-10-04 18:00:10.000000,Provider Conversion,2013-03-28 03:56:49.000000
1000601,1000640,2011-06-01,2013-09-30,A,45,N,4,DANIELLAESTRELLA,2015-06-22 09:28:30.273000,Provider Conversion,2013-03-28 03:56:49.000000
1000602,1000641,2011-05-26,2013-09-30,A,45,N,3,JMLAGRO,2015-04-09 13:53:07.034000,Provider Conversion,2013-03-28 03:56:49.000000
1000603,1000642,2011-06-20,2015-10-04,A,51,N,0,B-Term-Prov-Trigger_719776.00,2015-10-04 18:00:09.000000,Provider Conversion,2013-03-28 03:56:49.000000
1000605,1000644,2011-04-26,2013-09-30,A,45,N,0,Provider Conversion,2013-03-28 03:56:49.000000,Provider Conversion,2013-03-28 03:56:49.000000
1000606,1000645,2011-06-14,2013-09-30,A,45,N,1,JOYSPEZIALE,2014-09-19 17:54:27.283000,Provider Conversion,2013-03-28 03:56:49.000000
1000607,1000646,2011-06-20,2013-09-30,A,45,N,1,MELISSABULGER,2014-07-15 13:26:19.835000,Provider Conversion,2013-03-28 03:56:49.000000
1000608,1000647,2011-05-27,2013-09-30,A,45,N,1,DANIELLAESTRELLA,2014-07-28 15:51:23.193000,Provider Conversion,2013-03-28 03:56:49.000000
1000609,1000648,2011-07-25,2013-09-30,A,45,N,1,BRENDAPEREZESCOB,2015-03-11 12:36:52.316000,Provider Conversion,2013-03-28 03:56:49.000000
1000610,1000650,2011-07-04,2013-09-30,A,45,N,3,ENROL_STAT_DATE_MERGE,2015-09-01 15:03:06.000000,Provider Conversion,2013-03-28 03:56:49.000000
1000611,1000651,2011-07-05,2013-09-30,A,45,N,0,Provider Conversion,2013-03-28 03:56:49.000000,Provider Conversion,2013-03-28 03:56:49.000000
1000612,1000652,2011-07-05,2013-09-30,A,45,N,4,MMANYGUNS,2015-04-08 16:30:59.370000,Provider Conversion,2013-03-28 03:56:49.000000
1000613,1000653,2011-06-29,2013-09-30,A,45,N,0,Provider Conversion,2013-03-28 03:56:49.000000,Provider Conversion,2013-03-28 03:56:49.000000
1000614,1000654,2011-07-13,2013-09-30,A,45,N,4,ESTHERSHAHPAR,2014-11-11 15:37:55.148000,Provider Conversion,2013-03-28 03:56:49.000000
1000615,1000655,2011-07-01,2013-09-30,A,45,N,5,MMANYGUNS,2015-07-21 11:40:26.023000,Provider Conversion,2013-03-28 03:56:49.000000
1000616,1000657,2011-06-30,2013-09-30,A,45,N,20,ENROL_STAT_DATE_MERGE,2015-09-01 15:03:06.000000,Provider Conversion,2013-03-28 03:56:49.000000
1000617,1000659,2011-06-26,2013-09-30,A,45,N,3,ENROL_STAT_DATE_MERGE,2015-09-01 15:03:06.000000,Provider Conversion,2013-03-28 03:56:49.000000
1000618,1000660,2011-06-24,2015-10-04,A,51,N,0,B-Term-Prov-Trigger_719776.00,2015-10-04 18:00:09.000000,Provider Conversion,2013-03-28 03:56:49.000000
1000619,1000661,2011-06-01,2015-10-04,A,51,N,0,B-Term-Prov-Trigger_719776.00,2015-10-04 18:00:11.000000,Provider Conversion,2013-03-28 03:56:49.000000
1000620,1000662,2011-06-01,2015-10-04,A,51,N,0,B-Term-Prov-Trigger_719776.00,2015-10-04 18:00:10.000000,Provider Conversion,2013-03-28 03:56:49.000000
1000621,1000663,2011-06-01,2015-10-04,A,51,N,0,B-Term-Prov-Trigger_719776.00,2015-10-04 18:00:09.000000,Provider Conversion,2013-03-28 03:56:49.000000
1000622,1000664,2011-06-01,2015-10-04,A,51,N,0,B-Term-Prov-Trigger_719776.00,2015-10-04 18:00:11.000000,Provider Conversion,2013-03-28 03:56:49.000000
1000623,1000665,2011-06-01,2015-10-04,A,51,N,0,B-Term-Prov-Trigger_719776.00,2015-10-04 18:00:12.000000,Provider Conversion,2013-03-28 03:56:49.000000
1000624,1000666,2011-06-01,2015-10-04,A,51,N,0,B-Term-Prov-Trigger_719776.00,2015-10-04 18:00:10.000000,Provider Conversion,2013-03-28 03:56:49.000000
1000625,1000667,2011-06-01,2015-10-04,A,51,N,0,B-Term-Prov-Trigger_719776.00,2015-10-04 18:00:11.000000,Provider Conversion,2013-03-28 03:56:49.000000
1000626,1000668,2011-06-01,2015-10-04,A,51,N,0,B-Term-Prov-Trigger_719776.00,2015-10-04 18:00:11.000000,Provider Conversion,2013-03-28 03:56:49.000000
1000627,1000669,2011-06-01,2015-10-04,A,51,N,0,B-Term-Prov-Trigger_719776.00,2015-10-04 18:00:12.000000,Provider Conversion,2013-03-28 03:56:49.000000
1000628,1000670,2011-06-01,2015-10-04,A,51,N,0,B-Term-Prov-Trigger_719776.00,2015-10-04 18:00:11.000000,Provider Conversion,2013-03-28 03:56:49.000000
1000629,1000671,2011-06-01,2015-10-04,A,51,N,0,B-Term-Prov-Trigger_719776.00,2015-10-04 18:00:10.000000,Provider Conversion,2013-03-28 03:56:49.000000
1000630,1000672,2011-06-01,2015-10-04,A,51,N,0,B-Term-Prov-Trigger_719776.00,2015-10-04 18:00:11.000000,Provider Conversion,2013-03-28 03:56:49.000000
1000631,1000673,2011-06-01,2015-10-04,A,51,N,0,B-Term-Prov-Trigger_719776.00,2015-10-04 18:00:12.000000,Provider Conversion,2013-03-28 03:56:49.000000
1000632,1000674,2011-06-01,2015-10-04,A,51,N,0,B-Term-Prov-Trigger_719776.00,2015-10-04 18:00:10.000000,Provider Conversion,2013-03-28 03:56:49.000000
1000633,1000675,2011-06-01,2015-10-04,A,51,N,0,B-Term-Prov-Trigger_719776.00,2015-10-04 18:00:11.000000,Provider Conversion,2013-03-28 03:56:49.000000
1000634,1000676,2011-06-01,2015-10-04,A,51,N,0,B-Term-Prov-Trigger_719776.00,2015-10-04 18:00:13.000000,Provider Conversion,2013-03-28 03:56:49.000000
1000635,1000677,2011-06-01,2015-10-04,A,51,N,0,B-Term-Prov-Trigger_719776.00,2015-10-04 18:00:11.000000,Provider Conversion,2013-03-28 03:56:49.000000
1000636,1000678,2011-06-01,2015-10-04,A,51,N,0,B-Term-Prov-Trigger_719776.00,2015-10-04 18:00:11.000000,Provider Conversion,2013-03-28 03:56:49.000000
1000637,1000679,2011-06-01,2015-10-04,A,51,N,0,B-Term-Prov-Trigger_719776.00,2015-10-04 18:00:11.000000,Provider Conversion,2013-03-28 03:56:49.000000
1000638,1000680,2011-06-01,2015-10-04,A,51,N,0,B-Term-Prov-Trigger_719776.00,2015-10-04 18:00:12.000000,Provider Conversion,2013-03-28 03:56:49.000000
1000639,1000681,2011-06-01,2015-10-04,A,51,N,0,B-Term-Prov-Trigger_719776.00,2015-10-04 18:00:11.000000,Provider Conversion,2013-03-28 03:56:49.000000
1000640,1000682,2011-06-01,2015-10-04,A,51,N,0,B-Term-Prov-Trigger_719776.00,2015-10-04 18:00:09.000000,Provider Conversion,2013-03-28 03:56:49.000000
1000641,1000683,2011-06-01,2015-10-04,A,51,N,0,B-Term-Prov-Trigger_719776.00,2015-10-04 18:00:11.000000,Provider Conversion,2013-03-28 03:56:49.000000
1000642,1000684,2011-06-01,2015-10-04,A,51,N,0,B-Term-Prov-Trigger_719776.00,2015-10-04 18:00:10.000000,Provider Conversion,2013-03-28 03:56:49.000000
1000643,1000685,2011-06-01,2015-10-04,A,51,N,1,B-Term-Prov-Trigger_719776.00,2015-10-04 18:00:10.000000,Provider Conversion,2013-03-28 03:56:49.000000
1000644,1000686,2011-06-01,2015-10-04,A,51,N,0,B-Term-Prov-Trigger_719776.00,2015-10-04 18:00:11.000000,Provider Conversion,2013-03-28 03:56:49.000000
1000645,1000687,2011-06-01,2015-10-04,A,51,N,0,B-Term-Prov-Trigger_719776.00,2015-10-04 18:00:12.000000,Provider Conversion,2013-03-28 03:56:49.000000
1000646,1000688,2011-06-01,2015-10-04,A,51,N,0,B-Term-Prov-Trigger_719776.00,2015-10-04 18:00:11.000000,Provider Conversion,2013-03-28 03:56:49.000000
1000647,1000689,2011-06-01,2015-10-04,A,51,N,0,B-Term-Prov-Trigger_719776.00,2015-10-04 18:00:11.000000,Provider Conversion,2013-03-28 03:56:49.000000
1000648,1000690,2011-07-01,2013-09-30,A,45,N,3,JMLAGRO,2015-03-06 15:41:43.369000,Provider Conversion,2013-03-28 03:56:49.000000
1000649,1000691,2011-07-01,2013-09-30,A,45,N,7,CAROLREEVES,2015-07-21 13:04:20.912000,Provider Conversion,2013-03-28 03:56:49.000000
1000650,1000693,2011-07-01,2015-10-04,A,51,N,0,B-Term-Prov-Trigger_719776.00,2015-10-04 18:00:10.000000,Provider Conversion,2013-03-28 03:56:49.000000
1000651,1000694,2011-07-01,2013-09-30,A,45,N,7,JMLAGRO,2015-02-25 12:50:22.313000,Provider Conversion,2013-03-28 03:56:49.000000
1000652,1000695,2011-07-21,2013-09-30,A,45,N,5,JMLAGRO,2015-07-28 15:02:20.536000,Provider Conversion,2013-03-28 03:56:49.000000
1000653,1000696,2011-06-25,2011-09-10,A,51,N,0,B-Term-Prov-Trigger_717958.00,2015-10-02 18:00:42.000000,Provider Conversion,2013-03-28 03:56:49.000000
1000654,1000697,2011-07-05,2013-09-30,A,45,N,0,Provider Conversion,2013-03-28 03:56:49.000000,Provider Conversion,2013-03-28 03:56:49.000000
1000656,1000699,1988-12-28,2015-10-04,A,51,N,0,B-Term-Prov-Trigger_719776.00,2015-10-04 18:00:10.000000,Provider Conversion,2013-03-28 03:56:49.000000
1000657,1000700,2011-07-01,2015-10-04,A,51,N,0,B-Term-Prov-Trigger_719776.00,2015-10-04 18:00:12.000000,Provider Conversion,2013-03-28 03:56:49.000000
1000658,1000701,2011-06-01,2015-10-04,A,51,N,0,B-Term-Prov-Trigger_719776.00,2015-10-04 18:00:10.000000,Provider Conversion,2013-03-28 03:56:49.000000
1000659,1000702,2011-06-01,2015-10-04,A,51,N,0,B-Term-Prov-Trigger_719776.00,2015-10-04 18:00:11.000000,Provider Conversion,2013-03-28 03:56:49.000000
1000660,1000703,2011-06-01,2015-10-04,A,51,N,0,B-Term-Prov-Trigger_719776.00,2015-10-04 18:00:09.000000,Provider Conversion,2013-03-28 03:56:49.000000
1000661,1000704,2011-06-01,2015-10-04,A,51,N,0,B-Term-Prov-Trigger_719776.00,2015-10-04 18:00:13.000000,Provider Conversion,2013-03-28 03:56:49.000000
1000662,1000705,2011-06-01,2015-10-04,A,51,N,2,B-Term-Prov-Trigger_719776.00,2015-10-04 18:00:11.000000,Provider Conversion,2013-03-28 03:56:49.000000
1000663,1000706,2011-06-01,2015-10-04,A,51,N,0,B-Term-Prov-Trigger_719776.00,2015-10-04 18:00:12.000000,Provider Conversion,2013-03-28 03:56:49.000000
1000664,1000707,2011-06-01,2015-10-04,A,51,N,0,B-Term-Prov-Trigger_719776.00,2015-10-04 18:00:09.000000,Provider Conversion,2013-03-28 03:56:49.000000
1000665,1000708,2011-06-01,2015-10-04,A,51,N,0,B-Term-Prov-Trigger_719776.00,2015-10-04 18:00:11.000000,Provider Conversion,2013-03-28 03:56:49.000000
1000666,1000709,2011-07-01,2011-09-10,A,45,N,1,MMANYGUNS,2015-02-23 14:11:01.216000,Provider Conversion,2013-03-28 03:56:49.000000
1000666,1000710,2012-11-01,2013-09-30,A,45,N,1,MMANYGUNS,2015-02-23 14:11:01.215000,Provider Conversion,2013-03-28 03:56:49.000000
1000667,1000711,2011-07-07,2013-09-30,A,45,N,6,MAURICIOPENERAND,2015-08-03 15:34:35.842000,Provider Conversion,2013-03-28 03:56:49.000000
1000668,1000712,2011-07-01,2015-10-04,A,51,N,0,B-Term-Prov-Trigger_719776.00,2015-10-04 18:00:09.000000,Provider Conversion,2013-03-28 03:56:49.000000
1000669,1000713,2011-06-01,2013-09-30,A,45,N,6,MAURICIOPENERAND,2015-07-24 15:35:19.596000,Provider Conversion,2013-03-28 03:56:49.000000
1000670,1000714,2011-06-01,2015-10-04,A,51,N,0,B-Term-Prov-Trigger_719776.00,2015-10-04 18:00:11.000000,Provider Conversion,2013-03-28 03:56:49.000000
1000671,1000715,2011-07-13,2013-09-30,A,45,N,4,MAURICIOPENERAND,2015-07-24 15:39:03.495000,Provider Conversion,2013-03-28 03:56:49.000000
1000672,1000716,2011-07-01,2015-10-04,A,51,N,0,B-Term-Prov-Trigger_719776.00,2015-10-04 18:00:12.000000,Provider Conversion,2013-03-28 03:56:49.000000
1000673,1000717,2011-07-06,2013-09-30,A,45,N,3,JMLAGRO,2015-07-17 09:57:39.306000,Provider Conversion,2013-03-28 03:56:49.000000
1000674,1000718,2011-07-07,2013-09-30,A,45,N,6,NEERUSHARMA,2015-06-23 16:43:28.267000,Provider Conversion,2013-03-28 03:56:49.000000
1000675,1000719,2011-07-01,2015-10-04,A,51,N,0,B-Term-Prov-Trigger_719776.00,2015-10-04 18:00:13.000000,Provider Conversion,2013-03-28 03:56:49.000000
1000676,1000720,2011-07-06,2012-04-06,A,51,N,0,B-Term-Prov-Trigger_717958.00,2015-10-02 18:00:45.000000,Provider Conversion,2013-03-28 03:56:49.000000
1000677,1000721,2011-07-06,2013-09-30,A,45,N,0,Provider Conversion,2013-03-28 03:56:49.000000,Provider Conversion,2013-03-28 03:56:49.000000
1000678,1000722,2011-07-01,2013-09-30,A,45,N,3,MMANYGUNS,2015-06-02 14:23:02.784000,Provider Conversion,2013-03-28 03:56:49.000000
1000681,1000725,2011-07-11,2013-09-30,A,45,N,1,MMANYGUNS,2015-03-02 12:36:59.395000,Provider Conversion,2013-03-28 03:56:49.000000
1000682,1000726,2011-07-01,2013-09-30,A,45,N,5,JMLAGRO,2015-02-23 07:37:50.480000,Provider Conversion,2013-03-28 03:56:49.000000
1000683,1000727,2011-07-11,2013-09-30,A,45,N,0,Provider Conversion,2013-03-28 03:56:49.000000,Provider Conversion,2013-03-28 03:56:49.000000
1000684,1000728,2011-06-26,2013-09-30,A,45,N,4,DANIELLAESTRELLA,2015-06-29 08:47:03.454000,Provider Conversion,2013-03-28 03:56:49.000000
1000685,1000730,2011-06-20,2011-06-20,A,51,N,0,1166658_PRVDR_ENRL_MERGE_FIX,2016-05-20 16:33:35.692037,Provider Conversion,2013-03-28 03:56:49.000000
1000686,1000731,2011-07-08,2011-07-08,A,45,N,1,DOMINICKNGANTOU,2014-09-05 13:06:06.717000,Provider Conversion,2013-03-28 03:56:49.000000
1000687,1000732,2011-05-22,2015-10-04,A,51,N,0,B-Term-Prov-Trigger_719776.00,2015-10-04 18:00:11.000000,Provider Conversion,2013-03-28 03:56:49.000000
1000688,1000733,2011-07-01,2015-10-04,A,51,N,0,B-Term-Prov-Trigger_719776.00,2015-10-04 18:00:10.000000,Provider Conversion,2013-03-28 03:56:49.000000
1000689,1000735,2011-07-01,2013-09-30,A,45,N,3,ENROL_STAT_DATE_MERGE,2015-09-01 15:03:06.000000,Provider Conversion,2013-03-28 03:56:49.000000
1000692,1000738,2011-07-13,2013-09-30,A,45,N,5,CAROLREEVES,2015-06-24 12:54:35.678000,Provider Conversion,2013-03-28 03:56:49.000000
1000693,1000739,2011-07-01,2013-09-30,A,45,N,8,USHASHA,2015-07-30 16:20:44.942000,Provider Conversion,2013-03-28 03:56:49.000000
1001190,1001258,2012-06-19,2013-09-30,A,45,N,1,CAROLREEVES,2015-07-21 13:59:18.077000,Provider Conversion,2013-03-28 03:56:49.000000
1001191,1001259,2012-05-21,2013-09-30,A,45,N,0,Provider Conversion,2013-03-28 03:56:49.000000,Provider Conversion,2013-03-28 03:56:49.000000
1001192,1001260,2012-06-12,2015-10-04,A,51,N,0,B-Term-Prov-Trigger_719776.00,2015-10-04 18:00:09.000000,Provider Conversion,2013-03-28 03:56:49.000000
1001193,1001261,2012-04-20,2013-09-30,A,45,N,0,Provider Conversion,2013-03-28 03:56:49.000000,Provider Conversion,2013-03-28 03:56:49.000000
1001194,1001262,2012-06-19,2013-09-30,A,45,N,4,MMANYGUNS,2015-07-21 13:04:20.030000,Provider Conversion,2013-03-28 03:56:49.000000
1001195,1001263,2012-06-21,2015-10-04,A,51,N,0,B-Term-Prov-Trigger_719776.00,2015-10-04 18:00:09.000000,Provider Conversion,2013-03-28 03:56:49.000000
1001196,1001264,2012-03-01,2015-10-04,A,51,N,0,B-Term-Prov-Trigger_719776.00,2015-10-04 18:00:12.000000,Provider Conversion,2013-03-28 03:56:49.000000
1001197,1001265,2012-06-12,2015-10-04,A,51,N,0,B-Term-Prov-Trigger_719776.00,2015-10-04 18:00:11.000000,Provider Conversion,2013-03-28 03:56:49.000000
1001199,1001267,2012-06-18,2013-09-30,A,45,N,0,Provider Conversion,2013-03-28 03:56:49.000000,Provider Conversion,2013-03-28 03:56:49.000000
1001200,1001268,2012-06-18,2013-09-30,A,45,N,3,CAROLREEVES,2015-06-19 10:27:28.875000,Provider Conversion,2013-03-28 03:56:49.000000
1001201,1001269,2012-06-18,2013-09-30,A,45,N,3,ESTHERSHAHPAR,2015-07-24 14:38:19.417000,Provider Conversion,2013-03-28 03:56:49.000000
1000697,1000743,2011-07-01,2013-09-30,A,45,N,2,CAROLREEVES,2015-06-08 15:00:07.993000,Provider Conversion,2013-03-28 03:56:49.000000
1000698,1000744,2011-07-01,2015-10-04,A,51,N,0,B-Term-Prov-Trigger_719776.00,2015-10-04 18:00:12.000000,Provider Conversion,2013-03-28 03:56:49.000000
1000699,1000745,1981-07-01,2013-09-30,A,45,N,7,PJHEID,2015-12-17 12:46:25.425000,Provider Conversion,2013-03-28 03:56:49.000000
1000700,1000746,2011-07-01,2013-09-30,A,45,N,5,MMANYGUNS,2015-03-02 10:03:11.811000,Provider Conversion,2013-03-28 03:56:49.000000
1000701,1000747,2011-07-14,2013-09-30,A,45,N,0,Provider Conversion,2013-03-28 03:56:49.000000,Provider Conversion,2013-03-28 03:56:49.000000
1000702,1000748,2010-08-09,2013-09-30,A,45,N,0,Provider Conversion,2013-03-28 03:56:49.000000,Provider Conversion,2013-03-28 03:56:49.000000
1000703,1000749,2011-08-01,2013-09-30,A,45,N,7,THENDERSON,2015-08-14 10:38:29.928000,Provider Conversion,2013-03-28 03:56:49.000000
1000704,1000750,2011-07-01,2015-10-04,A,51,N,0,B-Term-Prov-Trigger_719776.00,2015-10-04 18:00:10.000000,Provider Conversion,2013-03-28 03:56:49.000000
1000705,1000751,2011-05-23,2015-10-04,A,51,N,0,B-Term-Prov-Trigger_719776.00,2015-10-04 18:00:10.000000,Provider Conversion,2013-03-28 03:56:49.000000
1000706,1000752,2011-07-18,2015-10-04,A,51,N,0,B-Term-Prov-Trigger_719776.00,2015-10-04 18:00:09.000000,Provider Conversion,2013-03-28 03:56:49.000000
1000707,1000753,2011-07-11,2011-09-10,A,51,N,0,B-Term-Prov-Trigger_717958.00,2015-10-02 18:00:45.000000,Provider Conversion,2013-03-28 03:56:49.000000
