p_sys_id,p_txnmy_sk,p_txnmy_cd,p_txnmy_beg_dt,p_txnmy_end_dt,l_hibernate_ver_num,g_aud_user_id,g_aud_ts,g_aud_add_user_id,g_aud_add_ts
1000003,1000000,282N00000X,2009-07-15,2015-07-16,2,B-Term-Prov-Trigger_2404152.00,2019-02-20 18:01:02.634875,Provider Conversion,2013-03-28 03:57:46.000000
1000004,1000001,282N00000X,2012-01-01,1999-12-31,3,AYARBROUGH,2018-12-20 09:45:27.790000,Provider Conversion,2013-03-28 03:57:46.000000
1000031,1000008,282NC0060X,2010-07-22,2018-01-31,9,B-Term-Prov-Trigger_1806955.00,2018-01-31 18:01:08.297126,Provider Conversion,2013-03-28 03:57:46.000000
1000043,1000011,282N00000X,2013-10-01,1999-12-31,4,JASTONE,2018-05-25 07:49:52.590000,Provider Conversion,2013-03-28 03:57:46.000000
1000074,1000022,282N00000X,2012-07-31,2013-09-30,1,SHERSAYLER,2014-03-30 15:37:25.759000,Provider Conversion,2013-03-28 03:57:46.000000
1000087,1000025,261QE0700X,2013-01-01,2013-09-30,2,JMLAGRO,2014-09-19 08:00:34.446000,Provider Conversion,2013-03-28 03:57:46.000000
1000097,1000028,273R00000X,2013-10-01,1999-12-31,5,JASTONE,2018-05-25 07:46:36.292000,Provider Conversion,2013-03-28 03:57:46.000000
1000098,1000029,273Y00000X,2011-07-01,1999-12-31,3,JMLAGRO,2015-08-04 08:09:12.702000,Provider Conversion,2013-03-28 03:57:46.000000
1000099,1000030,261QE0700X,2011-07-01,1999-12-31,2,THENDERSON,2015-08-21 08:23:07.617000,Provider Conversion,2013-03-28 03:57:46.000000
1000100,1000031,275N00000X,2011-07-01,2018-01-31,5,B-Term-Prov-Trigger_1806955.00,2018-01-31 18:01:08.297126,Provider Conversion,2013-03-28 03:57:46.000000
1000109,1000037,261QR1300X,2010-04-27,2016-09-23,7,B-Term-Prov-Trigger_1289553.00,2017-02-01 18:00:43.412956,Provider Conversion,2013-03-28 03:57:46.000000
1000117,1000045,261QR1300X,2011-07-01,2018-01-31,2,B-Term-Prov-Trigger_1806955.00,2018-01-31 18:01:08.297126,Provider Conversion,2013-03-28 03:57:46.000000
1000118,1000047,261QR1300X,2012-06-01,1999-12-31,5,CAROLREEVES,2015-06-05 08:54:47.779000,Provider Conversion,2013-03-28 03:57:46.000000
1000121,1000050,261QF0400X,2010-06-15,1999-12-31,4,SKOEHLY,2015-03-30 15:12:54.400000,Provider Conversion,2013-03-28 03:57:46.000000
1000149,1000055,207Y00000X,2006-01-27,1999-12-31,4,ANNDOLL,2020-09-21 14:20:38.856000,Provider Conversion,2013-03-28 03:57:46.000000
1000160,1000056,111N00000X,2013-10-01,1999-12-31,5,MAURICIOPENERAND,2016-01-21 17:10:05.931000,Provider Conversion,2013-03-28 03:57:46.000000
1000168,1000059,207Q00000X,2013-03-07,1999-12-31,3,MCMOOS,2021-09-29 13:02:25.624000,Provider Conversion,2013-03-28 03:57:46.000000
1000173,1000060,207P00000X,2007-01-01,2025-06-08,3,B-Term-Prov-Trigger_1417709.00,2025-06-10 18:02:17.595277,Provider Conversion,2013-03-28 03:57:46.000000
1000176,1000061,207Y00000X,2006-01-27,1999-12-31,1,Provider Conversion,2014-03-08 12:40:53.891000,Provider Conversion,2013-03-28 03:57:46.000000
1000183,1000065,2085R0202X,2005-04-01,2020-01-02,3,B-Term-Prov-Trigger_1291511.00,2025-03-14 18:01:45.176974,Provider Conversion,2013-03-28 03:57:46.000000
1000187,1000066,111N00000X,2011-01-28,1999-12-31,1,Provider Conversion,2015-01-28 17:58:04.379000,Provider Conversion,2013-03-28 03:57:46.000000
1000188,1000067,261Q00000X,2008-05-10,2019-04-07,2,B-Term-Prov-Trigger_2494258.00,2019-04-17 18:00:55.062908,Provider Conversion,2013-03-28 03:57:46.000000
1000222,1000070,207V00000X,2007-01-01,1999-12-31,12,MMANYGUNS,2015-07-21 11:17:38.940000,Provider Conversion,2013-03-28 03:57:46.000000
1000224,1000071,207X00000X,2006-03-04,2025-03-24,3,B-Term-Prov-Trigger_1305643.00,2025-03-24 18:01:11.972653,Provider Conversion,2013-03-28 03:57:46.000000
1000227,1000074,2085R0202X,2008-01-07,1999-12-31,3,ANNDOLL,2019-04-23 09:08:58.842000,Provider Conversion,2013-03-28 03:57:46.000000
1000235,1000078,207L00000X,2010-07-01,2025-02-06,4,B-Term-Prov-Trigger_1239974.00,2025-02-06 18:01:45.506410,Provider Conversion,2013-03-28 03:57:46.000000
1000243,1000081,208G00000X,2010-09-09,1999-12-31,7,DMOCK,2016-04-18 13:37:06.065000,Provider Conversion,2013-03-28 03:57:46.000000
1000249,1000087,207Q00000X,2010-08-01,1999-12-31,6,MELISSABULGER,2014-11-12 08:52:11.327000,Provider Conversion,2013-03-28 03:57:46.000000
1000251,1000088,103T00000X,2010-10-01,2018-09-14,5,RRUD,2019-11-12 13:55:12.488000,Provider Conversion,2013-03-28 03:57:46.000000
1000254,1000090,208600000X,2010-12-29,2013-10-02,7,B-Term-Prov-Trigger_2957260.00,2020-01-24 18:02:27.656537,Provider Conversion,2013-03-28 03:57:46.000000
1000259,1000093,207RC0000X,2010-12-01,2013-09-30,2,MAURICIOPENERAND,2015-08-03 14:57:25.911000,Provider Conversion,2013-03-28 03:57:46.000000
1000262,1000096,103T00000X,2010-10-04,2015-10-04,3,CR1906_SET_ENDDT_4OCT15,2015-08-11 12:39:16.885000,Provider Conversion,2013-03-28 03:57:46.000000
1000265,1000100,111N00000X,2010-11-04,1999-12-31,2,KWOODALL,2014-09-24 15:45:58.762000,Provider Conversion,2013-03-28 03:57:46.000000
1000268,1000103,207R00000X,2010-10-04,2015-06-25,7,B-Term-Prov-Trigger_1415335.00,2017-05-15 18:00:50.938388,Provider Conversion,2013-03-28 03:57:46.000000
1000270,1000105,367500000X,2010-11-19,1999-12-31,3,MLMOOS,2019-04-01 17:57:12.796000,Provider Conversion,2013-03-28 03:57:46.000000
1000271,1000106,367500000X,2004-07-06,1999-12-31,3,BRENDAPEREZESCOB,2015-05-13 12:08:44.207000,Provider Conversion,2013-03-28 03:57:46.000000
1000273,1000108,367500000X,2010-11-16,2013-09-30,2,JMLAGRO,2015-01-27 12:27:40.347000,Provider Conversion,2013-03-28 03:57:46.000000
1000291,1000118,111N00000X,2010-12-09,2012-09-01,0,Provider Conversion,2013-03-28 03:57:46.000000,Provider Conversion,2013-03-28 03:57:46.000000
1000294,1000121,111N00000X,2011-01-01,2015-10-04,2,CR1906_SET_ENDDT_4OCT15,2015-03-17 07:50:23.651000,Provider Conversion,2013-03-28 03:57:46.000000
1000303,1000128,207R00000X,2011-01-01,1999-12-31,7,DMOCK,2022-03-10 14:26:03.271000,Provider Conversion,2013-03-28 03:57:46.000000
1000316,1000134,2085R0202X,2011-03-24,1999-12-31,4,JMLAGRO,2015-07-21 08:51:21.084000,Provider Conversion,2013-03-28 03:57:46.000000
1000322,1000139,207V00000X,2011-01-03,2015-10-04,1,CR1906_SET_ENDDT_4OCT15,2015-01-23 11:16:16.436000,Provider Conversion,2013-03-28 03:57:46.000000
1000325,1000142,207L00000X,2011-03-22,1999-12-31,4,MMANYGUNS,2015-02-26 14:13:15.171000,Provider Conversion,2013-03-28 03:57:46.000000
1000327,1000144,207R00000X,2011-03-24,1999-12-31,3,DANIELLAESTRELLA,2014-11-11 15:50:35.835000,Provider Conversion,2013-03-28 03:57:46.000000
1000329,1000146,207W00000X,2010-10-15,1999-12-31,5,JMLAGRO,2015-03-02 13:36:20.286000,Provider Conversion,2013-03-28 03:57:46.000000
1000330,1000147,207X00000X,2010-11-30,2017-07-31,4,B-Term-Prov-Trigger_1890741.00,2018-03-29 18:00:51.210576,Provider Conversion,2013-03-28 03:57:46.000000
1000336,1000152,261QA1903X,2010-08-01,1999-12-31,6,JMLAGRO,2015-08-05 12:24:30.607000,Provider Conversion,2013-03-28 03:57:46.000000
1000340,1000154,367500000X,2011-02-01,1999-12-31,8,MLMOOS,2019-04-02 13:10:27.094000,Provider Conversion,2013-03-28 03:57:46.000000
1000345,1000159,208G00000X,2011-02-15,2015-02-01,9,B-Term-Prov-Trigger_717958.00,2015-10-02 18:01:35.531603,Provider Conversion,2013-03-28 03:57:46.000000
1000347,1000161,207R00000X,2011-03-24,1999-12-31,7,KAMELTZER,2021-10-20 11:34:58.833000,Provider Conversion,2013-03-28 03:57:46.000000
1000348,1000162,207Q00000X,2011-04-01,2029-12-31,4,ESTHERSHAHPAR,2014-11-12 14:13:29.551000,Provider Conversion,2013-03-28 03:57:46.000000
1000350,1000163,367500000X,2011-02-23,2019-03-01,6,B-Term-Prov-Trigger_2423411.00,2019-03-04 18:01:01.982775,Provider Conversion,2013-03-28 03:57:46.000000
1000351,1000164,208G00000X,2011-03-01,2015-05-29,5,B-Term-Prov-Trigger_844896.00,2016-01-18 18:01:28.048981,Provider Conversion,2013-03-28 03:57:46.000000
1000364,1000175,367500000X,2011-03-14,2013-09-30,0,Provider Conversion,2013-03-28 03:57:46.000000,Provider Conversion,2013-03-28 03:57:46.000000
1000367,1000177,367500000X,2011-06-01,1999-12-31,1,Provider Conversion,2014-03-24 19:16:51.294000,Provider Conversion,2013-03-28 03:57:46.000000
1000372,1000181,2085R0001X,2011-04-25,2013-09-30,5,MAURICIOPENERAND,2015-08-03 15:17:47.057000,Provider Conversion,2013-03-28 03:57:46.000000
1000376,1000185,367500000X,2011-03-28,2023-02-10,2,B-Term-Prov-Trigger_1299954.00,2025-03-20 18:01:31.623136,Provider Conversion,2013-03-28 03:57:46.000000
1000377,1000186,207K00000X,2011-04-04,1999-12-31,7,JMLAGRO,2015-07-20 07:37:15.691000,Provider Conversion,2013-03-28 03:57:46.000000
1000385,1000190,367500000X,2010-12-20,2023-11-24,3,B-Term-Prov-Trigger_607322.00,2023-11-24 18:01:40.884859,Provider Conversion,2013-03-28 03:57:46.000000
1000388,1000193,2085R0202X,2011-03-25,2025-05-09,4,B-Term-Prov-Trigger_1371381.00,2025-05-09 18:02:19.579258,Provider Conversion,2013-03-28 03:57:46.000000
1000389,1000194,367500000X,2010-11-22,1999-12-31,4,MMANYGUNS,2015-03-30 13:46:52.508000,Provider Conversion,2013-03-28 03:57:46.000000
1000394,1000199,111N00000X,2012-06-04,1999-12-31,3,MMANYGUNS,2015-02-03 20:53:05.996000,Provider Conversion,2013-03-28 03:57:46.000000
1000396,1000201,208600000X,2011-01-20,1999-12-31,7,DMOCK,2016-04-19 10:52:52.292000,Provider Conversion,2013-03-28 03:57:46.000000
1000398,1000203,367500000X,2011-01-03,1999-12-31,3,DMOCK,2017-11-14 09:16:36.470000,Provider Conversion,2013-03-28 03:57:46.000000
1000402,1000206,207R00000X,2011-01-10,2018-06-15,8,B-Term-Prov-Trigger_2010083.00,2018-06-15 18:01:57.194524,Provider Conversion,2013-03-28 03:57:46.000000
1000407,1000211,207K00000X,2010-07-23,1999-12-31,5,USHASHA,2015-07-23 13:17:49.371000,Provider Conversion,2013-03-28 03:57:46.000000
1001092,1000781,1223S0112X,2010-04-01,2013-09-30,3,SHERSAYLER,2014-12-29 14:55:37.307000,Provider Conversion,2013-03-28 03:57:46.000000
1001093,1000782,204E00000X,2010-06-30,2013-09-30,2,SHERSAYLER,2014-12-29 13:58:40.833000,Provider Conversion,2013-03-28 03:57:46.000000
1001096,1000784,207Q00000X,2007-04-16,1999-12-31,6,JMLAGRO,2015-02-20 11:04:52.051000,Provider Conversion,2013-03-28 03:57:46.000000
1001099,1000787,207RG0100X,2012-05-10,2017-04-20,4,B-Term-Prov-Trigger_1962914.00,2018-05-15 18:00:52.897539,Provider Conversion,2013-03-28 03:57:46.000000
1001100,1000788,207T00000X,2012-05-10,2019-12-13,12,B-Term-Prov-Trigger_3039301.00,2020-03-13 18:02:13.774601,Provider Conversion,2013-03-28 03:57:46.000000
1001101,1000789,367500000X,2012-05-10,1999-12-31,3,ESTHERSHAHPAR,2014-09-15 15:51:27.980000,Provider Conversion,2013-03-28 03:57:46.000000
1001102,1000790,207X00000X,2012-05-10,2018-09-18,11,B-Term-Prov-Trigger_2159582.00,2018-09-18 18:01:37.446003,Provider Conversion,2013-03-28 03:57:46.000000
1001105,1000793,207V00000X,2012-03-23,1999-12-31,6,ESTHERSHAHPAR,2015-06-29 10:30:20.585000,Provider Conversion,2013-03-28 03:57:46.000000
1001106,1000794,367500000X,2012-05-10,1999-12-31,2,MAGDALENAHANUSIA,2014-09-08 09:42:49.027000,Provider Conversion,2013-03-28 03:57:46.000000
1001109,1000796,367500000X,2012-03-15,2015-12-02,5,B-Term-Prov-Trigger_911413.00,2016-03-15 18:01:28.794124,Provider Conversion,2013-03-28 03:57:46.000000
1001111,1000798,367500000X,2011-11-10,2023-06-27,3,B-Term-Prov-Trigger_5099384.00,2023-06-27 18:02:49.016308,Provider Conversion,2013-03-28 03:57:46.000000
1001112,1000799,367500000X,2012-01-05,2023-06-27,3,B-Term-Prov-Trigger_5099384.00,2023-06-27 18:02:49.016308,Provider Conversion,2013-03-28 03:57:46.000000
1001118,1000805,207L00000X,2012-04-13,1999-12-31,20,PJHEID,2015-08-08 19:16:28.153000,Provider Conversion,2013-03-28 03:57:46.000000
1001120,1000807,207P00000X,2012-05-21,1999-12-31,5,ANDOLL,2021-08-09 09:02:46.322000,Provider Conversion,2013-03-28 03:57:46.000000
1001121,1000808,208000000X,2012-03-16,2015-01-08,9,RRUD,2016-03-28 12:29:06.641000,Provider Conversion,2013-03-28 03:57:46.000000
1001123,1000810,207Q00000X,2013-10-01,2019-06-30,12,B-Term-Prov-Trigger_3290958.00,2020-08-10 18:02:53.859130,Provider Conversion,2013-03-28 03:57:46.000000
1001127,1000813,207Q00000X,2012-04-01,2014-09-01,7,B-Term-Prov-Trigger_717958.00,2015-10-02 18:01:35.392029,Provider Conversion,2013-03-28 03:57:46.000000
1001136,1000817,207R00000X,2012-04-10,2016-03-26,10,B-Term-Prov-Trigger_925839.00,2016-03-28 18:00:33.478206,Provider Conversion,2013-03-28 03:57:46.000000
1001137,1000818,367500000X,2012-04-25,1999-12-31,1,Provider Conversion,2014-03-27 13:53:32.340000,Provider Conversion,2013-03-28 03:57:46.000000
1001145,1000823,207RP1001X,2012-07-01,2015-07-04,6,B-Term-Prov-Trigger_429633.00,2023-07-26 18:12:58.133922,Provider Conversion,2013-03-28 03:57:46.000000
1001147,1000825,208000000X,2012-05-07,1999-12-31,6,PJHEID,2015-02-23 12:01:49.554000,Provider Conversion,2013-03-28 03:57:46.000000
1001156,1000832,367500000X,2012-05-14,1999-12-31,9,ZULEIMARUIZ,2015-07-15 10:25:10.723000,Provider Conversion,2013-03-28 03:57:46.000000
1001157,1000833,2084N0400X,2011-11-14,2016-12-01,3,B-Term-Prov-Trigger_1264323.00,2017-01-10 18:01:47.734230,Provider Conversion,2013-03-28 03:57:46.000000
1001158,1000834,208000000X,2012-01-14,2016-03-06,5,RRUD,2016-05-27 11:58:33.749000,Provider Conversion,2013-03-28 03:57:46.000000
1001163,1000839,367500000X,2012-05-14,2014-07-31,6,B-Term-Prov-Trigger_717958.00,2015-10-02 18:01:35.392029,Provider Conversion,2013-03-28 03:57:46.000000
1001166,1000841,207Q00000X,2012-03-30,2020-06-16,4,B-Term-Prov-Trigger_3197127.00,2020-06-16 18:02:44.280551,Provider Conversion,2013-03-28 03:57:46.000000
1001167,1000842,207R00000X,2012-03-19,2021-07-13,3,B-Term-Prov-Trigger_3858142.00,2021-07-13 18:03:09.379506,Provider Conversion,2013-03-28 03:57:46.000000
1001170,1000845,207Q00000X,2009-11-14,2014-09-30,4,B-Term-Prov-Trigger_1266640.00,2017-01-12 18:01:56.678109,Provider Conversion,2013-03-28 03:57:46.000000
1001173,1000846,367500000X,2012-05-23,1999-12-31,3,JMLAGRO,2015-01-27 13:36:56.489000,Provider Conversion,2013-03-28 03:57:46.000000
1001176,1000849,207RG0100X,2012-07-27,2019-10-23,2,B-Term-Prov-Trigger_3039301.00,2020-03-13 18:02:13.774601,Provider Conversion,2013-03-28 03:57:46.000000
1001178,1000851,207R00000X,2012-03-27,2015-10-16,3,B-Term-Prov-Trigger_919052.00,2016-03-22 18:01:33.909051,Provider Conversion,2013-03-28 03:57:46.000000
1001179,1000852,2084P0800X,2012-07-27,2013-11-01,6,B-Term-Prov-Trigger_717958.00,2015-10-02 18:01:35.392029,Provider Conversion,2013-03-28 03:57:46.000000
1001182,1000854,207P00000X,2012-08-06,2018-09-09,8,B-Term-Prov-Trigger_3157126.00,2020-05-23 13:22:55.595235,Provider Conversion,2013-03-28 03:57:46.000000
1001183,1000855,367500000X,2012-05-01,1999-12-31,2,MMANYGUNS,2015-04-07 14:52:51.058000,Provider Conversion,2013-03-28 03:57:46.000000
1001184,1000856,103T00000X,2012-06-04,2025-02-07,4,B-Term-Prov-Trigger_1241374.00,2025-02-07 18:02:05.694841,Provider Conversion,2013-03-28 03:57:46.000000
1001190,1000862,208G00000X,2012-09-14,2018-09-18,3,B-Term-Prov-Trigger_2159582.00,2018-09-18 18:01:37.446003,Provider Conversion,2013-03-28 03:57:46.000000
1001191,1000863,207P00000X,2012-09-06,2013-09-30,2,LKHUNT,2017-09-15 09:33:39.439000,Provider Conversion,2013-03-28 03:57:46.000000
1001194,1000865,207ZP0105X,2017-01-01,2020-10-05,10,B-Term-Prov-Trigger_429633.00,2023-07-26 18:12:57.970284,Provider Conversion,2013-03-28 03:57:46.000000
1001198,1000869,207R00000X,2012-06-01,2013-09-30,10,JMLAGRO,2015-06-11 11:13:56.366000,Provider Conversion,2013-03-28 03:57:46.000000
1001200,1000871,207Y00000X,2012-06-18,2018-07-20,5,B-Term-Prov-Trigger_2064525.00,2018-07-20 18:00:58.748708,Provider Conversion,2013-03-28 03:57:46.000000
1001201,1000872,367500000X,2012-06-18,1999-12-31,4,ESTHERSHAHPAR,2015-07-24 14:38:19.418000,Provider Conversion,2013-03-28 03:57:46.000000
1001203,1000874,2084P0800X,2012-07-09,2023-05-31,2,B-Term-Prov-Trigger_5053675.00,2023-06-01 18:11:34.816637,Provider Conversion,2013-03-28 03:57:46.000000
1001205,1000875,2080P0207X,2012-07-05,2022-09-30,4,B-Term-Prov-Trigger_4858049.00,2023-02-10 18:02:51.403263,Provider Conversion,2013-03-28 03:57:46.000000
1001207,1000877,208600000X,2012-07-01,2018-12-13,3,B-Term-Prov-Trigger_2317914.00,2018-12-26 18:01:14.865601,Provider Conversion,2013-03-28 03:57:46.000000
1001208,1000878,207R00000X,2012-07-01,1999-12-31,5,ESTHERSHAHPAR,2014-11-11 14:04:45.077000,Provider Conversion,2013-03-28 03:57:46.000000
1001210,1000880,207R00000X,2012-07-23,2018-10-03,6,B-Term-Prov-Trigger_2184262.00,2018-10-03 18:01:34.356964,Provider Conversion,2013-03-28 03:57:46.000000
1001213,1000882,207R00000X,2012-07-02,2016-01-02,6,B-Term-Prov-Trigger_2957260.00,2020-01-24 18:02:27.804208,Provider Conversion,2013-03-28 03:57:46.000000
1001216,1000885,207Q00000X,2012-07-01,2015-06-30,5,B-Term-Prov-Trigger_1372010.00,2017-04-11 18:01:37.995121,Provider Conversion,2013-03-28 03:57:46.000000
1001217,1000886,207R00000X,2012-07-01,2017-02-01,7,B-Term-Prov-Trigger_1890741.00,2018-03-29 18:00:51.210576,Provider Conversion,2013-03-28 03:57:46.000000
1001218,1000887,207RC0000X,2012-07-01,2017-10-12,7,RRUD,2017-10-13 08:56:22.689000,Provider Conversion,2013-03-28 03:57:46.000000
1001220,1000888,2085R0202X,2012-07-02,2019-04-08,2,B-Term-Prov-Trigger_2505461.00,2019-04-24 18:00:52.613429,Provider Conversion,2013-03-28 03:57:46.000000
1001225,1000891,207RE0101X,2012-06-18,1999-12-31,4,USHASHA,2015-06-23 16:14:19.226000,Provider Conversion,2013-03-28 03:57:46.000000
1001226,1000892,207Q00000X,2011-11-18,2013-09-30,10,PJHEID,2015-02-25 10:59:08.600000,Provider Conversion,2013-03-28 03:57:46.000000
1001228,1000894,207R00000X,2012-06-30,2020-06-16,6,B-Term-Prov-Trigger_3285638.00,2020-08-07 18:02:17.387763,Provider Conversion,2013-03-28 03:57:46.000000
1001230,1000896,207Q00000X,2012-06-30,2021-03-25,5,B-Term-Prov-Trigger_3671147.00,2021-03-25 18:02:45.982400,Provider Conversion,2013-03-28 03:57:46.000000
1001231,1000897,207R00000X,2012-07-02,2018-12-31,6,B-Term-Prov-Trigger_2326005.00,2018-12-31 18:01:26.010332,Provider Conversion,2013-03-28 03:57:46.000000
1001234,1000900,207T00000X,2012-06-16,2019-11-20,7,MLMOOS,2019-11-20 12:17:57.710000,Provider Conversion,2013-03-28 03:57:46.000000
1001235,1000901,208M00000X,2022-07-23,2024-12-23,7,B-Term-Prov-Trigger_1175561.00,2024-12-23 18:02:22.177553,Provider Conversion,2013-03-28 03:57:46.000000
1001236,1000902,207V00000X,2012-06-29,2018-06-22,3,B-Term-Prov-Trigger_2021286.00,2018-06-22 18:01:04.287448,Provider Conversion,2013-03-28 03:57:46.000000
1001238,1000904,2085R0202X,2012-09-06,2013-09-30,6,B-Term-Prov-Trigger_2957260.00,2020-01-24 18:02:27.656537,Provider Conversion,2013-03-28 03:57:46.000000
1001241,1000907,207R00000X,2012-07-01,1999-12-31,5,DMOCK,2016-09-28 12:31:45.408000,Provider Conversion,2013-03-28 03:57:46.000000
1001242,1000908,2085R0202X,2021-02-25,1999-12-31,3,JODYTAYLOR,2021-04-21 10:05:59.628000,Provider Conversion,2013-03-28 03:57:46.000000
1001243,1000909,208D00000X,2012-07-20,2024-04-16,7,B-Term-Prov-Trigger_1069492.00,2024-10-10 18:02:15.107201,Provider Conversion,2013-03-28 03:57:46.000000
1001246,1000912,207R00000X,2012-06-30,2013-09-30,7,ESTHERSHAHPAR,2015-08-15 12:58:36.239000,Provider Conversion,2013-03-28 03:57:46.000000
1001247,1000913,207RC0000X,2012-07-16,2018-06-22,8,B-Term-Prov-Trigger_2021286.00,2018-06-22 18:01:04.287448,Provider Conversion,2013-03-28 03:57:46.000000
1001248,1000914,207L00000X,2012-07-23,2019-03-10,4,B-Term-Prov-Trigger_429633.00,2023-07-26 18:12:58.133922,Provider Conversion,2013-03-28 03:57:46.000000
1001252,1000918,207V00000X,2012-06-19,2016-03-22,8,B-Term-Prov-Trigger_954045.00,2016-04-21 18:01:30.159143,Provider Conversion,2013-03-28 03:57:46.000000
1001254,1000920,2085R0202X,2012-07-01,2017-09-28,3,B-Term-Prov-Trigger_1962914.00,2018-05-15 18:00:52.897539,Provider Conversion,2013-03-28 03:57:46.000000
1000999,1000711,2080P0202X,2011-12-15,1999-12-31,4,JASTONE,2020-02-28 11:18:32.152000,Provider Conversion,2013-03-28 03:57:46.000000
1001000,1000712,2084P0800X,2004-01-10,1999-12-31,4,NEERUSHARMA,2015-06-23 17:55:57.410000,Provider Conversion,2013-03-28 03:57:46.000000
1001011,1000721,2084N0400X,2011-12-01,2019-03-03,5,B-Term-Prov-Trigger_2434508.00,2019-03-11 18:00:58.061070,Provider Conversion,2013-03-28 03:57:46.000000
1001014,1000724,367500000X,2012-01-03,2013-09-30,1,USHASHA,2015-08-17 11:51:07.169000,Provider Conversion,2013-03-28 03:57:46.000000
1001017,1000727,207X00000X,2011-12-29,2017-12-24,7,B-Term-Prov-Trigger_1890741.00,2018-03-29 18:00:51.210576,Provider Conversion,2013-03-28 03:57:46.000000
1001031,1000736,208600000X,2012-01-01,2012-01-01,9,PJHEID,2015-02-25 08:51:56.593000,Provider Conversion,2013-03-28 03:57:46.000000
1001033,1000738,367500000X,2012-02-01,1999-12-31,1,Provider Conversion,2014-07-08 13:16:30.817000,Provider Conversion,2013-03-28 03:57:46.000000
1001034,1000739,367500000X,2012-01-24,1999-12-31,1,Provider Conversion,2014-01-24 18:54:29.765000,Provider Conversion,2013-03-28 03:57:46.000000
1001038,1000743,207R00000X,2012-02-03,1999-12-31,6,MAURICIOPENERAND,2015-07-24 09:38:04.505000,Provider Conversion,2013-03-28 03:57:46.000000
1001049,1000749,207Q00000X,2011-07-01,2015-10-04,2,B-Term-Prov-Trigger_3039301.00,2020-03-13 18:02:13.774601,Provider Conversion,2013-03-28 03:57:46.000000
1001051,1000751,207RG0100X,2012-01-30,2013-09-30,9,MAURICIOPENERAND,2015-07-24 09:33:22.079000,Provider Conversion,2013-03-28 03:57:46.000000
1001056,1000755,207L00000X,2012-02-08,2025-05-15,2,B-Term-Prov-Trigger_1380111.00,2025-05-15 18:02:06.343292,Provider Conversion,2013-03-28 03:57:46.000000
1001058,1000758,2084N0402X,2013-10-01,2021-08-01,6,B-Term-Prov-Trigger_4184932.00,2022-01-20 18:03:13.707636,Provider Conversion,2013-03-28 03:57:46.000000
1001061,1000761,207R00000X,2012-02-14,2018-05-31,7,B-Term-Prov-Trigger_3039301.00,2020-03-13 18:02:13.774601,Provider Conversion,2013-03-28 03:57:46.000000
1001062,1000762,367500000X,2012-02-06,2015-01-31,3,B-Term-Prov-Trigger_2559340.00,2019-05-28 18:01:21.950267,Provider Conversion,2013-03-28 03:57:46.000000
1001064,1000763,103T00000X,2010-09-13,2016-01-01,5,B-Term-Prov-Trigger_429633.00,2023-07-26 18:12:57.851541,Provider Conversion,2013-03-28 03:57:46.000000
1001068,1000764,367500000X,2011-12-20,2016-07-01,2,B-Term-Prov-Trigger_1160335.00,2016-10-14 18:01:43.113829,Provider Conversion,2013-03-28 03:57:46.000000
1001071,1000767,367500000X,2012-02-27,1999-12-31,1,Provider Conversion,2014-06-27 11:51:21.348000,Provider Conversion,2013-03-28 03:57:46.000000
1001073,1000769,2085R0202X,2012-03-01,1999-12-31,7,MAURICIOPENERAND,2015-07-24 10:09:26.344000,Provider Conversion,2013-03-28 03:57:46.000000
1001076,1000771,2084N0400X,2011-07-01,1999-12-31,3,JMLAGRO,2014-07-22 10:11:13.252000,Provider Conversion,2013-03-28 03:57:46.000000
1001079,1000773,208800000X,2012-02-27,2020-07-07,4,B-Term-Prov-Trigger_3233687.00,2020-07-07 18:01:43.196878,Provider Conversion,2013-03-28 03:57:46.000000
1001082,1000775,111N00000X,2011-11-01,1999-12-31,3,MESYLVESTER,2023-09-22 11:04:41.584000,Provider Conversion,2013-03-28 03:57:46.000000
1001083,1000776,111N00000X,2011-12-14,1999-12-31,3,CAROLREEVES,2015-07-31 13:54:50.627000,Provider Conversion,2013-03-28 03:57:46.000000
1001084,1000777,193400000X,2012-01-01,1999-12-31,8,MLMOOS,2019-08-20 16:52:18.288000,Provider Conversion,2013-03-28 03:57:46.000000
1000495,1000285,2085R0202X,2011-12-28,1999-12-31,10,PJHEID,2015-07-14 16:57:22.125000,Provider Conversion,2013-03-28 03:57:46.000000
1000501,1000291,2085R0202X,2011-12-28,2013-10-02,7,B-Term-Prov-Trigger_2957260.00,2020-01-24 18:02:27.804208,Provider Conversion,2013-03-28 03:57:46.000000
1000505,1000295,2085R0202X,2011-12-28,2011-06-02,6,B-Term-Prov-Trigger_2957260.00,2020-01-24 18:02:27.871508,Provider Conversion,2013-03-28 03:57:46.000000
1000506,1000296,2085R0202X,2011-12-28,2024-08-15,7,B-Term-Prov-Trigger_1502456.00,2025-08-07 18:02:00.057763,Provider Conversion,2013-03-28 03:57:46.000000
1000516,1000306,2085R0202X,2011-12-28,2013-10-02,6,B-Term-Prov-Trigger_2957260.00,2020-01-24 18:02:27.804208,Provider Conversion,2013-03-28 03:57:46.000000
1000518,1000308,2085R0202X,2011-12-28,1999-12-31,14,PJHEID,2015-07-28 18:24:53.727000,Provider Conversion,2013-03-28 03:57:46.000000
1000537,1000324,2085R0202X,2011-06-01,2013-09-30,3,JMLAGRO,2013-12-30 13:31:53.120000,Provider Conversion,2013-03-28 03:57:46.000000
1000538,1000325,2085R0202X,2011-06-01,2013-09-30,7,MMANYGUNS,2015-08-03 13:28:08.126000,Provider Conversion,2013-03-28 03:57:46.000000
1000539,1000326,2085R0202X,2013-10-01,1999-12-31,6,JASTONE,2018-07-14 11:32:24.838000,Provider Conversion,2013-03-28 03:57:46.000000
1000544,1000331,2085R0202X,2011-12-28,1999-12-31,4,JMLAGRO,2015-07-15 12:39:24.597000,Provider Conversion,2013-03-28 03:57:46.000000
1000549,1000336,2085R0202X,2011-06-01,1999-12-31,9,ESTHERSHAHPAR,2015-08-04 12:11:36.282000,Provider Conversion,2013-03-28 03:57:46.000000
1000562,1000346,207L00000X,2011-03-25,2015-03-15,2,B-Term-Prov-Trigger_919052.00,2016-03-22 18:01:33.909051,Provider Conversion,2013-03-28 03:57:46.000000
1000564,1000348,207R00000X,2009-11-14,2019-07-15,5,B-Term-Prov-Trigger_2690711.00,2019-08-16 18:01:03.645898,Provider Conversion,2013-03-28 03:57:46.000000
1000569,1000353,367500000X,2009-01-08,2021-06-03,4,B-Term-Prov-Trigger_3790504.00,2021-06-03 18:05:18.764035,Provider Conversion,2013-03-28 03:57:46.000000
1000414,1000219,207X00000X,2010-10-06,1999-12-31,6,DMOCK,2016-04-19 08:55:50.849000,Provider Conversion,2013-03-28 03:57:46.000000
1000416,1000221,367500000X,2010-10-11,1999-12-31,3,AYARBROUGH,2019-08-02 13:30:46.991000,Provider Conversion,2013-03-28 03:57:46.000000
1000417,1000222,367500000X,2010-10-11,1999-12-31,2,MAGDALENAHANUSIA,2014-09-08 10:09:40.619000,Provider Conversion,2013-03-28 03:57:46.000000
1000418,1000223,367500000X,2010-12-11,1999-12-31,4,BRENDAPEREZESCOB,2015-05-04 12:05:31.271000,Provider Conversion,2013-03-28 03:57:46.000000
1000426,1000233,208600000X,2011-05-26,2024-02-21,4,B-Term-Prov-Trigger_735839.00,2024-02-21 18:01:22.840095,Provider Conversion,2013-03-28 03:57:46.000000
1000428,1000235,367500000X,2011-04-12,2013-09-30,1,MMANYGUNS,2015-04-06 16:53:11.909000,Provider Conversion,2013-03-28 03:57:46.000000
1000429,1000236,207Q00000X,2011-05-20,1999-12-31,4,ESTHERSHAHPAR,2014-11-11 15:50:20.880000,Provider Conversion,2013-03-28 03:57:46.000000
1000430,1000237,207Q00000X,2011-05-26,2017-02-10,10,B-Term-Prov-Trigger_2551074.00,2019-05-23 18:01:23.847545,Provider Conversion,2013-03-28 03:57:46.000000
1000431,1000238,208600000X,2011-03-31,2026-01-22,7,B-Term-Prov-Trigger_1743120.00,2026-01-22 18:01:16.357354,Provider Conversion,2013-03-28 03:57:46.000000
1000438,1000243,207L00000X,2011-05-01,2016-07-01,9,B-Term-Prov-Trigger_1160335.00,2016-10-14 18:01:43.113829,Provider Conversion,2013-03-28 03:57:46.000000
1000439,1000244,261Q00000X,2011-05-01,2015-10-04,2,CR1906_SET_ENDDT_4OCT15,2015-06-16 12:49:29.341000,Provider Conversion,2013-03-28 03:57:46.000000
1000447,1000247,207L00000X,2011-05-01,2013-09-30,4,NEERUSHARMA,2015-06-29 14:04:29.868000,Provider Conversion,2013-03-28 03:57:46.000000
1000457,1000253,207Q00000X,2011-06-13,1999-12-31,5,KAMELTZER,2021-08-16 15:30:48.447000,Provider Conversion,2013-03-28 03:57:46.000000
1000461,1000256,2085R0202X,2012-02-09,1999-12-31,2,RACHELSPANGENBER,2014-09-08 08:48:20.666000,Provider Conversion,2013-03-28 03:57:46.000000
1000464,1000258,207Y00000X,2011-05-04,2015-02-10,4,B-Term-Prov-Trigger_717958.00,2015-10-02 18:01:35.531603,Provider Conversion,2013-03-28 03:57:46.000000
1000470,1000262,207RG0100X,2010-10-08,2015-04-02,11,B-Term-Prov-Trigger_717958.00,2015-10-02 18:01:35.392029,Provider Conversion,2013-03-28 03:57:46.000000
1000474,1000265,207Q00000X,2008-07-18,1999-12-31,9,PJHEID,2015-08-08 13:34:24.559000,Provider Conversion,2013-03-28 03:57:46.000000
1000475,1000266,2085R0202X,2011-06-01,2013-09-30,18,MMANYGUNS,2015-08-07 11:13:09.862000,Provider Conversion,2013-03-28 03:57:46.000000
1000477,1000268,2085R0202X,2011-06-01,1999-12-31,1,Provider Conversion,2014-01-10 12:23:32.425000,Provider Conversion,2013-03-28 03:57:46.000000
1000478,1000269,2085R0202X,2011-06-01,1999-12-31,2,DOMINICKNGANTOU,2014-06-26 10:52:48.606000,Provider Conversion,2013-03-28 03:57:46.000000
1000479,1000270,2085R0202X,2011-06-01,2019-01-13,9,B-Term-Prov-Trigger_2360952.00,2019-01-23 18:00:58.232810,Provider Conversion,2013-03-28 03:57:46.000000
1000480,1000271,2085R0202X,2011-06-01,1999-12-31,5,MMANYGUNS,2015-07-21 11:07:02.190000,Provider Conversion,2013-03-28 03:57:46.000000
1000481,1000272,2085R0202X,2011-06-01,1999-12-31,6,MMANYGUNS,2015-08-11 11:27:05.502000,Provider Conversion,2013-03-28 03:57:46.000000
1000482,1000273,2085R0202X,2011-06-01,2023-07-05,6,B-Term-Prov-Trigger_5113706.00,2023-07-05 18:02:42.131633,Provider Conversion,2013-03-28 03:57:46.000000
1000483,1000274,2085R0202X,2011-06-01,2013-09-30,5,DOMINICKNGANTOU,2014-06-26 13:16:22.632000,Provider Conversion,2013-03-28 03:57:46.000000
1000484,1000275,2085R0202X,2011-06-01,2013-09-30,14,MMANYGUNS,2015-08-18 11:36:31.835000,Provider Conversion,2013-03-28 03:57:46.000000
1000485,1000276,2085R0202X,2011-06-01,2013-09-30,11,MMANYGUNS,2015-08-12 15:40:39.792000,Provider Conversion,2013-03-28 03:57:46.000000
1000487,1000278,2085R0202X,2011-06-01,2017-07-31,9,B-Term-Prov-Trigger_1889355.00,2018-03-28 18:00:54.924466,Provider Conversion,2013-03-28 03:57:46.000000
1000573,1000356,111N00000X,2008-09-01,1999-12-31,3,AYARBROUGH,2019-08-02 10:30:16.591000,Provider Conversion,2013-03-28 03:57:46.000000
1000574,1000357,207Q00000X,2010-10-15,2018-06-22,4,B-Term-Prov-Trigger_2021286.00,2018-06-22 18:01:04.287448,Provider Conversion,2013-03-28 03:57:46.000000
1000577,1000359,207Q00000X,2007-05-07,2019-06-05,21,MLMOOS,2019-11-29 11:22:56.078000,Provider Conversion,2013-03-28 03:57:46.000000
1000579,1000361,208000000X,2007-05-03,1999-12-31,16,DMOCK,2016-03-11 14:53:08.647000,Provider Conversion,2013-03-28 03:57:46.000000
1000580,1000362,207RC0000X,2007-04-17,1999-12-31,8,MAURICIOPENERAND,2015-08-03 15:23:36.190000,Provider Conversion,2013-03-28 03:57:46.000000
1000583,1000365,367500000X,2007-05-03,1999-12-31,1,Provider Conversion,2014-07-01 14:54:20.141000,Provider Conversion,2013-03-28 03:57:46.000000
1000586,1000368,1223S0112X,2011-01-14,1999-12-31,1,Provider Conversion,2014-06-17 13:01:28.409000,Provider Conversion,2013-03-28 03:57:46.000000
1000587,1000369,207RN0300X,2011-03-25,2025-05-09,11,B-Term-Prov-Trigger_1371381.00,2025-05-09 18:02:19.579258,Provider Conversion,2013-03-28 03:57:46.000000
1000589,1000371,207RE0101X,2011-07-01,1999-12-31,8,CAROLREEVES,2015-06-26 13:47:21.875000,Provider Conversion,2013-03-28 03:57:46.000000
1000590,1000372,207R00000X,2011-08-15,2021-07-05,5,B-Term-Prov-Trigger_3851516.00,2021-07-09 18:02:56.656153,Provider Conversion,2013-03-28 03:57:46.000000
1000593,1000375,207L00000X,2011-07-01,2020-08-28,4,B-Term-Prov-Trigger_3500464.00,2020-12-14 18:02:56.878037,Provider Conversion,2013-03-28 03:57:46.000000
1000597,1000377,207L00000X,2011-07-01,2024-08-30,4,B-Term-Prov-Trigger_1502456.00,2025-08-07 18:02:00.057763,Provider Conversion,2013-03-28 03:57:46.000000
1000598,1000378,207V00000X,2011-07-14,2015-01-01,5,B-Term-Prov-Trigger_1077170.00,2016-08-05 18:01:33.709550,Provider Conversion,2013-03-28 03:57:46.000000
1000600,1000380,2085R0202X,2011-07-14,2014-11-04,7,B-Term-Prov-Trigger_717958.00,2015-10-02 18:01:35.531603,Provider Conversion,2013-03-28 03:57:46.000000
1000604,1000383,207T00000X,2011-06-23,2014-06-05,5,B-Term-Prov-Trigger_717958.00,2015-10-02 18:01:35.392029,Provider Conversion,2013-03-28 03:57:46.000000
1000606,1000385,207X00000X,2011-05-23,2013-09-30,1,JOYSPEZIALE,2014-09-19 17:54:27.284000,Provider Conversion,2013-03-28 03:57:46.000000
1000607,1000386,208600000X,2011-07-27,2019-03-18,3,B-Term-Prov-Trigger_2450447.00,2019-03-21 18:01:08.382979,Provider Conversion,2013-03-28 03:57:46.000000
1000608,1000387,111N00000X,2011-01-01,1999-12-31,4,ANNDOLL,2019-02-26 11:09:54.097000,Provider Conversion,2013-03-28 03:57:46.000000
1000609,1000388,213E00000X,2008-07-01,1999-12-31,2,BRENDAPEREZESCOB,2015-03-11 12:36:52.317000,Provider Conversion,2013-03-28 03:57:46.000000
1000610,1000389,207R00000X,2003-04-04,1999-12-31,4,CAROLREEVES,2015-06-29 14:42:51.422000,Provider Conversion,2013-03-28 03:57:46.000000
1000611,1000390,207RG0100X,2012-07-05,2019-11-01,2,B-Term-Prov-Trigger_4917704.00,2023-03-15 18:02:46.136615,Provider Conversion,2013-03-28 03:57:46.000000
1000612,1000391,367500000X,2011-07-05,1999-12-31,6,JAWALTON,2020-08-10 16:15:23.307000,Provider Conversion,2013-03-28 03:57:46.000000
1000613,1000392,111N00000X,2011-09-01,2012-08-31,0,Provider Conversion,2013-03-28 03:57:46.000000,Provider Conversion,2013-03-28 03:57:46.000000
1000614,1000393,207R00000X,2011-07-03,2016-01-02,6,B-Term-Prov-Trigger_911413.00,2016-03-15 18:01:28.794124,Provider Conversion,2013-03-28 03:57:46.000000
1000615,1000394,208000000X,2011-07-25,1999-12-31,6,MMANYGUNS,2015-07-21 11:40:26.024000,Provider Conversion,2013-03-28 03:57:46.000000
1000617,1000396,208000000X,2011-07-28,2019-05-21,5,B-Term-Prov-Trigger_2548096.00,2019-05-21 18:01:20.152178,Provider Conversion,2013-03-28 03:57:46.000000
1000648,1000427,207RN0300X,2011-07-01,2020-06-04,5,B-Term-Prov-Trigger_3178037.00,2020-06-04 18:03:22.559648,Provider Conversion,2013-03-28 03:57:46.000000
1000654,1000433,2084P0800X,2011-07-05,2023-07-11,2,B-Term-Prov-Trigger_5123755.00,2023-07-11 18:02:56.270280,Provider Conversion,2013-03-28 03:57:46.000000
1000666,1000441,207X00000X,2011-06-23,2014-08-18,3,B-Term-Prov-Trigger_2957260.00,2020-01-24 18:02:27.871508,Provider Conversion,2013-03-28 03:57:46.000000
1000667,1000442,207R00000X,2011-07-07,2018-09-25,8,B-Term-Prov-Trigger_2171082.00,2018-09-25 18:01:31.058236,Provider Conversion,2013-03-28 03:57:46.000000
1000669,1000444,208600000X,2011-06-01,2024-11-22,8,B-Term-Prov-Trigger_1131358.00,2024-11-22 18:01:25.755420,Provider Conversion,2013-03-28 03:57:46.000000
1000671,1000445,207RC0000X,2011-07-13,2018-07-20,6,B-Term-Prov-Trigger_2064525.00,2018-07-20 18:00:58.748708,Provider Conversion,2013-03-28 03:57:46.000000
1000673,1000447,207P00000X,2011-07-01,1999-12-31,4,JMLAGRO,2015-07-17 09:57:39.307000,Provider Conversion,2013-03-28 03:57:46.000000
1000674,1000448,207R00000X,2011-07-07,2016-03-31,8,B-Term-Prov-Trigger_1419572.00,2017-05-18 18:01:40.974769,Provider Conversion,2013-03-28 03:57:46.000000
1000677,1000450,207P00000X,2011-07-06,1999-12-31,1,Provider Conversion,2014-03-15 01:32:10.115000,Provider Conversion,2013-03-28 03:57:46.000000
1000679,1000452,2085R0202X,2011-07-11,1999-12-31,16,DMOCK,2015-12-30 09:52:11.778000,Provider Conversion,2013-03-28 03:57:46.000000
1000682,1000455,207R00000X,2011-07-01,2015-02-22,7,B-Term-Prov-Trigger_951700.00,2016-04-19 18:01:30.405241,Provider Conversion,2013-03-28 03:57:46.000000
1000689,1000460,207R00000X,2011-07-01,2019-02-24,5,B-Term-Prov-Trigger_2413222.00,2019-02-26 18:00:55.044857,Provider Conversion,2013-03-28 03:57:46.000000
1000690,1000461,207R00000X,2011-07-01,2014-10-31,9,B-Term-Prov-Trigger_717958.00,2015-10-02 18:01:35.392029,Provider Conversion,2013-03-28 03:57:46.000000
1000692,1000463,207R00000X,2011-07-13,1999-12-31,7,DMOCK,2016-04-20 15:58:08.411000,Provider Conversion,2013-03-28 03:57:46.000000
1000693,1000464,207R00000X,2011-07-01,2013-09-30,8,USHASHA,2015-07-30 16:20:44.943000,Provider Conversion,2013-03-28 03:57:46.000000
1000694,1000465,207Q00000X,2011-07-01,2023-09-12,9,B-Term-Prov-Trigger_500153.00,2023-09-12 21:51:09.745591,Provider Conversion,2013-03-28 03:57:46.000000
1000699,1000470,207Q00000X,2007-04-23,1999-12-31,8,DMOCK,2017-11-29 10:38:36.755000,Provider Conversion,2013-03-28 03:57:46.000000
1000700,1000471,208600000X,2007-05-03,2024-08-31,7,B-Term-Prov-Trigger_1166028.00,2024-12-16 18:01:42.279930,Provider Conversion,2013-03-28 03:57:46.000000
1000701,1000472,207W00000X,2011-07-14,2020-08-06,2,B-Term-Prov-Trigger_3284045.00,2020-08-06 18:02:34.897152,Provider Conversion,2013-03-28 03:57:46.000000
1000711,1000483,2085R0202X,2011-08-18,1999-12-31,7,MMANYGUNS,2015-06-25 10:07:58.048000,Provider Conversion,2013-03-28 03:57:46.000000
1000712,1000484,207Q00000X,2011-08-18,2015-05-27,5,RRUD,2016-05-23 16:10:43.058000,Provider Conversion,2013-03-28 03:57:46.000000
1000714,1000486,207Q00000X,2011-08-18,1999-12-31,3,SKOEHLY,2014-10-16 16:00:19.627000,Provider Conversion,2013-03-28 03:57:46.000000
1000718,1000490,208100000X,2011-07-15,2015-07-24,2,B-Term-Prov-Trigger_1942660.00,2018-05-02 18:02:04.247497,Provider Conversion,2013-03-28 03:57:46.000000
1000719,1000491,207R00000X,2011-07-01,2013-09-30,7,USHASHA,2015-07-30 14:27:05.914000,Provider Conversion,2013-03-28 03:57:46.000000
1000720,1000492,207R00000X,2011-08-18,2017-08-11,9,B-Term-Prov-Trigger_1725578.00,2017-12-08 18:02:03.676766,Provider Conversion,2013-03-28 03:57:46.000000
1000728,1000498,208000000X,2011-08-18,2024-01-30,7,B-Term-Prov-Trigger_1672150.00,2025-12-03 18:00:26.106723,Provider Conversion,2013-03-28 03:57:46.000000
1000757,1000511,111N00000X,2011-07-15,2015-10-04,2,CR1906_SET_ENDDT_4OCT15,2014-10-06 10:51:55.310000,Provider Conversion,2013-03-28 03:57:46.000000
1000758,1000512,2085R0202X,2011-07-22,1999-12-31,4,JMLAGRO,2015-04-20 10:20:46.430000,Provider Conversion,2013-03-28 03:57:46.000000
1000759,1000513,207Q00000X,2011-08-01,2019-05-03,5,B-Term-Prov-Trigger_2573853.00,2019-06-06 18:01:29.338169,Provider Conversion,2013-03-28 03:57:46.000000
1000760,1000514,207V00000X,2011-08-01,1999-12-31,5,DANIELLAESTRELLA,2015-06-29 09:30:42.724000,Provider Conversion,2013-03-28 03:57:46.000000
1000761,1000515,207Q00000X,2011-03-12,2025-03-17,7,B-Term-Prov-Trigger_1295935.00,2025-03-17 18:02:13.052579,Provider Conversion,2013-03-28 03:57:46.000000
1000762,1000516,207R00000X,2011-09-01,2016-09-26,5,RRUD,2017-03-29 16:12:42.571000,Provider Conversion,2013-03-28 03:57:46.000000
1000764,1000518,103T00000X,2011-07-08,1999-12-31,1,Provider Conversion,2014-02-10 12:41:24.798000,Provider Conversion,2013-03-28 03:57:46.000000
1000765,1000519,111N00000X,2011-07-15,2015-10-04,4,CR1906_SET_ENDDT_4OCT15,2014-10-06 10:53:35.820000,Provider Conversion,2013-03-28 03:57:46.000000
1000767,1000520,207V00000X,2011-07-26,1999-12-31,3,DOMINICKNGANTOU,2014-11-11 14:52:01.716000,Provider Conversion,2013-03-28 03:57:46.000000
1000768,1000521,208000000X,2011-08-01,2013-09-30,7,MMANYGUNS,2015-07-21 11:02:52.022000,Provider Conversion,2013-03-28 03:57:46.000000
1000769,1000522,207P00000X,2011-08-01,2023-06-20,9,B-Term-Prov-Trigger_5087003.00,2023-06-20 18:02:52.578300,Provider Conversion,2013-03-28 03:57:46.000000
1000772,1000524,207V00000X,2012-08-01,1999-12-31,3,KAMELTZER,2021-07-30 11:53:12.221000,Provider Conversion,2013-03-28 03:57:46.000000
1000775,1000526,207Q00000X,2011-09-08,2017-08-11,5,B-Term-Prov-Trigger_2453441.00,2019-03-23 18:01:03.129889,Provider Conversion,2013-03-28 03:57:46.000000
1000776,1000527,207Q00000X,2011-08-01,1999-12-31,4,JMLAGRO,2015-02-20 13:13:58.792000,Provider Conversion,2013-03-28 03:57:46.000000
1000778,1000530,367500000X,2011-08-09,2013-09-30,0,Provider Conversion,2013-03-28 03:57:46.000000,Provider Conversion,2013-03-28 03:57:46.000000
1000785,1000536,208000000X,2011-07-25,1999-12-31,11,ESTHERSHAHPAR,2015-07-27 15:55:47.363000,Provider Conversion,2013-03-28 03:57:46.000000
1000787,1000538,207L00000X,2011-07-27,2018-05-13,3,B-Term-Prov-Trigger_2363963.00,2019-01-25 18:01:00.048090,Provider Conversion,2013-03-28 03:57:46.000000
1000791,1000542,208000000X,2011-08-01,2016-09-30,6,B-Term-Prov-Trigger_1467965.00,2017-06-20 18:00:35.781958,Provider Conversion,2013-03-28 03:57:46.000000
1000792,1000543,2085R0202X,2011-07-18,1999-12-31,7,DMOCK,2016-04-19 11:00:43.153000,Provider Conversion,2013-03-28 03:57:46.000000
1000807,1000550,2085R0202X,1990-06-30,1999-12-31,2,KARINARUIZ,2015-03-06 14:46:23.172000,Provider Conversion,2013-03-28 03:57:46.000000
1000809,1000552,207Q00000X,2011-08-12,1999-12-31,8,DMOCK,2018-10-29 19:42:09.748000,Provider Conversion,2013-03-28 03:57:46.000000
1000811,1000553,207Q00000X,2011-08-29,1999-12-31,9,ANNDOLL,2020-09-18 12:06:54.731000,Provider Conversion,2013-03-28 03:57:46.000000
1000817,1000559,207RG0100X,2011-04-26,2021-02-01,8,B-Term-Prov-Trigger_4198484.00,2022-01-28 18:02:51.735391,Provider Conversion,2013-03-28 03:57:46.000000
1000819,1000561,207V00000X,2011-09-27,1999-12-31,13,CAROLREEVES,2015-07-27 15:25:57.239000,Provider Conversion,2013-03-28 03:57:46.000000
1000825,1000567,207W00000X,2011-09-06,1999-12-31,28,CAROLREEVES,2015-07-17 10:36:51.419000,Provider Conversion,2013-03-28 03:57:46.000000
1000832,1000573,208600000X,2011-07-22,2022-07-15,4,B-Term-Prov-Trigger_4838815.00,2023-01-30 18:09:22.874837,Provider Conversion,2013-03-28 03:57:46.000000
1000833,1000574,207Q00000X,2011-09-01,1999-12-31,15,AYARBROUGH,2019-09-05 16:30:47.538000,Provider Conversion,2013-03-28 03:57:46.000000
1000835,1000575,207R00000X,2011-08-06,2025-03-25,7,B-Term-Prov-Trigger_1306971.00,2025-03-25 18:01:39.145782,Provider Conversion,2013-03-28 03:57:46.000000
1000836,1000576,207Q00000X,2011-09-09,1999-12-31,6,CAROLREEVES,2015-06-29 16:14:34.435000,Provider Conversion,2013-03-28 03:57:46.000000
1000842,1000580,207Q00000X,2011-11-03,2025-01-31,3,B-Term-Prov-Trigger_1230933.00,2025-01-31 18:02:24.726759,Provider Conversion,2013-03-28 03:57:46.000000
1000843,1000581,207R00000X,2011-09-12,1999-12-31,3,KARINARUIZ,2014-11-11 12:27:37.807000,Provider Conversion,2013-03-28 03:57:46.000000
1000846,1000584,207Q00000X,2007-05-16,1999-12-31,6,JMLAGRO,2015-02-20 13:04:22.175000,Provider Conversion,2013-03-28 03:57:46.000000
1000847,1000585,2084P0800X,2007-04-16,2024-06-30,4,B-Term-Prov-Trigger_1386327.00,2025-05-19 18:02:53.913604,Provider Conversion,2013-03-28 03:57:46.000000
1000855,1000593,2084P0800X,2007-05-15,2014-08-01,6,B-Term-Prov-Trigger_717958.00,2015-10-02 18:01:35.531603,Provider Conversion,2013-03-28 03:57:46.000000
1000862,1000600,207Y00000X,2007-05-04,2018-07-17,4,B-Term-Prov-Trigger_2059973.00,2018-07-17 18:00:59.625728,Provider Conversion,2013-03-28 03:57:46.000000
1000867,1000603,208800000X,2007-05-09,1999-12-31,6,DOMINICKNGANTOU,2014-09-16 11:00:48.770000,Provider Conversion,2013-03-28 03:57:46.000000
1000870,1000605,208800000X,2007-05-15,2015-10-04,3,CR1906_SET_ENDDT_4OCT15,2015-06-17 15:11:37.682000,Provider Conversion,2013-03-28 03:57:46.000000
1000891,1000620,207Q00000X,2011-09-01,1999-12-31,4,ESTHERSHAHPAR,2015-07-21 16:31:09.519000,Provider Conversion,2013-03-28 03:57:46.000000
1000901,1000630,367500000X,2011-10-03,2015-03-31,6,B-Term-Prov-Trigger_717958.00,2015-10-02 18:01:35.392029,Provider Conversion,2013-03-28 03:57:46.000000
1000902,1000631,207V00000X,2011-09-19,1999-12-31,4,PJHEID,2015-02-25 14:43:54.759000,Provider Conversion,2013-03-28 03:57:46.000000
1000903,1000632,367500000X,2011-07-27,2018-09-07,2,B-Term-Prov-Trigger_2141934.00,2018-09-07 18:01:35.235103,Provider Conversion,2013-03-28 03:57:46.000000
1000905,1000634,207Q00000X,2011-09-27,2014-12-31,11,RRUD,2019-10-18 08:37:44.755000,Provider Conversion,2013-03-28 03:57:46.000000
1000906,1000635,207Y00000X,2011-10-25,2021-01-23,4,B-Term-Prov-Trigger_3569653.00,2021-01-24 18:03:12.509138,Provider Conversion,2013-03-28 03:57:46.000000
1000910,1000637,103T00000X,2011-09-26,2019-10-14,6,AYARBROUGH,2019-10-14 10:23:23.553000,Provider Conversion,2013-03-28 03:57:46.000000
1000911,1000638,207X00000X,2011-09-01,1999-12-31,2,PJHEID,2014-11-17 09:53:54.316000,Provider Conversion,2013-03-28 03:57:46.000000
1000919,1000646,207Q00000X,2003-05-03,2018-01-01,12,B-Term-Prov-Trigger_2453441.00,2019-03-23 18:01:03.129889,Provider Conversion,2013-03-28 03:57:46.000000
1000920,1000647,208600000X,2011-09-01,2015-06-17,12,B-Term-Prov-Trigger_717958.00,2015-10-02 18:01:35.392029,Provider Conversion,2013-03-28 03:57:46.000000
1000922,1000649,207Q00000X,2011-09-02,2018-08-20,4,B-Term-Prov-Trigger_2112479.00,2018-08-20 18:01:55.899915,Provider Conversion,2013-03-28 03:57:46.000000
1000925,1000651,207P00000X,2011-10-03,2013-12-16,3,B-Term-Prov-Trigger_717958.00,2015-10-02 18:01:35.392029,Provider Conversion,2013-03-28 03:57:46.000000
1000929,1000654,2080P0202X,2011-10-01,2013-09-30,2,MMANYGUNS,2015-07-21 10:33:37.010000,Provider Conversion,2013-03-28 03:57:46.000000
1000937,1000661,208800000X,2011-11-18,1999-12-31,1,Provider Conversion,2014-04-07 12:21:44.076000,Provider Conversion,2013-03-28 03:57:46.000000
1000940,1000663,207Q00000X,2011-10-01,1999-12-31,7,MELISSABULGER,2014-11-12 10:56:24.012000,Provider Conversion,2013-03-28 03:57:46.000000
1000941,1000664,207RG0100X,2011-10-24,2018-03-29,7,B-Term-Prov-Trigger_2227567.00,2018-10-30 18:01:37.176523,Provider Conversion,2013-03-28 03:57:46.000000
1000943,1000665,207L00000X,2011-10-01,1999-12-31,7,AYARBROUGH,2019-08-02 12:02:37.181000,Provider Conversion,2013-03-28 03:57:46.000000
1000946,1000667,291U00000X,2011-02-01,2015-12-31,3,B-Term-Prov-Trigger_2428004.00,2019-03-07 18:00:56.853729,Provider Conversion,2013-03-28 03:57:46.000000
1000947,1000668,291U00000X,2011-07-26,2025-07-25,5,B-Term-Prov-Trigger_1482925.00,2025-07-25 18:01:51.120084,Provider Conversion,2013-03-28 03:57:46.000000
1000948,1000669,291U00000X,2010-12-01,2015-12-31,3,B-Term-Prov-Trigger_2428004.00,2019-03-07 18:00:56.853729,Provider Conversion,2013-03-28 03:57:46.000000
1000952,1000670,103T00000X,2011-11-28,1999-12-31,4,ANNDOLL,2018-06-05 14:18:01.927000,Provider Conversion,2013-03-28 03:57:46.000000
1000964,1000680,2084P0804X,2013-10-01,2022-01-31,6,B-Term-Prov-Trigger_4506332.00,2022-07-25 18:02:48.897228,Provider Conversion,2013-03-28 03:57:46.000000
1000974,1000688,207L00000X,2000-04-14,2023-06-26,4,B-Term-Prov-Trigger_5099384.00,2023-06-27 18:02:49.016308,Provider Conversion,2013-03-28 03:57:46.000000
1000975,1000689,367500000X,2011-12-19,2017-06-10,5,B-Term-Prov-Trigger_2538908.00,2019-05-15 18:01:24.575102,Provider Conversion,2013-03-28 03:57:46.000000
1000978,1000691,207X00000X,2011-12-01,2015-05-15,4,B-Term-Prov-Trigger_2957260.00,2020-01-24 18:02:27.871508,Provider Conversion,2013-03-28 03:57:46.000000
1000979,1000692,207RG0100X,2011-12-05,2015-02-19,5,B-Term-Prov-Trigger_717958.00,2015-10-02 18:01:35.392029,Provider Conversion,2013-03-28 03:57:46.000000
1000985,1000697,208600000X,1997-05-17,2016-12-01,4,B-Term-Prov-Trigger_1296826.00,2017-02-07 18:01:45.008959,Provider Conversion,2013-03-28 03:57:46.000000
1190621,1029901,343900000X,2009-01-26,2019-04-21,2,B-Term-Prov-Trigger_2516940.00,2019-05-01 18:08:48.343595,JMLAGRO,2015-08-21 09:53:02.888000
1000987,1000699,208G00000X,2011-11-21,2013-09-30,6,JMLAGRO,2015-07-30 07:52:14.840000,Provider Conversion,2013-03-28 03:57:46.000000
1000992,1000704,111N00000X,2011-12-05,1999-12-31,1,Provider Conversion,2014-04-15 12:57:04.977000,Provider Conversion,2013-03-28 03:57:46.000000
1000994,1000706,207V00000X,2011-10-03,2016-10-19,6,B-Term-Prov-Trigger_1826284.00,2018-02-13 18:00:51.205293,Provider Conversion,2013-03-28 03:57:46.000000
1000996,1000708,207Q00000X,2011-12-09,2013-09-30,20,JMLAGRO,2015-07-13 11:08:23.053000,Provider Conversion,2013-03-28 03:57:46.000000
1001618,1001207,207Q00000X,2013-03-14,1999-12-31,4,KWOODALL,2014-08-22 10:28:59.323000,Provider Conversion,2013-03-28 03:57:46.000000
1001621,1001209,207X00000X,2012-09-09,2016-11-08,4,B-Term-Prov-Trigger_1288300.00,2017-01-31 18:01:46.268795,Provider Conversion,2013-03-28 03:57:46.000000
1001627,1001214,367500000X,2013-01-31,1999-12-31,5,PJHEID,2015-07-22 08:42:22.707000,Provider Conversion,2013-03-28 03:57:46.000000
1001630,1001216,367500000X,2013-02-04,1999-12-31,3,MMANYGUNS,2015-04-06 16:47:32.231000,Provider Conversion,2013-03-28 03:57:46.000000
1001634,1001220,207L00000X,2013-01-14,2024-09-16,5,B-Term-Prov-Trigger_1161392.00,2024-12-13 18:01:40.213834,Provider Conversion,2013-03-28 03:57:46.000000
1001636,1001222,367500000X,2013-01-14,1999-12-31,16,USHASHA,2015-07-31 16:47:36.593000,Provider Conversion,2013-03-28 03:57:46.000000
1001637,1001223,208800000X,2013-01-14,2015-10-31,5,B-Term-Prov-Trigger_429633.00,2023-07-26 18:12:57.970284,Provider Conversion,2013-03-28 03:57:46.000000
1001646,1001227,111N00000X,2010-08-16,1999-12-31,3,MMANYGUNS,2015-02-03 21:10:10.873000,Provider Conversion,2013-03-28 03:57:46.000000
1001647,1001228,111N00000X,2013-01-11,1999-12-31,2,MMANYGUNS,2015-02-03 20:54:56.846000,Provider Conversion,2013-03-28 03:57:46.000000
1001668,1001235,367500000X,2013-02-25,1999-12-31,4,BRENDAPEREZESCOB,2015-05-13 12:34:59.105000,Provider Conversion,2013-03-28 03:57:46.000000
1001669,1001236,207Q00000X,2010-08-01,2013-09-30,13,JMLAGRO,2015-05-11 12:42:26.600000,Provider Conversion,2013-03-28 03:57:46.000000
1001692,1001240,111N00000X,1995-07-15,1999-12-31,1,Provider Conversion,2014-04-25 12:38:59.602000,Provider Conversion,2013-03-28 03:57:46.000000
1001693,1001241,207Q00000X,2006-09-14,1999-12-31,5,DMOCK,2016-03-11 15:21:06.455000,Provider Conversion,2013-03-28 03:57:46.000000
1001702,1001245,1041C0700X,2011-03-28,2015-10-04,2,CR1906_SET_ENDDT_4OCT15,2014-10-10 09:09:14.250000,Provider Conversion,2013-03-28 03:57:46.000000
1294693,1029895,171M00000X,2015-10-19,2016-09-01,3,B-Term-Prov-Trigger_2136878.00,2018-09-04 18:01:28.112001,GUESTUSER,2015-08-21 08:53:27.675000
1001713,1001254,1041C0700X,2011-05-01,2013-08-01,6,B-Term-Prov-Trigger_2957260.00,2020-01-24 18:02:27.656537,Provider Conversion,2013-03-28 03:57:46.000000
1001721,1001259,1041C0700X,2011-10-05,2022-04-20,3,B-Term-Prov-Trigger_4506332.00,2022-07-25 18:02:48.897228,Provider Conversion,2013-03-28 03:57:46.000000
1001724,1001261,1041C0700X,2011-12-10,1999-12-31,8,JASTONE,2018-05-30 08:23:06.257000,Provider Conversion,2013-03-28 03:57:46.000000
1001736,1001272,104100000X,2012-10-11,2020-07-07,2,B-Term-Prov-Trigger_3233687.00,2020-07-07 18:01:43.196878,Provider Conversion,2013-03-28 03:57:46.000000
1001746,1001276,1041C0700X,2013-02-06,2015-12-14,3,B-Term-Prov-Trigger_2095529.00,2018-08-09 18:00:59.408132,Provider Conversion,2013-03-28 03:57:46.000000
1001748,1001277,363L00000X,2010-10-01,2018-09-05,5,B-Term-Prov-Trigger_2138616.00,2018-09-05 18:01:33.100768,Provider Conversion,2013-03-28 03:57:46.000000
1001749,1001278,363L00000X,2011-07-14,2015-10-04,5,CR1906_SET_ENDDT_4OCT15,2014-12-02 10:11:40.482000,Provider Conversion,2013-03-28 03:57:46.000000
1001753,1001279,363LF0000X,2007-05-17,1999-12-31,10,ANNDOLL,2017-08-08 09:01:43.539000,Provider Conversion,2013-03-28 03:57:46.000000
1001772,1001285,333600000X,2010-09-01,2021-08-01,5,B-Term-Prov-Trigger_4075957.00,2021-11-17 18:06:10.577344,Provider Conversion,2013-03-28 03:57:46.000000
1001773,1001286,3336C0003X,2011-04-04,2013-09-30,2,SHERSAYLER,2014-04-02 14:51:29.434000,Provider Conversion,2013-03-28 03:57:46.000000
1161536,1029087,261QP2300X,2021-11-01,1999-12-31,4,RRUD,2021-11-01 14:07:36.236000,JMLAGRO,2015-07-01 15:46:02.523000
1289535,1029088,261Q00000X,2014-04-08,2016-11-15,3,B-Term-Prov-Trigger_1198087.00,2016-11-15 18:01:57.196199,JMLAGRO,2015-07-01 15:50:40.959000
1192700,1029092,193400000X,2007-09-06,1999-12-31,5,MMANYGUNS,2015-07-07 15:17:16.643000,JMLAGRO,2015-07-02 07:14:09.594000
1155622,1029093,193400000X,2009-01-01,1999-12-31,1,JMLAGRO,2015-07-02 07:27:47.827000,JMLAGRO,2015-07-02 07:26:59.557000
1000312,1029094,193400000X,2010-09-01,1999-12-31,0,JMLAGRO,2015-07-02 07:53:22.531000,JMLAGRO,2015-07-02 07:53:22.531000
1204683,1029095,261QD0000X,2006-01-01,1999-12-31,0,JMLAGRO,2015-07-02 08:05:21.065000,JMLAGRO,2015-07-02 08:05:21.065000
1001788,1001304,333600000X,2011-04-06,1999-12-31,3,ANNDOLL,2019-04-09 14:13:37.911000,Provider Conversion,2013-03-28 03:57:46.000000
1001790,1001305,3336L0003X,2011-12-01,1999-12-31,1,Provider Conversion,2014-06-11 16:07:26.952000,Provider Conversion,2013-03-28 03:57:46.000000
1001792,1001307,3336L0003X,2012-01-26,2013-06-04,4,B-Term-Prov-Trigger_717958.00,2015-10-02 18:01:35.531603,Provider Conversion,2013-03-28 03:57:46.000000
1001795,1001310,3336C0003X,2012-02-02,2017-07-01,2,B-Term-Prov-Trigger_2710467.00,2019-08-28 18:01:05.608777,Provider Conversion,2013-03-28 03:57:46.000000
1001796,1001311,3336C0003X,2012-02-01,1999-12-31,6,JMLAGRO,2015-07-01 08:16:33.923000,Provider Conversion,2013-03-28 03:57:46.000000
1001797,1001312,3336C0003X,2012-04-16,2014-06-30,5,RRUD,2019-01-15 12:26:53.049000,Provider Conversion,2013-03-28 03:57:46.000000
1001798,1001313,3336C0003X,2012-04-02,1999-12-31,4,JMLAGRO,2015-07-01 13:15:57.707000,Provider Conversion,2013-03-28 03:57:46.000000
1168223,1029097,193400000X,1994-07-09,1999-12-31,0,JMLAGRO,2015-07-02 08:24:44.902000,JMLAGRO,2015-07-02 08:24:44.902000
1001801,1001316,3336C0003X,2012-07-25,1999-12-31,1,Provider Conversion,2014-04-25 14:24:15.922000,Provider Conversion,2013-03-28 03:57:46.000000
1001803,1001318,333600000X,2012-09-24,2024-07-31,8,B-Term-Prov-Trigger_1099460.00,2024-10-31 18:02:04.392540,Provider Conversion,2013-03-28 03:57:46.000000
1293976,1029098,363A00000X,2015-05-26,1999-12-31,11,CR1906_SUP_PROV_DT_NEW,2015-09-15 11:35:41.000000,GUESTUSER,2015-07-02 09:18:20.316000
1293979,1029099,207Q00000X,2015-07-01,2018-09-12,11,B-Term-Prov-Trigger_2150058.00,2018-09-12 18:01:39.389491,GUESTUSER,2015-07-02 09:36:03.714000
1001808,1001322,3336L0003X,2012-08-01,1999-12-31,7,MMANYGUNS,2015-06-30 15:17:32.986000,Provider Conversion,2013-03-28 03:57:46.000000
1001812,1001328,3336L0003X,2010-08-03,2026-04-02,5,B-Term-Prov-Trigger_1852482.00,2026-04-08 18:01:52.998197,Provider Conversion,2013-03-28 03:57:46.000000
1001824,1001331,314000000X,2012-01-01,1999-12-31,3,THENDERSON,2015-08-13 16:24:51.405000,Provider Conversion,2013-03-28 03:57:46.000000
1293978,1029100,2085R0202X,2010-02-11,1999-12-31,9,GUESTUSER,2015-07-02 09:39:17.039000,GUESTUSER,2015-07-02 09:36:59.730000
1163728,1029105,261Q00000X,2007-02-01,2016-12-31,1,B-Term-Prov-Trigger_2451975.00,2019-03-22 18:00:52.427656,JMLAGRO,2015-07-02 09:44:13.431000
1277200,1029111,261QS0132X,2005-11-01,1999-12-31,2,JMLAGRO,2015-08-18 10:37:14.846000,JMLAGRO,2015-07-02 10:16:15.138000
1293993,1029128,2085R0202X,2015-03-01,1999-12-31,1,GUESTUSER,2015-07-03 15:20:37.119000,GUESTUSER,2015-07-03 15:15:13.751000
1001834,1001335,314000000X,2012-07-26,2015-10-04,2,CR1906_SET_ENDDT_4OCT15,2015-03-23 07:16:24.863000,Provider Conversion,2013-03-28 03:57:46.000000
1001847,1001336,315P00000X,2011-01-12,1999-12-31,5,KAYLAMRAHRICH,2020-11-23 14:30:39.150000,Provider Conversion,2013-03-28 03:57:46.000000
1001848,1001337,315P00000X,2011-01-12,1999-12-31,5,KAYLAMRAHRICH,2020-11-23 14:33:15.289000,Provider Conversion,2013-03-28 03:57:46.000000
1001849,1001338,315P00000X,2012-07-01,1999-12-31,5,KAYLAMRAHRICH,2020-11-23 14:30:13.313000,Provider Conversion,2013-03-28 03:57:46.000000
1002954,1001342,122300000X,2011-06-20,1999-12-31,3,AYARBROUGH,2016-04-15 16:04:38.110000,Provider Conversion,2013-03-28 03:57:46.000000
1002959,1001344,122300000X,2011-08-15,2013-12-31,5,PJHEID,2015-01-11 00:57:40.696000,Provider Conversion,2013-03-28 03:57:46.000000
1002961,1001346,122300000X,2011-06-10,1999-12-31,3,KWOODALL,2014-10-15 14:02:25.039000,Provider Conversion,2013-03-28 03:57:46.000000
1001436,1001066,103T00000X,2012-10-09,1999-12-31,1,Provider Conversion,2014-02-13 12:56:41.951000,Provider Conversion,2013-03-28 03:57:46.000000
1001441,1001070,2084N0400X,2012-10-16,2016-12-01,8,B-Term-Prov-Trigger_1288300.00,2017-01-31 18:01:46.268795,Provider Conversion,2013-03-28 03:57:46.000000
1001445,1001073,2085R0202X,2012-07-25,2015-10-04,4,B-Term-Prov-Trigger_1093687.00,2016-08-19 18:00:38.499220,Provider Conversion,2013-03-28 03:57:46.000000
1001446,1001074,2085R0202X,2009-04-28,2013-09-30,2,JMLAGRO,2015-01-14 08:35:37.633000,Provider Conversion,2013-03-28 03:57:46.000000
1001448,1001076,2085R0202X,2011-03-23,2018-07-24,2,B-Term-Prov-Trigger_2070647.00,2018-07-24 18:00:56.289282,Provider Conversion,2013-03-28 03:57:46.000000
1001449,1001077,2085R0202X,2009-04-28,2013-09-30,10,NEERUSHARMA,2015-07-01 15:31:49.781000,Provider Conversion,2013-03-28 03:57:46.000000
1001450,1001078,2085R0202X,2010-04-06,2015-10-04,9,B-Term-Prov-Trigger_1267817.00,2017-01-13 18:01:52.831742,Provider Conversion,2013-03-28 03:57:46.000000
1001451,1001079,2085R0202X,2021-01-01,1999-12-31,6,JODYTAYLOR,2021-04-20 09:54:31.563000,Provider Conversion,2013-03-28 03:57:46.000000
1001452,1001080,2085R0202X,2011-09-28,2013-09-30,2,JMLAGRO,2015-07-15 14:32:39.513000,Provider Conversion,2013-03-28 03:57:46.000000
1001453,1001081,2085R0202X,2011-03-23,1999-12-31,3,ANNDOLL,2020-03-18 13:03:46.249000,Provider Conversion,2013-03-28 03:57:46.000000
1001454,1001082,2085R0202X,2009-04-28,2015-10-04,2,B-Term-Prov-Trigger_1265495.00,2017-01-11 18:01:56.411402,Provider Conversion,2013-03-28 03:57:46.000000
1001455,1001083,2085R0202X,2012-06-12,1999-12-31,4,ANNDOLL,2020-09-17 13:06:40.709000,Provider Conversion,2013-03-28 03:57:46.000000
1001456,1001084,2085R0202X,2009-04-28,2019-01-16,3,B-Term-Prov-Trigger_2353279.00,2019-01-18 18:01:00.333590,Provider Conversion,2013-03-28 03:57:46.000000
1001458,1001086,2085R0202X,2011-03-23,2015-10-04,3,B-Term-Prov-Trigger_1267817.00,2017-01-13 18:01:52.831742,Provider Conversion,2013-03-28 03:57:46.000000
1001460,1001088,2085R0202X,2009-04-28,2018-07-24,4,B-Term-Prov-Trigger_2070647.00,2018-07-24 18:00:56.289282,Provider Conversion,2013-03-28 03:57:46.000000
1001461,1001089,2085R0202X,2011-05-25,2015-10-04,4,B-Term-Prov-Trigger_1265495.00,2017-01-11 18:01:56.411402,Provider Conversion,2013-03-28 03:57:46.000000
1001463,1001091,2085R0202X,2011-01-03,2015-10-04,4,B-Term-Prov-Trigger_1265495.00,2017-01-11 18:01:56.411402,Provider Conversion,2013-03-28 03:57:46.000000
1001466,1001092,208000000X,2012-11-05,2015-11-01,4,B-Term-Prov-Trigger_1956525.00,2018-05-11 18:01:57.253529,Provider Conversion,2013-03-28 03:57:46.000000
1001468,1001094,103T00000X,2012-11-01,1999-12-31,3,MCMOOS,2021-10-26 13:18:20.086000,Provider Conversion,2013-03-28 03:57:46.000000
1001469,1001095,2085R0202X,2011-09-28,2013-09-30,0,Provider Conversion,2013-03-28 03:57:46.000000,Provider Conversion,2013-03-28 03:57:46.000000
1001470,1001096,2085R0202X,2009-04-28,2013-09-30,2,JMLAGRO,2015-07-15 15:29:29.075000,Provider Conversion,2013-03-28 03:57:46.000000
1001471,1001097,2085R0202X,2009-04-28,1999-12-31,10,MMANYGUNS,2015-07-21 11:29:25.775000,Provider Conversion,2013-03-28 03:57:46.000000
1001472,1001098,2085R0202X,2009-04-28,2015-10-04,9,B-Term-Prov-Trigger_1266640.00,2017-01-12 18:01:56.678109,Provider Conversion,2013-03-28 03:57:46.000000
1001474,1001100,2085R0202X,2011-03-23,2015-10-04,6,B-Term-Prov-Trigger_1267817.00,2017-01-13 18:01:52.831742,Provider Conversion,2013-03-28 03:57:46.000000
1001477,1001103,2085R0202X,2010-04-06,2020-10-07,6,B-Term-Prov-Trigger_429633.00,2023-07-26 18:12:57.970284,Provider Conversion,2013-03-28 03:57:46.000000
1001481,1001105,367500000X,2012-10-29,2015-10-04,2,CR1906_SET_ENDDT_4OCT15,2015-06-25 08:44:43.881000,Provider Conversion,2013-03-28 03:57:46.000000
1001482,1001106,207Q00000X,2012-10-29,2016-01-15,6,B-Term-Prov-Trigger_1366057.00,2017-04-06 18:01:46.051502,Provider Conversion,2013-03-28 03:57:46.000000
1001483,1001107,207R00000X,2012-11-05,2014-01-22,8,B-Term-Prov-Trigger_717958.00,2015-10-02 18:01:35.531603,Provider Conversion,2013-03-28 03:57:46.000000
1001484,1001108,207RG0100X,2012-11-05,2020-09-28,5,B-Term-Prov-Trigger_3372705.00,2020-09-28 18:02:18.775364,Provider Conversion,2013-03-28 03:57:46.000000
1001485,1001109,207L00000X,2012-11-05,1999-12-31,7,DMOCK,2017-11-14 10:02:08.915000,Provider Conversion,2013-03-28 03:57:46.000000
1001487,1001111,207T00000X,2012-11-12,2018-06-30,10,B-Term-Prov-Trigger_2370188.00,2019-01-29 18:01:53.064825,Provider Conversion,2013-03-28 03:57:46.000000
1001490,1001112,208800000X,2012-07-27,2018-06-17,2,B-Term-Prov-Trigger_2370188.00,2019-01-29 18:01:53.064825,Provider Conversion,2013-03-28 03:57:46.000000
1001495,1001117,103T00000X,2012-11-12,2014-06-30,7,B-Term-Prov-Trigger_717958.00,2015-10-02 18:01:35.392029,Provider Conversion,2013-03-28 03:57:46.000000
1001496,1001118,2085R0202X,2012-07-25,2015-10-04,7,B-Term-Prov-Trigger_1265495.00,2017-01-11 18:01:56.411402,Provider Conversion,2013-03-28 03:57:46.000000
1001497,1001119,2085R0202X,2009-04-28,2015-10-04,3,B-Term-Prov-Trigger_1265495.00,2017-01-11 18:01:56.411402,Provider Conversion,2013-03-28 03:57:46.000000
1001502,1001123,2085R0202X,2011-09-28,2015-10-04,6,B-Term-Prov-Trigger_1265495.00,2017-01-11 18:01:56.411402,Provider Conversion,2013-03-28 03:57:46.000000
1001504,1001125,207W00000X,2012-11-14,1999-12-31,1,Provider Conversion,2014-03-20 07:20:18.094000,Provider Conversion,2013-03-28 03:57:46.000000
1001517,1001133,207RN0300X,2012-12-10,1999-12-31,5,JMLAGRO,2015-07-28 12:36:59.234000,Provider Conversion,2013-03-28 03:57:46.000000
1001521,1001136,207P00000X,2012-11-11,2017-02-11,11,B-Term-Prov-Trigger_1618378.00,2017-09-29 18:00:45.936263,Provider Conversion,2013-03-28 03:57:46.000000
1001526,1001138,208000000X,2012-07-13,1999-12-31,4,DMOCK,2017-11-21 09:00:25.513000,Provider Conversion,2013-03-28 03:57:46.000000
1001530,1001140,111N00000X,2012-10-23,2017-09-01,3,B-Term-Prov-Trigger_1962914.00,2018-05-15 18:00:52.897539,Provider Conversion,2013-03-28 03:57:46.000000
1001538,1001146,291U00000X,2006-11-02,1999-12-31,6,MMANYGUNS,2015-08-11 15:33:34.223000,Provider Conversion,2013-03-28 03:57:46.000000
1001542,1001148,367500000X,2012-11-05,1999-12-31,3,MMANYGUNS,2015-07-21 11:08:24.510000,Provider Conversion,2013-03-28 03:57:46.000000
1001550,1001153,207P00000X,2013-01-21,2023-12-12,2,B-Term-Prov-Trigger_633086.00,2023-12-12 20:48:43.239509,Provider Conversion,2013-03-28 03:57:46.000000
1001551,1001154,207P00000X,2013-01-21,2026-01-06,3,B-Term-Prov-Trigger_1721455.00,2026-01-06 18:01:04.806769,Provider Conversion,2013-03-28 03:57:46.000000
1001560,1001163,207P00000X,2013-01-21,2025-04-02,2,B-Term-Prov-Trigger_1318928.00,2025-04-02 18:02:14.252551,Provider Conversion,2013-03-28 03:57:46.000000
1001561,1001164,367500000X,2013-01-21,1999-12-31,2,MMANYGUNS,2015-04-08 13:30:55.601000,Provider Conversion,2013-03-28 03:57:46.000000
1001564,1001167,207Q00000X,2012-11-16,2025-06-05,20,B-Term-Prov-Trigger_1410413.00,2025-06-05 20:07:53.246953,Provider Conversion,2013-03-28 03:57:46.000000
1001565,1001168,2085R0202X,2012-12-27,1999-12-31,12,ESTHERSHAHPAR,2015-07-31 17:27:45.845000,Provider Conversion,2013-03-28 03:57:46.000000
1001568,1001171,207P00000X,2013-01-12,2025-03-25,4,B-Term-Prov-Trigger_1306971.00,2025-03-25 18:01:39.145782,Provider Conversion,2013-03-28 03:57:46.000000
1001574,1001174,207Q00000X,2012-12-23,2017-06-07,15,B-Term-Prov-Trigger_1890741.00,2018-03-29 18:00:51.210576,Provider Conversion,2013-03-28 03:57:46.000000
1001575,1001175,2085R0202X,2009-04-28,2015-10-04,9,B-Term-Prov-Trigger_1266640.00,2017-01-12 18:01:56.678109,Provider Conversion,2013-03-28 03:57:46.000000
1001583,1001177,207Q00000X,2012-12-01,1999-12-31,18,PJHEID,2015-11-10 16:20:58.394000,Provider Conversion,2013-03-28 03:57:46.000000
1001586,1001179,207Q00000X,2013-03-13,1999-12-31,3,MMANYGUNS,2015-06-26 12:49:45.207000,Provider Conversion,2013-03-28 03:57:46.000000
1001587,1001180,207Q00000X,2013-03-13,1999-12-31,4,CAROLREEVES,2015-06-29 14:13:06.414000,Provider Conversion,2013-03-28 03:57:46.000000
1001589,1001182,367500000X,2013-01-24,1999-12-31,3,USHASHA,2015-07-30 16:36:15.015000,Provider Conversion,2013-03-28 03:57:46.000000
1001593,1001185,207Q00000X,2013-03-13,1999-12-31,8,PJHEID,2015-07-06 13:01:59.560000,Provider Conversion,2013-03-28 03:57:46.000000
1001595,1001187,207Q00000X,2013-03-13,2017-09-10,6,B-Term-Prov-Trigger_1952195.00,2018-05-08 18:01:50.623988,Provider Conversion,2013-03-28 03:57:46.000000
1001596,1001188,207Q00000X,2013-03-13,1999-12-31,8,JWALTON,2021-08-11 08:38:56.133000,Provider Conversion,2013-03-28 03:57:46.000000
1001599,1001191,207Q00000X,2013-03-14,2016-02-14,6,B-Term-Prov-Trigger_951700.00,2016-04-19 18:01:30.405241,Provider Conversion,2013-03-28 03:57:46.000000
1001600,1001192,207Q00000X,2013-03-14,1999-12-31,4,MMANYGUNS,2015-08-14 13:50:32.826000,Provider Conversion,2013-03-28 03:57:46.000000
1001602,1001194,207Q00000X,2013-03-14,2024-05-31,6,B-Term-Prov-Trigger_1161392.00,2024-12-13 18:01:40.213834,Provider Conversion,2013-03-28 03:57:46.000000
1001604,1001196,208600000X,2013-03-14,2017-06-30,4,B-Term-Prov-Trigger_1725578.00,2017-12-08 18:02:03.676766,Provider Conversion,2013-03-28 03:57:46.000000
1001605,1001197,207Q00000X,2013-03-14,2016-02-11,5,B-Term-Prov-Trigger_948035.00,2016-04-16 18:00:21.847932,Provider Conversion,2013-03-28 03:57:46.000000
1001607,1001199,207Q00000X,2013-03-14,2015-06-30,4,B-Term-Prov-Trigger_803610.00,2015-12-14 18:00:47.406327,Provider Conversion,2013-03-28 03:57:46.000000
1001610,1001200,208000000X,2013-03-07,2013-10-02,2,B-Term-Prov-Trigger_1364902.00,2017-04-05 18:00:45.179847,Provider Conversion,2013-03-28 03:57:46.000000
1002969,1001353,1223G0001X,2011-04-25,2016-09-01,2,B-Term-Prov-Trigger_2451975.00,2019-03-22 18:00:52.427656,Provider Conversion,2013-03-28 03:57:46.000000
1002973,1001355,122300000X,2011-06-30,1999-12-31,4,LISACAMPBELL,2014-06-05 15:56:40.185000,Provider Conversion,2013-03-28 03:57:46.000000
1002975,1001356,1223G0001X,2007-01-02,2013-09-30,1,SHERSAYLER,2014-12-29 14:47:24.545000,Provider Conversion,2013-03-28 03:57:46.000000
1002987,1001362,122300000X,2013-10-01,2024-10-01,5,B-Term-Prov-Trigger_1056809.00,2024-10-01 18:01:52.508923,Provider Conversion,2013-03-28 03:57:46.000000
1002989,1001363,1223G0001X,2012-03-01,2018-09-06,2,B-Term-Prov-Trigger_2140306.00,2018-09-06 18:01:30.158395,Provider Conversion,2013-03-28 03:57:46.000000
1002990,1001364,122300000X,2012-05-17,1999-12-31,8,JASTONE,2019-05-31 10:23:14.778000,Provider Conversion,2013-03-28 03:57:46.000000
1003001,1001369,122300000X,2009-12-31,1999-12-31,3,MARERICKSON,2017-05-22 10:46:22.924000,Provider Conversion,2013-03-28 03:57:46.000000
1003003,1001371,261QD0000X,2012-09-10,1999-12-31,9,MLMOOS,2019-08-28 09:58:01.516000,Provider Conversion,2013-03-28 03:57:46.000000
1003006,1001374,122300000X,2012-10-01,2018-09-06,3,B-Term-Prov-Trigger_2140306.00,2018-09-06 18:01:30.158395,Provider Conversion,2013-03-28 03:57:46.000000
1003031,1001382,1223E0200X,2019-03-02,1999-12-31,8,AYARBROUGH,2019-07-31 10:18:55.087000,Provider Conversion,2013-03-28 03:57:46.000000
1003032,1001383,122300000X,1983-07-22,2022-09-02,5,B-Term-Prov-Trigger_1298644.00,2025-03-19 18:02:00.084429,Provider Conversion,2013-03-28 03:57:46.000000
1003041,1001388,122300000X,2010-11-01,2018-08-10,5,B-Term-Prov-Trigger_2362424.00,2019-01-24 18:00:56.490331,Provider Conversion,2013-03-28 03:57:46.000000
1003044,1001389,122300000X,2011-09-22,1999-12-31,1,Provider Conversion,2014-02-25 16:39:53.448000,Provider Conversion,2013-03-28 03:57:46.000000
1003046,1001390,122300000X,2011-04-07,2020-08-10,2,B-Term-Prov-Trigger_3290958.00,2020-08-10 18:02:53.859130,Provider Conversion,2013-03-28 03:57:46.000000
1003047,1001391,122300000X,2012-05-24,1999-12-31,4,PJHEID,2015-01-14 09:48:52.929000,Provider Conversion,2013-03-28 03:57:46.000000
1003048,1001392,261QD0000X,2011-01-21,2020-08-10,5,B-Term-Prov-Trigger_3290958.00,2020-08-10 18:02:53.859130,Provider Conversion,2013-03-28 03:57:46.000000
1003053,1001394,261QD0000X,2011-01-01,1999-12-31,7,MLMOOS,2019-11-18 18:01:54.671000,Provider Conversion,2013-03-28 03:57:46.000000
1003055,1001395,1223S0112X,2011-07-01,1999-12-31,2,MMANYGUNS,2015-07-24 15:54:10.725000,Provider Conversion,2013-03-28 03:57:46.000000
1003076,1001397,235Z00000X,2012-08-24,1999-12-31,4,MMANYGUNS,2015-07-20 16:38:19.523000,Provider Conversion,2013-03-28 03:57:46.000000
1003082,1001399,225X00000X,2012-08-03,2020-09-28,4,B-Term-Prov-Trigger_3372705.00,2020-09-28 18:02:18.775364,Provider Conversion,2013-03-28 03:57:46.000000
1003089,1001401,235Z00000X,2021-07-01,1999-12-31,4,JODYTAYLOR,2021-11-30 15:02:46.024000,Provider Conversion,2013-03-28 03:57:46.000000
1003092,1001402,235Z00000X,2010-07-16,2019-01-17,2,B-Term-Prov-Trigger_2394534.00,2019-02-14 18:00:54.447634,Provider Conversion,2013-03-28 03:57:46.000000
1003093,1001403,231H00000X,2010-08-31,1999-12-31,2,JMLAGRO,2015-06-29 15:01:11.278000,Provider Conversion,2013-03-28 03:57:46.000000
1003095,1001405,235Z00000X,2010-09-01,2017-05-25,4,B-Term-Prov-Trigger_1529964.00,2017-08-01 18:00:51.578666,Provider Conversion,2013-03-28 03:57:46.000000
1003103,1001408,235Z00000X,2010-09-01,1999-12-31,1,Provider Conversion,2014-02-25 15:53:45.727000,Provider Conversion,2013-03-28 03:57:46.000000
1003105,1001410,133V00000X,2010-10-08,2016-09-30,2,B-Term-Prov-Trigger_1956525.00,2018-05-11 18:01:57.253529,Provider Conversion,2013-03-28 03:57:46.000000
1003106,1001411,235Z00000X,2011-02-16,2017-12-07,4,B-Term-Prov-Trigger_2113905.00,2018-08-21 18:01:45.679998,Provider Conversion,2013-03-28 03:57:46.000000
1003113,1001414,225100000X,2011-09-14,2020-07-07,5,B-Term-Prov-Trigger_3233687.00,2020-07-07 18:01:43.196878,Provider Conversion,2013-03-28 03:57:46.000000
1003115,1001416,235Z00000X,2010-10-01,2016-06-28,7,B-Term-Prov-Trigger_2150058.00,2018-09-12 18:01:39.389491,Provider Conversion,2013-03-28 03:57:46.000000
1003117,1001417,133V00000X,2010-07-26,2013-09-30,0,Provider Conversion,2013-03-28 03:57:46.000000,Provider Conversion,2013-03-28 03:57:46.000000
1003119,1001419,235Z00000X,2010-09-01,2020-08-21,3,B-Term-Prov-Trigger_3308611.00,2020-08-21 18:02:56.653062,Provider Conversion,2013-03-28 03:57:46.000000
1001258,1000924,103T00000X,2012-08-13,2020-09-28,4,B-Term-Prov-Trigger_3372705.00,2020-09-28 18:02:18.775364,Provider Conversion,2013-03-28 03:57:46.000000
1001260,1000925,207K00000X,2012-07-16,2024-07-30,3,B-Term-Prov-Trigger_966539.00,2024-07-30 18:01:52.653866,Provider Conversion,2013-03-28 03:57:46.000000
1001261,1000927,207L00000X,2012-07-01,2013-09-30,0,Provider Conversion,2013-03-28 03:57:46.000000,Provider Conversion,2013-03-28 03:57:46.000000
1001262,1000928,207L00000X,2012-07-23,2016-02-05,5,B-Term-Prov-Trigger_2353279.00,2019-01-18 18:01:00.333590,Provider Conversion,2013-03-28 03:57:46.000000
1001263,1000929,207N00000X,2012-07-10,1999-12-31,5,DANIELLAESTRELLA,2015-06-22 09:05:42.689000,Provider Conversion,2013-03-28 03:57:46.000000
1001267,1000933,2085R0202X,1999-09-11,2025-02-04,4,B-Term-Prov-Trigger_1237284.00,2025-02-04 18:01:46.165594,Provider Conversion,2013-03-28 03:57:46.000000
1001268,1000934,2085R0202X,2012-07-30,1999-12-31,3,MMANYGUNS,2015-02-26 14:57:31.345000,Provider Conversion,2013-03-28 03:57:46.000000
1001272,1000938,207T00000X,2012-07-27,2019-07-23,3,B-Term-Prov-Trigger_2650962.00,2019-07-23 18:01:16.156229,Provider Conversion,2013-03-28 03:57:46.000000
1001279,1000941,2085R0202X,2012-09-06,2013-09-30,4,PJHEID,2015-04-13 12:56:23.263000,Provider Conversion,2013-03-28 03:57:46.000000
1001281,1000943,2084P0800X,2012-07-23,2018-06-06,8,B-Term-Prov-Trigger_1996673.00,2018-06-06 18:01:59.809301,Provider Conversion,2013-03-28 03:57:46.000000
1001283,1000944,207Q00000X,2012-07-30,2019-11-21,9,MLMOOS,2019-11-21 14:39:45.194000,Provider Conversion,2013-03-28 03:57:46.000000
1001285,1000946,207Y00000X,2012-08-01,1999-12-31,1,Provider Conversion,2014-01-28 14:04:40.310000,Provider Conversion,2013-03-28 03:57:46.000000
1001286,1000947,207P00000X,2012-07-25,1999-12-31,1,Provider Conversion,2015-07-29 13:03:38.137000,Provider Conversion,2013-03-28 03:57:46.000000
1001292,1000949,2086S0129X,2012-08-01,1999-12-31,7,JMLAGRO,2015-03-06 14:29:43.201000,Provider Conversion,2013-03-28 03:57:46.000000
1001299,1000954,207L00000X,2012-07-31,1999-12-31,3,DMOCK,2016-04-16 09:20:48.995000,Provider Conversion,2013-03-28 03:57:46.000000
1001302,1000956,207L00000X,2012-07-01,1999-12-31,5,MLMOOS,2019-04-02 15:14:06.192000,Provider Conversion,2013-03-28 03:57:46.000000
1001303,1000957,291U00000X,2012-10-01,2015-10-04,1,CR1906_SET_ENDDT_4OCT15,2014-10-29 12:19:19.528000,Provider Conversion,2013-03-28 03:57:46.000000
1001305,1000959,208600000X,2012-09-26,1999-12-31,3,JMLAGRO,2015-07-27 13:22:25.447000,Provider Conversion,2013-03-28 03:57:46.000000
1001310,1000964,207V00000X,2012-08-20,1999-12-31,4,DANIELLAESTRELLA,2015-06-19 10:56:20.140000,Provider Conversion,2013-03-28 03:57:46.000000
1001311,1000965,207X00000X,2012-08-20,1999-12-31,5,MCMOOS,2021-12-03 11:51:39.531000,Provider Conversion,2013-03-28 03:57:46.000000
1001314,1000968,207T00000X,2012-08-09,2012-11-09,5,B-Term-Prov-Trigger_717958.00,2015-10-02 18:01:35.392029,Provider Conversion,2013-03-28 03:57:46.000000
1001316,1000970,207RC0000X,2012-08-01,2020-06-15,3,B-Term-Prov-Trigger_3195610.00,2020-06-15 18:02:48.993448,Provider Conversion,2013-03-28 03:57:46.000000
1001319,1000971,207P00000X,2012-08-23,1999-12-31,4,JMLAGRO,2015-07-06 14:37:48.231000,Provider Conversion,2013-03-28 03:57:46.000000
1001320,1000972,207R00000X,2012-08-20,2024-02-09,4,B-Term-Prov-Trigger_722681.00,2024-02-12 18:02:14.307429,Provider Conversion,2013-03-28 03:57:46.000000
