p_sys_id,p_do_not_dsply_cd,l_hibernate_ver_num,g_aud_user_id,g_aud_ts,g_aud_add_user_id,g_aud_add_ts
1276761,0,27,JMLAGRO,2015-02-03 15:37:26.159000,guestUser,2013-04-04 15:53:02.667000
1276765,0,20,PJHEID,2014-02-28 13:46:42.109000,guestUser,2013-04-09 10:11:45.431000
1276767,0,134,SHERSAYLER,2015-02-09 14:31:32.437000,guestUser,2013-04-09 10:30:24.149000
1276772,0,24,JMLAGRO,2013-12-27 08:41:26.061000,guestUser,2013-04-09 12:14:54.547000
1276774,0,27,JMLAGRO,2013-10-01 09:16:38.802000,guestUser,2013-04-09 13:12:52.875000
1276782,0,10,NMAIER,2013-04-10 09:09:22.688000,guestUser,2013-04-10 08:41:22.352000
1181390,0,4,SMCNEIL,2015-08-17 12:13:49.321000,NMAIER,2013-04-10 09:13:31.364000
1276787,0,19,KRBACKMAN,2013-12-05 09:18:48.400000,guestUser,2013-04-10 10:00:49.714000
1276788,0,26,JMLAGRO,2013-10-04 10:26:03.576000,guestUser,2013-04-10 09:59:59.073000
1276796,0,23,BRENDAPEREZESCOB,2015-03-11 09:56:33.126000,guestUser,2013-04-10 11:24:07.125000
1276797,0,25,NMAIER,2013-04-10 15:04:30.027000,guestUser,2013-04-10 13:27:35.457000
1276798,0,26,NMAIER,2013-04-10 14:46:33.905000,guestUser,2013-04-10 13:42:08.858000
1180394,0,0,NMAIER,2013-04-10 14:52:42.240000,NMAIER,2013-04-10 14:52:42.240000
1173037,0,0,NMAIER,2013-04-10 15:05:34.261000,NMAIER,2013-04-10 15:05:34.261000
1276799,0,48,PJHEID,2013-08-06 09:44:17.225000,guestUser,2013-04-10 15:10:57.910000
1172249,0,3,TWOLF,2015-08-07 19:01:32.744000,NMAIER,2013-04-10 15:12:30.061000
1276800,0,14,PJHEID,2014-05-12 14:29:24.244000,guestUser,2013-04-10 15:16:10.008000
1276802,0,14,JMLAGRO,2014-04-21 10:06:39.123000,guestUser,2013-04-10 16:11:01.492000
1276804,1,10,DMOCK,2014-07-24 14:22:03.096000,guestUser,2013-04-10 16:31:06.132000
1276808,0,17,NMAIER,2015-06-16 11:29:36.232000,guestUser,2013-04-11 11:23:59.494000
1276817,0,9,JMLAGRO,2014-08-08 08:22:49.515000,guestUser,2013-04-11 15:42:04.672000
1276819,0,26,PJHEID,2015-03-09 12:45:23.119000,guestUser,2013-04-11 21:01:55.983000
1276820,0,13,KRBACKMAN,2013-04-12 09:59:01.510000,guestUser,2013-04-12 09:40:07.255000
1174624,0,1,LBARKER,2014-12-22 15:14:18.758000,KRBACKMAN,2013-04-12 10:01:46.571000
1276838,0,20,PJHEID,2014-03-20 14:54:17.250000,guestUser,2013-04-16 10:02:45.671000
1276842,0,10,JMLAGRO,2014-01-14 11:28:58.407000,guestUser,2013-04-16 11:55:41.706000
1276854,1,9,DMOCK,2014-07-24 14:29:37.599000,guestUser,2013-04-17 09:12:21.375000
1276867,0,32,JMLAGRO,2013-10-10 14:47:15.149000,guestUser,2013-04-17 15:18:10.890000
1276873,0,34,CAROLREEVES,2015-07-17 09:14:35.244000,guestUser,2013-04-18 09:38:00.587000
1276876,0,24,JMLAGRO,2013-09-25 14:47:14.483000,guestUser,2013-04-18 11:06:34.432000
1276882,0,11,JMLAGRO,2013-10-11 09:51:41.645000,guestUser,2013-04-18 13:41:08.445000
1276885,0,17,JMLAGRO,2014-01-17 09:47:03.850000,guestUser,2013-04-18 14:20:20.575000
1276892,0,20,JMLAGRO,2014-01-17 09:58:25.694000,guestUser,2013-04-18 15:32:04.341000
1276914,0,30,JMLAGRO,2014-04-16 09:35:48.651000,guestUser,2013-04-19 14:01:31.452000
1276915,0,3,JMLAGRO,2014-02-04 10:28:19.165000,guestUser,2013-04-19 14:11:45.535000
1276917,0,11,JMLAGRO,2014-01-13 10:48:06.266000,guestUser,2013-04-19 14:28:26.715000
1276920,0,16,guestUser,2013-04-19 14:50:32.158000,guestUser,2013-04-19 14:46:01.578000
1276922,0,19,guestUser,2013-04-19 14:55:44.688000,guestUser,2013-04-19 14:50:51.122000
1276924,0,13,guestUser,2013-04-19 15:06:27.001000,guestUser,2013-04-19 14:59:13.766000
1276925,0,19,guestUser,2013-04-19 15:12:12.617000,guestUser,2013-04-19 15:05:45.625000
1276927,0,15,PJHEID,2014-01-22 21:45:56.242000,guestUser,2013-04-19 16:01:40.815000
1276928,0,20,PJHEID,2014-01-22 21:44:59.968000,guestUser,2013-04-19 16:07:54.230000
1276940,0,21,PJHEID,2014-04-03 16:02:23.351000,guestUser,2013-04-22 15:05:25.162000
1276945,0,25,PJHEID,2014-03-12 23:00:08.894000,guestUser,2013-04-23 10:29:14.565000
1276946,0,7,JMLAGRO,2013-12-03 13:30:35.896000,guestUser,2013-04-23 10:33:44.619000
1276947,0,10,guestUser,2013-04-23 10:43:57.691000,guestUser,2013-04-23 10:39:15.405000
1276949,0,15,guestUser,2013-04-23 10:51:03.508000,guestUser,2013-04-23 10:44:12.005000
1276952,0,4,guestUser,2013-11-13 12:34:58.422000,guestUser,2013-04-23 11:04:44.790000
1276971,1,4,DMOCK,2014-07-24 15:07:43.362000,guestUser,2013-04-23 12:03:00.386000
1276978,0,22,PJHEID,2014-02-02 23:51:42.435000,guestUser,2013-04-23 14:19:59.716000
1276998,0,22,JMLAGRO,2015-02-13 12:33:03.276000,guestUser,2013-04-24 11:33:33.462000
1277003,0,12,KWOODALL,2014-04-01 10:46:48.363000,guestUser,2013-04-24 13:53:34.823000
1277004,0,15,KWOODALL,2014-04-01 10:47:12.840000,guestUser,2013-04-24 14:05:22.976000
1277008,0,15,JMLAGRO,2013-10-11 15:21:55.421000,guestUser,2013-04-24 14:39:50.809000
1277010,0,9,JMLAGRO,2014-03-05 13:31:26.114000,guestUser,2013-04-24 15:20:01.228000
1277011,0,16,JMLAGRO,2014-02-14 08:07:51.062000,guestUser,2013-04-24 21:08:50.041000
1277013,0,17,MMANYGUNS,2015-05-19 14:38:00.419000,guestUser,2013-04-25 10:18:25.429000
1277022,0,43,JMLAGRO,2013-10-15 15:45:25.479000,guestUser,2013-04-25 13:04:52.568000
1277038,0,37,JMLAGRO,2013-10-21 15:30:05.799000,guestUser,2013-04-25 15:22:29.097000
1277042,1,7,DMOCK,2014-07-24 15:16:26.345000,guestUser,2013-04-26 09:44:58.337000
1277043,0,28,JMLAGRO,2013-10-21 15:16:50.817000,guestUser,2013-04-26 10:18:40.018000
1277045,0,19,JMLAGRO,2013-10-21 15:03:25.319000,guestUser,2013-04-26 10:45:14.044000
1277048,0,24,JMLAGRO,2013-10-21 15:00:01.239000,guestUser,2013-04-26 11:10:18.608000
1277049,0,15,JMLAGRO,2013-10-15 14:29:28.000000,guestUser,2013-04-26 11:40:15.444000
1277053,0,19,PJHEID,2013-10-16 12:01:26.651000,guestUser,2013-04-26 12:42:28.027000
1277055,0,27,PJHEID,2013-10-22 16:38:14.940000,guestUser,2013-04-26 13:23:40.784000
1277060,0,23,PJHEID,2013-10-21 10:08:05.150000,guestUser,2013-04-26 14:07:43.970000
1277070,0,17,JMLAGRO,2013-10-25 15:44:51.811000,guestUser,2013-04-29 09:15:23.067000
1277071,0,32,CKRAFT,2014-03-25 07:08:45.085000,guestUser,2013-04-29 09:40:32.805000
1277090,0,15,JMLAGRO,2013-08-09 09:27:20.818000,guestUser,2013-04-30 10:20:20.453000
1277097,0,36,ZOEASANDY,2014-01-13 15:42:37.585000,guestUser,2013-04-30 11:22:06.676000
1277100,0,27,PJHEID,2015-04-24 08:19:07.008000,guestUser,2013-04-30 11:51:21.278000
1277102,1,10,JOYSPEZIALE,2014-08-12 18:54:00.998000,guestUser,2013-04-30 12:45:35.172000
1277107,0,33,PJHEID,2013-10-21 10:09:34.512000,guestUser,2013-04-30 14:14:57.116000
1277109,0,54,LISACAMPBELL,2014-01-24 10:58:15.375000,guestUser,2013-04-30 14:41:25.004000
1277117,0,4,ZOEASANDY,2014-02-14 10:41:10.083000,guestUser,2013-05-01 10:08:30.229000
1277131,0,19,JMLAGRO,2014-04-16 11:32:56.238000,guestUser,2013-05-01 12:34:17.179000
1277134,0,14,JMLAGRO,2013-10-22 07:57:53.852000,guestUser,2013-05-01 12:46:16.126000
1277135,0,12,JMLAGRO,2013-11-15 12:38:37.204000,guestUser,2013-05-01 13:07:25.163000
1277136,0,16,PJHEID,2013-11-06 08:23:48.798000,guestUser,2013-05-01 13:12:51.540000
1277141,0,19,JOYSPEZIALE,2014-01-17 11:45:35.051000,guestUser,2013-05-01 14:28:25.103000
1277161,0,32,JUDITHSZEGEDI,2014-01-27 14:08:39.077000,guestUser,2013-05-02 08:26:00.830000
1277167,0,19,JOYSPEZIALE,2014-03-05 11:37:26.600000,guestUser,2013-05-02 09:12:50.826000
1277204,0,18,LISACAMPBELL,2014-01-31 10:06:54.941000,guestUser,2013-05-02 14:10:46.909000
1277205,0,20,ZOEASANDY,2014-02-03 10:45:16.199000,guestUser,2013-05-02 14:22:28.419000
1277218,0,20,JOYSPEZIALE,2014-01-24 16:16:32.475000,guestUser,2013-05-02 16:06:37.761000
1277219,0,9,JOYSPEZIALE,2014-05-08 13:21:25.257000,guestUser,2013-05-02 16:08:34.579000
1277220,0,23,ZOEASANDY,2014-01-30 15:48:17.674000,guestUser,2013-05-02 16:20:04.947000
1277222,0,25,JMLAGRO,2014-01-09 08:56:09.387000,guestUser,2013-05-03 08:37:10.139000
1277227,0,27,JMLAGRO,2014-01-09 08:35:10.747000,guestUser,2013-05-03 10:48:34.599000
1277234,0,7,SHERSAYLER,2014-04-09 17:37:36.521000,guestUser,2013-05-03 12:52:35.416000
1277237,0,13,ZULEIMARUIZ,2015-07-17 10:09:59.364000,guestUser,2013-05-03 13:42:23.436000
1277238,1,3,PAULASOLL,2014-08-20 12:16:30.066000,guestUser,2013-05-03 13:42:35.101000
1277240,0,6,PJHEID,2014-03-12 23:22:02.777000,guestUser,2013-05-03 14:02:51.462000
1277242,0,21,JMLAGRO,2015-06-25 15:24:43.300000,guestUser,2013-05-04 00:31:48.357000
1277245,0,15,JMLAGRO,2013-11-04 13:51:35.628000,guestUser,2013-05-06 08:28:27.366000
1277248,0,24,JMLAGRO,2015-07-02 10:29:51.485000,guestUser,2013-05-06 08:51:33.563000
1277249,0,13,guestUser,2013-05-06 09:19:26.393000,guestUser,2013-05-06 09:13:43.132000
1277256,0,18,PJHEID,2013-11-30 14:37:18.798000,guestUser,2013-05-06 09:55:56.633000
1277260,0,19,JOYSPEZIALE,2014-01-27 16:45:22.710000,guestUser,2013-05-06 10:16:54.099000
1277261,0,12,guestUser,2014-07-30 13:26:04.459000,guestUser,2013-05-06 10:21:12.453000
1277264,0,19,JOYSPEZIALE,2014-03-06 15:39:44.294000,guestUser,2013-05-06 10:40:38.890000
1277272,0,25,JOYSPEZIALE,2014-03-05 12:35:24.206000,guestUser,2013-05-06 11:33:56.692000
1277274,0,17,ZOEASANDY,2014-02-05 15:14:59.014000,guestUser,2013-05-06 11:52:12.089000
1277281,0,14,SHERSAYLER,2014-04-17 10:35:03.345000,guestUser,2013-05-06 12:21:42.174000
1277284,0,17,USHASHA,2015-06-26 17:19:27.100000,guestUser,2013-05-06 12:43:45.658000
1277285,0,19,ZOEASANDY,2014-01-24 15:32:26.905000,guestUser,2013-05-06 12:45:41.943000
1277288,0,22,JOYSPEZIALE,2014-01-27 15:57:33.411000,guestUser,2013-05-06 12:56:11.735000
1277289,0,24,JMLAGRO,2015-07-02 10:31:18.055000,guestUser,2013-05-06 13:02:17.206000
1277294,0,14,PJHEID,2013-11-04 15:09:49.429000,guestUser,2013-05-06 13:12:32.484000
1277295,0,13,PJHEID,2013-11-04 15:11:30.028000,guestUser,2013-05-06 13:20:09.546000
1277296,0,16,PJHEID,2013-11-04 15:11:52.958000,guestUser,2013-05-06 13:24:19.152000
1277297,0,19,PJHEID,2013-11-04 15:12:11.795000,guestUser,2013-05-06 13:27:52.870000
1277299,0,20,LISACAMPBELL,2014-01-24 11:34:23.878000,guestUser,2013-05-06 14:18:53.195000
1277303,0,20,LISACAMPBELL,2014-01-24 11:54:27.024000,guestUser,2013-05-06 14:41:58.926000
1277304,0,48,JUDITHSZEGEDI,2014-01-27 13:51:03.516000,guestUser,2013-05-06 14:49:07.304000
1277306,0,27,JUDITHSZEGEDI,2014-01-27 14:06:11.732000,guestUser,2013-05-06 14:59:47.311000
1277309,0,21,PJHEID,2013-12-24 10:19:37.877000,guestUser,2013-05-06 15:41:00.075000
1277315,0,20,PJHEID,2013-11-05 15:34:33.093000,guestUser,2013-05-07 08:41:50.250000
1277317,0,23,PJHEID,2013-11-05 15:33:26.807000,guestUser,2013-05-07 08:49:04.756000
1276763,0,96,TBRABANDT,2013-12-03 07:24:33.608000,guestUser,2013-04-05 12:22:16.196000
1276775,0,33,JMLAGRO,2013-10-04 10:18:40.628000,guestUser,2013-04-09 13:49:37.199000
1276776,0,28,JMLAGRO,2013-10-01 08:33:51.595000,guestUser,2013-04-09 14:33:05.730000
1276783,1,12,DMOCK,2014-07-24 14:20:53.225000,guestUser,2013-04-10 09:02:26.246000
1276806,0,20,KWOODALL,2014-04-15 09:16:14.518000,guestUser,2013-04-11 09:13:35.460000
1276811,0,11,MMANYGUNS,2015-02-03 20:27:19.474000,guestUser,2013-04-11 12:55:44.373000
1276812,0,8,JMLAGRO,2013-09-25 11:14:47.885000,guestUser,2013-04-11 13:35:30.470000
1177532,0,1,NMAIER,2015-05-11 13:55:02.979000,KRBACKMAN,2013-04-12 11:04:45.280000
1276850,1,10,LISACAMPBELL,2014-05-28 10:56:06.382000,guestUser,2013-04-16 15:00:45.565000
1276889,0,5,JMLAGRO,2014-01-17 09:59:36.363000,guestUser,2013-04-18 15:15:14.754000
1276891,0,7,JMLAGRO,2014-01-17 09:53:33.458000,guestUser,2013-04-18 15:23:26.534000
1276900,0,9,guestUser,2013-04-19 10:54:25.537000,guestUser,2013-04-19 10:34:32.197000
1276902,0,12,guestUser,2013-04-19 11:01:08.789000,guestUser,2013-04-19 10:55:38.684000
1276903,0,15,guestUser,2013-04-19 11:09:31.943000,guestUser,2013-04-19 11:02:19.301000
1276905,0,18,guestUser,2013-04-19 11:15:43.587000,guestUser,2013-04-19 11:09:45.798000
1276908,0,7,DMOCK,2014-07-24 14:37:20.035000,guestUser,2013-04-19 11:54:08.526000
1276909,0,12,JMLAGRO,2014-04-16 09:42:18.191000,guestUser,2013-04-19 13:38:07.806000
1276912,0,27,JMLAGRO,2015-01-21 06:49:23.180000,guestUser,2013-04-19 13:54:00.934000
1276918,0,17,JMLAGRO,2014-03-28 15:41:25.440000,guestUser,2013-04-19 14:34:15.455000
1276919,0,13,guestUser,2013-04-19 14:46:42.263000,guestUser,2013-04-19 14:41:42.078000
1276943,1,3,DMOCK,2014-06-25 15:09:28.888000,guestUser,2013-04-23 10:18:02.381000
1276944,0,17,JMLAGRO,2013-10-15 14:43:23.745000,guestUser,2013-04-23 10:20:54.897000
1276950,0,8,guestUser,2014-07-24 14:39:57.314000,guestUser,2013-04-23 10:59:50.925000
1276953,0,6,guestUser,2013-11-13 12:34:15.006000,guestUser,2013-04-23 11:13:22.786000
1276969,1,6,DMOCK,2014-07-24 15:02:44.240000,guestUser,2013-04-23 12:00:58.593000
1276970,1,4,DMOCK,2014-07-24 15:06:35.384000,guestUser,2013-04-23 12:01:54.791000
1277050,0,37,PJHEID,2015-03-04 15:00:02.564000,guestUser,2013-04-26 11:59:23.242000
1277057,0,32,PJHEID,2013-10-21 10:53:40.467000,guestUser,2013-04-26 13:31:22.791000
1277058,1,7,JMLAGRO,2014-08-08 09:06:44.501000,guestUser,2013-04-26 13:35:33.236000
1277059,0,26,PJHEID,2013-10-21 09:42:46.916000,guestUser,2013-04-26 13:49:44.856000
1277061,0,23,PJHEID,2013-10-23 10:15:13.148000,guestUser,2013-04-26 14:25:43.632000
1277064,0,17,JMLAGRO,2013-10-25 13:59:28.734000,guestUser,2013-04-26 15:00:57.806000
1277068,0,22,PJHEID,2013-10-23 10:35:13.528000,guestUser,2013-04-29 08:31:03.847000
1277072,0,18,PJHEID,2013-10-23 10:49:53.660000,guestUser,2013-04-29 10:25:09.077000
1277083,0,3,KWOODALL,2014-02-14 13:48:59.279000,guestUser,2013-04-29 15:52:47.506000
1277091,0,37,GUESTUSER,2014-10-29 07:57:16.037000,guestUser,2013-04-30 10:30:26.539000
1277092,0,5,PJHEID,2014-04-08 12:47:31.981000,guestUser,2013-04-30 10:31:44.441000
1277093,0,8,guestUser,2013-04-30 10:36:09.649000,guestUser,2013-04-30 10:35:25.663000
1277106,0,19,JOYSPEZIALE,2014-01-24 12:39:48.351000,guestUser,2013-04-30 13:56:18.177000
1277132,0,22,JMLAGRO,2014-04-16 11:31:59.129000,guestUser,2013-05-01 12:40:09.948000
1277133,0,26,JMLAGRO,2014-04-16 11:31:03.052000,guestUser,2013-05-01 12:44:23.765000
1277137,0,4,ZOEASANDY,2014-02-14 12:03:27.386000,guestUser,2013-05-01 13:19:57.843000
1277138,0,9,PJHEID,2013-11-30 16:23:56.916000,guestUser,2013-05-01 13:31:01.702000
1277139,0,26,PJHEID,2015-08-20 13:03:39.531000,guestUser,2013-05-01 13:49:21.405000
1277143,0,13,PAULASOLL,2014-08-19 12:50:54.939000,guestUser,2013-05-01 14:57:51.075000
1277146,0,37,PJHEID,2015-03-04 16:57:49.890000,guestUser,2013-05-01 15:46:56.986000
1277147,0,22,LISACAMPBELL,2014-02-14 13:13:09.381000,guestUser,2013-05-01 15:52:30.913000
1277173,0,41,PAULASOLL,2014-01-27 12:40:46.400000,guestUser,2013-05-02 10:03:22.090000
1277175,0,19,JOYSPEZIALE,2014-01-24 18:33:14.724000,guestUser,2013-05-02 10:18:36.588000
1277181,0,23,LISACAMPBELL,2014-01-24 11:14:33.188000,guestUser,2013-05-02 11:00:40.997000
1277182,0,14,PJHEID,2014-06-20 17:00:34.470000,guestUser,2013-05-02 11:10:31.550000
1277183,0,10,guestUser,2013-05-02 11:23:58.261000,guestUser,2013-05-02 11:10:15.067000
1277184,0,9,PJHEID,2014-06-20 17:32:29.517000,guestUser,2013-05-02 11:18:37.913000
1277236,0,10,SHERSAYLER,2014-04-09 17:03:39.739000,guestUser,2013-05-03 13:33:36.995000
1277258,0,21,PJHEID,2013-11-30 14:36:14.651000,guestUser,2013-05-06 09:55:51.790000
1277302,0,16,JUDITHSZEGEDI,2014-03-18 16:20:20.759000,guestUser,2013-05-06 14:37:27.825000
1277312,0,16,PJHEID,2013-11-05 15:33:42.296000,guestUser,2013-05-07 07:43:53.689000
1277325,0,21,PJHEID,2013-11-07 17:15:27.634000,guestUser,2013-05-07 09:50:49.377000
1277668,0,28,JMLAGRO,2014-04-16 11:53:47.011000,guestUser,2013-05-20 09:24:08.275000
1277759,0,16,JMLAGRO,2014-02-20 15:47:59.549000,guestUser,2013-05-23 13:24:53.046000
1277938,0,24,LISACAMPBELL,2014-02-07 15:02:30.027000,guestUser,2013-06-06 13:12:39.183000
1277949,0,22,JMLAGRO,2015-01-21 10:57:19.209000,guestUser,2013-06-07 07:11:46.113000
1278150,0,14,JOYSPEZIALE,2014-04-15 16:28:18.320000,guestUser,2013-06-24 00:39:10.856000
1278152,0,10,PAULASOLL,2014-04-21 15:49:11.645000,guestUser,2013-06-24 08:59:44.431000
1278166,0,24,PJHEID,2015-03-05 07:51:48.172000,guestUser,2013-06-24 14:00:41.651000
1278195,0,19,JMLAGRO,2014-01-10 12:24:38.101000,guestUser,2013-06-25 12:42:27.036000
1278198,0,26,ZOEASANDY,2014-04-09 13:54:17.684000,guestUser,2013-06-25 14:11:28.371000
1278220,0,24,LISACAMPBELL,2014-06-11 15:35:11.532000,guestUser,2013-06-26 15:17:13.102000
1278222,0,21,ZOEASANDY,2014-04-09 14:36:10.925000,guestUser,2013-06-26 16:03:17.947000
1278229,0,18,KARCHARVAT,2014-06-04 19:15:57.659000,guestUser,2013-06-27 10:23:12.646000
1278230,0,19,JMLAGRO,2014-05-08 10:43:58.000000,guestUser,2013-06-27 10:28:43.691000
1278238,0,25,PJHEID,2014-04-26 12:05:24.111000,guestUser,2013-06-27 13:57:41.899000
1278259,0,4,guestUser,2014-07-30 11:17:58.025000,guestUser,2013-06-28 15:44:06.856000
1278261,0,19,JMLAGRO,2015-05-08 15:27:55.997000,guestUser,2013-06-28 16:03:55.775000
1278262,0,27,JOYSPEZIALE,2014-04-08 13:25:43.445000,guestUser,2013-06-28 16:11:45.504000
1278274,1,13,KARINARUIZ,2014-06-17 10:59:06.155000,guestUser,2013-07-01 12:50:26.763000
1278277,0,9,guestUser,2014-05-09 08:48:03.010000,guestUser,2013-07-01 13:56:31.785000
1278288,0,3,guestUser,2014-07-30 11:03:20.356000,guestUser,2013-07-02 15:39:29.005000
1278289,0,10,guestUser,2014-07-30 10:58:46.852000,guestUser,2013-07-02 15:53:32.829000
1278293,0,20,PAULASOLL,2014-04-22 12:29:53.858000,guestUser,2013-07-03 09:50:42.348000
1278294,0,15,PJHEID,2014-05-06 11:26:16.838000,guestUser,2013-07-03 09:57:13.541000
1278301,0,19,LISACAMPBELL,2014-04-07 12:20:47.040000,guestUser,2013-07-03 12:03:38.308000
1278302,0,18,LISACAMPBELL,2014-04-11 10:20:44.830000,guestUser,2013-07-03 12:23:29.281000
1278313,0,26,JMLAGRO,2015-04-20 11:12:58.676000,guestUser,2013-07-03 15:17:11.788000
1278316,0,31,NEERUSHARMA,2015-06-08 12:38:38.821000,guestUser,2013-07-03 17:05:20.133000
1278321,0,31,MAURICIOPENERAND,2015-07-30 15:07:56.230000,guestUser,2013-07-05 10:11:31.195000
1278329,0,17,JMLAGRO,2015-07-07 10:05:08.513000,guestUser,2013-07-07 18:29:59.398000
1278398,0,26,JMLAGRO,2014-05-07 09:17:07.220000,guestUser,2013-07-09 12:30:44.896000
1278400,0,29,JMLAGRO,2015-08-13 14:36:34.538000,guestUser,2013-07-09 13:03:52.480000
1278403,0,32,JMLAGRO,2015-08-14 07:17:52.669000,guestUser,2013-07-09 13:12:46.294000
1278404,0,20,JMLAGRO,2014-02-27 08:53:54.196000,guestUser,2013-07-09 13:15:34.514000
1278405,0,14,JMLAGRO,2013-12-27 12:07:02.232000,guestUser,2013-07-09 13:16:07.741000
1278416,0,31,JMLAGRO,2015-08-13 14:44:29.515000,guestUser,2013-07-09 15:18:59.357000
1278430,0,22,LISACAMPBELL,2014-07-08 14:46:26.007000,guestUser,2013-07-10 10:44:00.099000
1278444,0,13,ZULEIMARUIZ,2014-05-27 10:29:33.748000,guestUser,2013-07-10 11:44:22.352000
1278472,0,23,PAULASOLL,2014-02-18 13:09:16.098000,guestUser,2013-07-11 09:13:40.054000
1278474,0,18,KARCHARVAT,2014-06-04 20:37:51.759000,guestUser,2013-07-11 10:08:01.974000
1278478,0,24,PAULASOLL,2014-04-16 12:54:12.628000,guestUser,2013-07-11 11:11:34.736000
1278483,0,39,PJHEID,2013-10-29 09:45:30.723000,guestUser,2013-07-11 11:59:28.061000
1278485,0,20,PJHEID,2013-09-24 10:01:09.864000,guestUser,2013-07-11 12:42:38.549000
1278489,0,27,PAULASOLL,2014-04-16 14:48:47.742000,guestUser,2013-07-11 13:39:47.514000
1278490,1,11,JMLAGRO,2014-08-08 11:16:58.196000,guestUser,2013-07-11 13:49:40.606000
1278494,0,34,JOYSPEZIALE,2014-03-24 16:48:06.316000,guestUser,2013-07-11 14:44:53.862000
1278495,0,20,JMLAGRO,2014-01-09 11:12:12.597000,guestUser,2013-07-11 14:52:56.180000
1278499,0,12,PJHEID,2014-07-10 22:15:52.963000,guestUser,2013-07-11 15:14:25.421000
1278519,0,19,JUDITHSZEGEDI,2014-03-06 13:42:56.485000,guestUser,2013-07-12 11:37:26.831000
1278550,0,12,JMLAGRO,2014-08-07 10:35:31.654000,guestUser,2013-07-15 15:07:29.665000
1278551,0,13,JMLAGRO,2013-12-03 06:42:20.262000,guestUser,2013-07-15 15:13:34.522000
1278555,0,27,JMLAGRO,2015-01-30 14:50:09.589000,guestUser,2013-07-15 17:14:01.670000
1278556,0,25,MMANYGUNS,2015-07-01 15:47:51.564000,guestUser,2013-07-15 17:29:55.091000
1278561,0,21,JUDITHSZEGEDI,2014-02-24 11:47:58.041000,guestUser,2013-07-16 09:26:34.346000
1278564,0,16,JMLAGRO,2015-02-03 14:33:44.978000,guestUser,2013-07-16 10:43:03.065000
1278571,0,27,JMLAGRO,2015-07-06 11:28:08.510000,guestUser,2013-07-16 12:50:08.545000
1278648,0,21,ZOEASANDY,2014-04-11 15:16:49.066000,guestUser,2013-07-22 09:35:55.471000
1278649,0,25,MMANYGUNS,2015-03-30 16:41:23.184000,guestUser,2013-07-22 09:59:31.423000
1278961,0,14,ZOEASANDY,2014-03-18 11:32:56.320000,guestUser,2013-07-29 12:18:16.353000
1279221,0,9,PAULASOLL,2014-04-24 11:54:38.902000,guestUser,2013-08-07 10:09:28.449000
1279224,0,12,JOYSPEZIALE,2014-03-25 15:23:52.878000,guestUser,2013-08-07 10:28:22.298000
1279440,0,20,JMLAGRO,2015-04-20 10:38:09.093000,guestUser,2013-08-12 11:39:21.216000
1279474,0,18,JMLAGRO,2014-05-13 15:09:07.261000,guestUser,2013-08-13 15:00:31.282000
1280836,0,18,JOYSPEZIALE,2014-03-01 16:10:23.841000,guestUser,2013-10-29 09:32:42.526000
1276758,0,29,JMLAGRO,2015-01-30 14:55:56.898000,guestUser,2013-04-03 09:19:38.483000
1276759,0,79,JMLAGRO,2015-07-29 13:31:13.645000,guestUser,2013-04-03 09:54:01.798000
1276778,0,27,JMLAGRO,2014-04-15 12:52:35.046000,guestUser,2013-04-09 15:01:51.791000
1276807,0,40,JMLAGRO,2013-10-04 07:57:00.258000,guestUser,2013-04-11 10:35:03.297000
1276822,0,21,JMLAGRO,2014-04-07 22:47:32.132000,guestUser,2013-04-12 10:20:28.213000
1276823,0,11,KRBACKMAN,2013-04-12 10:54:57.340000,guestUser,2013-04-12 10:35:00.318000
1276848,0,13,guestUser,2014-01-28 16:35:31.348000,guestUser,2013-04-16 14:42:00.354000
1276849,0,13,JMLAGRO,2014-06-13 06:32:38.558000,guestUser,2013-04-16 14:42:37.258000
1276855,0,21,JMLAGRO,2014-03-20 08:28:44.285000,guestUser,2013-04-17 09:22:04.559000
1276865,1,16,JMLAGRO,2014-04-29 06:55:37.637000,guestUser,2013-04-17 15:00:09.738000
1276911,0,15,JMLAGRO,2014-04-16 09:41:28.317000,guestUser,2013-04-19 13:49:59.843000
1276913,0,18,JMLAGRO,2014-04-16 09:43:07.087000,guestUser,2013-04-19 13:56:03.256000
1276926,0,26,PJHEID,2014-03-03 14:48:32.669000,guestUser,2013-04-19 15:46:13.280000
1276936,1,11,JMLAGRO,2014-08-08 08:39:50.624000,guestUser,2013-04-22 12:21:13.880000
1276973,1,5,DMOCK,2014-07-24 15:12:24.562000,guestUser,2013-04-23 12:44:20.614000
1276974,0,5,DOMINICKNGANTOU,2014-06-20 10:00:12.598000,guestUser,2013-04-23 12:45:15.125000
1276975,0,26,DOMINICKNGANTOU,2014-06-26 15:02:07.113000,guestUser,2013-04-23 12:52:54.549000
1276977,0,15,JMLAGRO,2015-05-20 07:31:01.878000,guestUser,2013-04-23 13:39:27.724000
1276981,1,9,JMLAGRO,2014-08-08 08:43:44.681000,guestUser,2013-04-23 15:27:38.913000
1277000,0,22,JMLAGRO,2014-03-06 08:50:17.488000,guestUser,2013-04-24 13:23:36.895000
1277005,0,18,KWOODALL,2014-04-01 10:47:32.841000,guestUser,2013-04-24 14:11:33.968000
1277007,0,21,KWOODALL,2014-04-01 10:46:06.716000,guestUser,2013-04-24 14:16:13.613000
1277016,0,27,JMLAGRO,2013-12-18 13:02:40.206000,guestUser,2013-04-25 11:01:54.581000
1277026,1,7,JMLAGRO,2014-08-08 09:02:45.830000,guestUser,2013-04-25 13:33:44.292000
1277036,0,34,JMLAGRO,2013-12-26 08:05:27.542000,guestUser,2013-04-25 14:42:54.867000
1277044,0,14,JMLAGRO,2013-10-15 14:37:49.775000,guestUser,2013-04-26 10:29:29.483000
1277069,0,31,JMLAGRO,2013-12-26 08:07:54.410000,guestUser,2013-04-29 08:45:30.928000
1277084,0,36,CKRAFT,2014-01-24 07:26:38.145000,guestUser,2013-04-29 16:16:44.777000
1277087,1,6,JMLAGRO,2015-01-12 07:57:02.113000,guestUser,2013-04-30 10:01:57.843000
1277094,0,10,guestUser,2013-04-30 10:41:46.068000,guestUser,2013-04-30 10:40:42.677000
1277095,0,28,JOYSPEZIALE,2014-01-13 14:43:01.925000,guestUser,2013-04-30 10:58:13.793000
1277108,0,30,ZOEASANDY,2014-01-24 15:19:20.310000,guestUser,2013-04-30 14:17:24.924000
1277113,0,36,LISACAMPBELL,2014-01-24 10:58:55.128000,guestUser,2013-05-01 09:35:53.273000
1277115,0,29,JOYSPEZIALE,2014-01-24 14:40:14.362000,guestUser,2013-05-01 09:49:01.507000
1277118,0,36,JUDITHSZEGEDI,2014-01-27 14:59:19.688000,guestUser,2013-05-01 10:18:22.134000
1277119,0,43,JOYSPEZIALE,2014-01-24 14:19:18.040000,guestUser,2013-05-01 10:34:44.430000
1277121,0,3,ZOEASANDY,2014-02-13 16:19:36.835000,guestUser,2013-05-01 11:01:10.327000
1277124,0,12,JMLAGRO,2014-01-09 11:27:04.377000,guestUser,2013-05-01 11:11:57.292000
1277127,0,30,LISACAMPBELL,2014-01-24 11:04:33.199000,guestUser,2013-05-01 11:30:20.196000
1277128,0,13,JMLAGRO,2014-04-16 11:33:51.362000,guestUser,2013-05-01 11:36:43.022000
1277129,0,41,PJHEID,2015-03-04 12:34:47.310000,guestUser,2013-05-01 11:44:48.363000
1277144,0,29,LISACAMPBELL,2014-01-24 11:10:15.772000,guestUser,2013-05-01 15:22:00.924000
1277157,1,7,PAULASOLL,2014-08-20 12:11:24.694000,guestUser,2013-05-02 08:09:32.396000
1277158,1,3,PAULASOLL,2014-04-16 11:53:11.519000,guestUser,2013-05-02 08:12:58.425000
1277159,0,5,JOYSPEZIALE,2014-03-14 16:34:22.516000,guestUser,2013-05-02 08:19:13.454000
1277160,0,2,JMLAGRO,2014-02-14 13:56:54.449000,guestUser,2013-05-02 08:24:17.889000
1277162,0,11,JMLAGRO,2014-01-13 13:36:36.409000,guestUser,2013-05-02 08:32:30.559000
1277163,0,7,ZOEASANDY,2014-04-09 13:10:08.830000,guestUser,2013-05-02 08:34:15.683000
1277185,0,26,JUDITHSZEGEDI,2014-01-27 12:26:48.304000,guestUser,2013-05-02 11:19:16.523000
1277186,0,13,guestUser,2013-05-02 11:30:03.581000,guestUser,2013-05-02 11:23:16.035000
1277187,0,18,JOYSPEZIALE,2014-01-24 18:11:21.826000,guestUser,2013-05-02 11:29:05.220000
1277188,0,17,guestUser,2013-05-02 11:34:24.612000,guestUser,2013-05-02 11:29:17.782000
1277214,0,15,JOYSPEZIALE,2014-01-24 15:45:42.212000,guestUser,2013-05-02 14:51:57.111000
1277223,0,9,JOYSPEZIALE,2014-05-08 14:05:32.825000,guestUser,2013-05-03 09:19:03.976000
1277226,0,7,PJHEID,2014-03-25 08:06:41.811000,guestUser,2013-05-03 10:33:48.998000
1277244,0,13,JMLAGRO,2015-05-20 07:27:39.554000,guestUser,2013-05-06 08:25:37.589000
1277246,0,17,JMLAGRO,2013-11-04 13:53:11.704000,guestUser,2013-05-06 08:36:20.902000
1277247,0,20,JMLAGRO,2013-11-04 13:52:01.147000,guestUser,2013-05-06 08:37:21.272000
1277267,0,2,guestUser,2014-07-30 13:19:07.464000,guestUser,2013-05-06 11:01:55.599000
1277268,0,12,guestUser,2013-05-06 11:05:26.891000,guestUser,2013-05-06 11:05:16.270000
1277301,0,18,PJHEID,2013-11-05 14:52:43.770000,guestUser,2013-05-06 14:29:10.109000
1277311,0,27,JMLAGRO,2015-07-02 10:32:30.127000,guestUser,2013-05-07 07:11:21.757000
1277314,0,28,JMLAGRO,2013-10-10 08:57:39.536000,guestUser,2013-05-07 08:35:24.255000
1277316,0,20,JOYSPEZIALE,2014-01-27 15:34:34.595000,guestUser,2013-05-07 08:48:26.535000
1277318,0,26,JMLAGRO,2015-07-02 10:33:05.441000,guestUser,2013-05-07 08:55:08.250000
1277319,0,15,JMLAGRO,2014-02-20 10:40:41.367000,guestUser,2013-05-07 09:06:07.805000
1277320,0,3,guestUser,2014-07-30 13:15:11.359000,guestUser,2013-05-07 09:27:15.526000
1277321,0,14,PJHEID,2013-11-07 17:15:33.342000,guestUser,2013-05-07 09:35:21.070000
1277322,0,20,JUDITHSZEGEDI,2014-01-27 13:32:03.761000,guestUser,2013-05-07 09:38:09.305000
1277334,0,16,ZOEASANDY,2014-01-24 15:58:26.520000,guestUser,2013-05-07 11:01:30.351000
1277339,0,21,ZOEASANDY,2014-02-05 15:26:38.884000,guestUser,2013-05-07 11:47:05.846000
1277344,0,30,PAULASOLL,2014-01-27 12:52:44.387000,guestUser,2013-05-07 13:48:50.567000
1277345,0,40,BRENDAPEREZESCOB,2015-03-11 08:44:56.357000,guestUser,2013-05-07 14:30:54.460000
1277346,0,13,JOYSPEZIALE,2014-03-18 14:48:37.036000,guestUser,2013-05-07 14:51:23.586000
1277353,0,17,ZOEASANDY,2014-02-05 15:34:17.528000,guestUser,2013-05-08 09:51:06.639000
1277355,0,14,JOYSPEZIALE,2014-03-06 15:59:37.442000,guestUser,2013-05-08 09:55:43.191000
1277363,0,13,JOYSPEZIALE,2014-03-18 12:25:34.808000,guestUser,2013-05-08 11:47:32.172000
1277364,0,23,MMANYGUNS,2015-04-28 09:30:37.031000,guestUser,2013-05-08 11:56:22.230000
1277365,0,25,PAULASOLL,2014-02-03 13:55:00.577000,guestUser,2013-05-08 12:09:17.567000
1277366,0,27,JOYSPEZIALE,2014-01-30 12:40:45.242000,guestUser,2013-05-08 12:36:23.302000
1277367,0,20,KARINARUIZ,2015-04-23 15:12:02.638000,guestUser,2013-05-08 14:24:15.739000
1277368,0,14,JOYSPEZIALE,2014-03-18 12:21:06.607000,guestUser,2013-05-08 14:25:12.365000
1277373,0,20,ZOEASANDY,2014-02-05 15:57:01.353000,guestUser,2013-05-08 14:55:44.076000
1277374,1,9,JMLAGRO,2014-04-15 07:39:10.365000,guestUser,2013-05-08 15:09:04.265000
1277378,0,37,JMLAGRO,2015-07-16 10:09:18.857000,guestUser,2013-05-09 07:32:36.750000
1277379,0,16,JMLAGRO,2013-12-12 07:31:39.367000,guestUser,2013-05-09 07:56:47.337000
1277380,0,17,guestUser,2013-05-09 08:35:53.138000,guestUser,2013-05-09 08:35:09.218000
1277381,0,19,guestUser,2013-05-09 08:41:02.201000,guestUser,2013-05-09 08:40:18.752000
1277382,0,21,guestUser,2013-05-09 08:44:40.527000,guestUser,2013-05-09 08:43:59.483000
1277384,0,26,SHERSAYLER,2014-04-22 10:54:37.033000,guestUser,2013-05-09 09:49:55.558000
1277386,0,14,PJHEID,2015-03-04 16:21:36.606000,guestUser,2013-05-09 10:13:11.811000
1277393,0,15,JOYSPEZIALE,2014-01-27 14:14:20.849000,guestUser,2013-05-09 11:29:32.369000
1277395,1,8,SHERSAYLER,2014-04-14 16:03:31.150000,guestUser,2013-05-09 11:41:44.494000
1277396,0,18,JOYSPEZIALE,2014-01-27 14:01:34.437000,guestUser,2013-05-09 11:52:10.374000
1277399,0,20,MMANYGUNS,2015-04-07 16:04:36.217000,guestUser,2013-05-09 12:16:46.959000
1277401,0,20,JMLAGRO,2014-04-08 12:46:05.980000,guestUser,2013-05-09 14:22:42.326000
1277403,0,20,ZOEASANDY,2014-03-20 17:21:26.992000,guestUser,2013-05-09 14:44:41.410000
1277404,0,24,ZOEASANDY,2014-03-14 15:36:54.790000,guestUser,2013-05-09 15:08:25.132000
1277406,0,30,LISACAMPBELL,2014-01-24 12:04:58.566000,guestUser,2013-05-09 15:17:02.697000
1277408,0,22,LISACAMPBELL,2014-01-24 12:08:48.405000,guestUser,2013-05-09 15:27:53.262000
1277409,0,23,PJHEID,2013-08-14 13:16:04.471000,guestUser,2013-05-09 16:04:01.819000
1277410,0,11,ZOEASANDY,2014-03-25 14:58:37.960000,guestUser,2013-05-09 16:14:07.860000
1277411,0,26,JMLAGRO,2015-07-16 10:05:10.346000,guestUser,2013-05-10 06:46:59.765000
1277412,0,13,guestUser,2013-05-10 07:02:54.715000,guestUser,2013-05-10 07:02:12.808000
1277413,0,15,guestUser,2013-05-10 07:06:26.390000,guestUser,2013-05-10 07:05:42.438000
1277414,0,17,guestUser,2013-05-10 07:10:46.827000,guestUser,2013-05-10 07:09:29.671000
1277416,0,28,JMLAGRO,2015-07-17 15:40:24.656000,guestUser,2013-05-10 07:15:15.752000
1277418,0,14,guestUser,2013-05-10 07:43:12.164000,guestUser,2013-05-10 07:42:26.450000
1277419,0,16,guestUser,2013-05-10 07:46:57.201000,guestUser,2013-05-10 07:46:04.658000
1277420,0,19,guestUser,2013-05-10 07:50:26.249000,guestUser,2013-05-10 07:49:42.012000
1277421,0,23,JUDITHSZEGEDI,2014-01-27 12:54:15.549000,guestUser,2013-05-10 08:20:32.858000
1277422,0,16,LISACAMPBELL,2014-01-24 12:11:33.303000,guestUser,2013-05-10 08:38:40.281000
1277428,0,24,JUDITHSZEGEDI,2014-01-27 13:47:52.179000,guestUser,2013-05-10 10:25:34.509000
1277430,0,20,ZOEASANDY,2014-03-24 11:04:34.178000,guestUser,2013-05-10 10:27:31.285000
1277432,0,19,ZOEASANDY,2014-04-08 10:45:24.808000,guestUser,2013-05-10 10:35:21.363000
1277433,0,28,ZOEASANDY,2014-02-04 12:54:22.505000,guestUser,2013-05-10 10:44:23.481000
1277439,0,20,LISACAMPBELL,2014-01-24 12:14:28.553000,guestUser,2013-05-10 13:01:28.452000
1277441,0,18,ZOEASANDY,2014-02-05 16:06:53.682000,guestUser,2013-05-10 13:29:59.709000
1277442,0,24,JUDITHSZEGEDI,2014-01-27 12:15:14.582000,guestUser,2013-05-10 13:54:20.189000
1277446,0,21,JOYSPEZIALE,2014-01-27 13:48:37.024000,guestUser,2013-05-10 14:45:20.014000
1276886,0,16,PJHEID,2014-03-20 13:26:25.663000,guestUser,2013-04-18 14:50:13.394000
1276887,0,5,JMLAGRO,2014-01-17 09:56:46.752000,guestUser,2013-04-18 14:52:58.582000
1277171,0,31,PAULASOLL,2014-01-30 11:25:48.587000,guestUser,2013-05-02 09:48:38.723000
1277174,0,42,ZOEASANDY,2014-05-07 15:24:11.127000,guestUser,2013-05-02 10:17:26.590000
1277177,1,8,JMLAGRO,2014-08-08 09:11:19.335000,guestUser,2013-05-02 10:36:54.052000
1277179,0,31,ZOEASANDY,2014-01-24 15:25:09.988000,guestUser,2013-05-02 10:49:06.064000
1277193,0,30,LISACAMPBELL,2014-01-24 11:24:39.003000,guestUser,2013-05-02 12:24:34.734000
1277199,0,18,ZOEASANDY,2014-01-30 14:55:05.163000,guestUser,2013-05-02 13:30:12.339000
1277201,0,19,LISACAMPBELL,2014-01-24 11:26:08.368000,guestUser,2013-05-02 13:49:30.530000
1277203,0,10,PJHEID,2014-02-27 15:49:23.281000,guestUser,2013-05-02 13:51:49.515000
1277206,0,31,JMLAGRO,2014-04-02 06:38:59.601000,guestUser,2013-05-02 14:26:47.035000
1277208,0,14,JOYSPEZIALE,2014-01-24 17:30:26.474000,guestUser,2013-05-02 14:36:25.668000
1277230,0,2,JMLAGRO,2014-03-11 09:40:05.521000,guestUser,2013-05-03 11:04:04.514000
1277239,0,10,JOYSPEZIALE,2014-05-08 13:40:20.695000,guestUser,2013-05-03 13:49:15.792000
1277243,0,22,JMLAGRO,2013-11-04 13:52:33.647000,guestUser,2013-05-06 07:55:50.297000
1277270,0,15,JOYSPEZIALE,2014-03-28 11:55:44.510000,guestUser,2013-05-06 11:08:38.156000
1277271,0,21,ZOEASANDY,2014-01-30 15:54:42.275000,guestUser,2013-05-06 11:26:41.609000
1277276,0,21,JOYSPEZIALE,2014-04-11 18:53:05.415000,guestUser,2013-05-06 11:52:37.947000
1277279,0,22,ZOEASANDY,2014-01-27 12:51:12.398000,guestUser,2013-05-06 12:11:56.123000
1277298,0,19,LISACAMPBELL,2014-01-24 11:27:21.322000,guestUser,2013-05-06 14:05:36.122000
1277300,0,17,SHERSAYLER,2014-04-17 10:44:05.105000,guestUser,2013-05-06 14:20:23.216000
1277448,0,21,ZOEASANDY,2014-03-27 14:47:53.570000,guestUser,2013-05-10 15:21:20.485000
1277452,0,1,guestUser,2014-07-30 13:09:55.811000,guestUser,2013-05-10 16:04:38.537000
1277455,0,23,ZOEASANDY,2014-01-24 16:05:22.523000,guestUser,2013-05-13 08:03:14.826000
1277456,0,7,ZOEASANDY,2014-04-10 15:59:18.551000,guestUser,2013-05-13 08:13:10.901000
1277457,0,23,ZOEASANDY,2014-01-24 16:09:38.807000,guestUser,2013-05-13 08:20:21.584000
1277458,0,21,ZOEASANDY,2014-03-24 13:33:22.182000,guestUser,2013-05-13 08:27:53.959000
1277460,0,17,ZOEASANDY,2014-03-24 13:42:54.423000,guestUser,2013-05-13 08:41:43.511000
1277463,0,12,JOYSPEZIALE,2014-01-27 13:24:08.178000,guestUser,2013-05-13 08:59:56.159000
1277464,0,6,JMLAGRO,2013-12-02 13:21:15.749000,guestUser,2013-05-13 09:05:36.561000
1277465,0,18,JOYSPEZIALE,2014-01-27 13:12:26.516000,guestUser,2013-05-13 09:14:04.949000
1277466,0,15,ZOEASANDY,2014-04-22 16:11:02.851000,guestUser,2013-05-13 09:20:29.060000
1277467,0,17,JOYSPEZIALE,2014-01-27 12:55:59.520000,guestUser,2013-05-13 09:29:33.915000
1277468,0,19,JOYSPEZIALE,2014-01-27 12:35:47.278000,guestUser,2013-05-13 09:36:37.802000
1277469,0,15,JOYSPEZIALE,2014-01-27 12:26:26.390000,guestUser,2013-05-13 09:45:50.791000
1277470,0,17,ZOEASANDY,2014-02-05 16:30:32.029000,guestUser,2013-05-13 09:56:05.263000
1277472,0,20,ZOEASANDY,2014-02-05 16:37:22.799000,guestUser,2013-05-13 10:37:23.379000
1277474,0,24,LISACAMPBELL,2014-02-07 00:00:22.093000,guestUser,2013-05-13 10:56:45.141000
1277479,0,17,PAULASOLL,2014-03-20 23:00:59.698000,guestUser,2013-05-13 13:57:22.909000
1277481,0,19,JUDITHSZEGEDI,2014-01-27 12:10:33.993000,guestUser,2013-05-13 14:13:53.713000
1277482,0,19,LISACAMPBELL,2014-02-03 16:53:13.966000,guestUser,2013-05-13 14:20:16.791000
1277483,0,14,JOYSPEZIALE,2014-04-14 17:40:11.332000,guestUser,2013-05-13 14:29:47.654000
1277492,0,20,JUDITHSZEGEDI,2014-01-24 19:05:15.132000,guestUser,2013-05-13 15:26:37.296000
1277494,1,6,JMLAGRO,2014-04-15 07:25:14.861000,guestUser,2013-05-13 16:11:23.445000
1277504,0,20,LISACAMPBELL,2014-01-24 12:17:19.763000,guestUser,2013-05-14 09:31:26.562000
1277508,1,22,PAULASOLL,2014-08-21 10:20:52.632000,guestUser,2013-05-14 10:01:51.580000
1277509,1,7,JMLAGRO,2014-04-15 07:28:42.868000,guestUser,2013-05-14 10:09:46.786000
1277511,0,17,JOYSPEZIALE,2014-01-27 11:31:33.958000,guestUser,2013-05-14 10:28:59.657000
1277512,0,14,JOYSPEZIALE,2014-04-14 18:42:03.226000,guestUser,2013-05-14 10:35:38.882000
1277513,0,15,JOYSPEZIALE,2014-04-14 19:00:42.095000,guestUser,2013-05-14 10:42:52.277000
1277514,0,21,PAULASOLL,2014-01-28 14:01:54.695000,guestUser,2013-05-14 10:50:39.759000
1277515,0,6,JMLAGRO,2013-11-06 09:44:10.493000,guestUser,2013-05-14 10:58:41.218000
1277516,0,19,PAULASOLL,2014-02-03 12:30:38.244000,guestUser,2013-05-14 11:08:44.958000
1277517,0,18,PAULASOLL,2014-03-20 23:29:01.976000,guestUser,2013-05-14 11:14:43.277000
1277528,0,11,PJHEID,2014-04-04 17:19:52.179000,guestUser,2013-05-14 14:31:03.499000
1277529,0,14,JOYSPEZIALE,2014-01-27 11:21:16.778000,guestUser,2013-05-14 14:41:31.322000
1277534,0,15,JOYSPEZIALE,2014-01-24 19:57:19.642000,guestUser,2013-05-14 15:12:11.038000
1277536,0,15,JOYSPEZIALE,2014-01-24 19:51:59.718000,guestUser,2013-05-14 15:19:16.881000
1277542,0,24,PJHEID,2013-11-24 21:17:00.672000,guestUser,2013-05-14 17:07:15.981000
1277547,0,22,ZOEASANDY,2014-02-05 16:55:13.989000,guestUser,2013-05-15 08:49:34.768000
1277548,0,22,JMLAGRO,2014-02-03 12:09:36.944000,guestUser,2013-05-15 08:57:34.275000
1277561,0,9,JOYSPEZIALE,2014-01-24 18:53:41.389000,guestUser,2013-05-15 13:05:25.707000
1277565,0,9,JMLAGRO,2014-04-15 07:42:29.086000,guestUser,2013-05-15 13:14:24.703000
1277566,0,17,JUDITHSZEGEDI,2014-01-24 18:44:54.305000,guestUser,2013-05-15 13:21:08.570000
1277567,0,13,JOYSPEZIALE,2014-01-27 18:26:12.701000,guestUser,2013-05-15 13:29:08.387000
1277570,0,17,JOYSPEZIALE,2014-01-27 19:37:20.471000,guestUser,2013-05-15 13:49:42.527000
1277571,0,6,JMLAGRO,2013-12-02 13:34:06.092000,guestUser,2013-05-15 13:55:59.064000
1277572,0,19,ZOEASANDY,2014-03-24 14:12:46.697000,guestUser,2013-05-15 14:03:15.420000
1277575,1,8,JMLAGRO,2014-08-11 15:14:56.850000,guestUser,2013-05-15 14:30:33.115000
1277576,0,25,LISACAMPBELL,2014-04-15 15:40:13.616000,guestUser,2013-05-15 14:31:15.119000
1277577,0,1,guestUser,2014-07-30 13:01:25.510000,guestUser,2013-05-15 14:38:32.764000
1277578,0,18,LISACAMPBELL,2014-01-29 23:33:32.814000,guestUser,2013-05-15 14:49:15.622000
1277579,0,18,LISACAMPBELL,2014-01-30 00:15:42.722000,guestUser,2013-05-15 14:55:03.647000
1277581,0,23,PAULASOLL,2014-04-02 09:49:25.483000,guestUser,2013-05-15 15:12:49.257000
1277582,1,4,JMLAGRO,2014-08-11 15:20:53.328000,guestUser,2013-05-15 15:20:28.579000
1277583,0,21,ZOEASANDY,2014-01-30 14:47:18.420000,guestUser,2013-05-15 15:27:12.621000
1277606,0,21,JOYSPEZIALE,2014-04-08 16:52:03.571000,guestUser,2013-05-16 10:48:41.836000
1277611,0,25,PJHEID,2014-05-10 07:27:30.678000,guestUser,2013-05-16 11:36:10.599000
1277623,0,21,PJHEID,2015-03-04 16:52:10.591000,guestUser,2013-05-16 16:14:20.274000
1277630,0,4,guestUser,2013-06-05 01:44:25.272000,guestUser,2013-05-17 10:48:38.818000
1277632,0,20,ZOEASANDY,2014-01-30 10:00:25.831000,guestUser,2013-05-17 11:16:31.448000
1277635,0,17,JUDITHSZEGEDI,2014-01-30 18:06:26.658000,guestUser,2013-05-17 11:44:01.250000
1277657,0,13,JOYSPEZIALE,2014-03-26 11:35:05.162000,guestUser,2013-05-17 15:30:32.436000
1277664,0,26,LISACAMPBELL,2014-02-04 01:35:57.932000,guestUser,2013-05-20 08:51:24.014000
1277682,0,24,JMLAGRO,2014-04-16 13:00:44.806000,guestUser,2013-05-21 09:24:24.910000
1277687,0,18,PJHEID,2014-01-31 10:18:30.236000,guestUser,2013-05-21 11:08:21.471000
1277700,0,19,JMLAGRO,2015-01-26 12:08:41.008000,guestUser,2013-05-21 13:37:02.930000
1277705,0,14,guestUser,2013-05-21 14:21:02.175000,guestUser,2013-05-21 14:20:58.503000
1277706,0,24,JMLAGRO,2014-02-10 12:37:53.010000,guestUser,2013-05-21 14:21:29.236000
1277708,0,24,PJHEID,2013-11-30 11:24:57.060000,guestUser,2013-05-21 14:27:46.891000
1277728,0,14,JMLAGRO,2014-02-20 15:43:46.102000,guestUser,2013-05-22 13:08:47.880000
1277748,0,23,JMLAGRO,2014-04-08 09:38:39.533000,guestUser,2013-05-23 10:43:55.507000
1277763,0,24,JMLAGRO,2014-03-19 07:22:24.030000,guestUser,2013-05-23 14:16:14.749000
1277764,0,21,JMLAGRO,2014-04-08 09:48:17.788000,guestUser,2013-05-23 14:19:37.391000
1277766,0,32,JMLAGRO,2014-02-20 15:46:40.772000,guestUser,2013-05-23 15:53:43.760000
1277779,0,9,JOYSPEZIALE,2014-01-28 19:05:40.458000,guestUser,2013-05-24 10:52:17.445000
1277780,0,6,PJHEID,2013-06-14 15:25:42.150000,guestUser,2013-05-24 11:07:17.141000
1277781,0,5,guestUser,2013-05-24 11:09:22.763000,guestUser,2013-05-24 11:09:22.763000
1277784,0,9,JOYSPEZIALE,2014-01-29 13:31:52.726000,guestUser,2013-05-24 11:48:25.741000
1277786,0,4,JOYSPEZIALE,2014-01-29 11:26:15.139000,guestUser,2013-05-24 11:51:29.519000
1277793,0,0,guestUser,2013-05-24 12:18:54.255000,guestUser,2013-05-24 12:18:54.255000
1277795,0,0,guestUser,2013-05-24 12:28:20.760000,guestUser,2013-05-24 12:28:20.760000
1277796,0,16,JOYSPEZIALE,2014-02-05 17:19:47.619000,guestUser,2013-05-24 12:42:58.432000
1277797,0,24,JMLAGRO,2014-04-08 10:00:18.758000,guestUser,2013-05-24 12:44:57.749000
1277798,0,17,JOYSPEZIALE,2014-01-31 11:33:31.771000,guestUser,2013-05-24 13:00:42.071000
1277816,0,20,JMLAGRO,2015-03-20 12:22:41.514000,guestUser,2013-05-28 10:45:23.454000
1277817,0,15,LISACAMPBELL,2014-04-09 13:39:08.016000,guestUser,2013-05-28 11:04:08.733000
1277818,0,20,DMOCK,2015-01-30 07:27:52.028000,guestUser,2013-05-28 11:04:51.756000
1277820,0,17,LISACAMPBELL,2014-02-07 00:39:21.192000,guestUser,2013-05-28 11:17:27.670000
1277821,0,11,JMLAGRO,2013-12-13 13:31:58.517000,guestUser,2013-05-28 11:28:08.848000
1277825,0,11,JMLAGRO,2013-11-12 08:17:03.311000,guestUser,2013-05-28 12:03:58.579000
1277834,0,28,CAROLREEVES,2015-06-26 10:01:22.249000,guestUser,2013-05-28 16:18:48.097000
1277835,1,4,JMLAGRO,2014-09-24 13:49:45.688000,guestUser,2013-05-28 16:26:33.394000
1277836,1,6,DMOCK,2014-06-19 18:41:23.516000,guestUser,2013-05-28 16:46:22.547000
1277850,0,25,JMLAGRO,2014-04-08 11:07:40.675000,guestUser,2013-05-29 13:47:26.252000
1277852,0,35,MMANYGUNS,2015-02-03 19:52:46.071000,guestUser,2013-05-29 15:51:19.937000
1277860,0,11,JMLAGRO,2014-01-14 13:14:52.314000,guestUser,2013-05-30 11:15:12.670000
1277862,0,21,JMLAGRO,2015-01-26 08:30:48.032000,guestUser,2013-05-30 12:03:01.935000
1277866,0,26,JUDITHSZEGEDI,2014-02-04 19:05:23.925000,guestUser,2013-05-30 14:59:37.423000
1277890,0,21,JMLAGRO,2013-12-03 06:49:09.257000,guestUser,2013-05-31 15:31:19.984000
1277894,0,42,JUDITHSZEGEDI,2014-02-04 20:07:16.189000,guestUser,2013-06-03 10:02:17.976000
1276777,0,18,PJHEID,2013-11-12 14:30:56.775000,guestUser,2013-04-09 14:42:37.698000
1276779,0,22,PJHEID,2013-11-12 15:38:48.664000,guestUser,2013-04-09 15:29:38.733000
1276785,0,20,JMLAGRO,2013-10-01 11:07:01.157000,guestUser,2013-04-10 09:20:30.157000
1276795,0,21,NMAIER,2013-04-10 15:11:49.823000,guestUser,2013-04-10 11:11:02.924000
1276844,1,7,JMLAGRO,2014-08-08 08:26:05.639000,guestUser,2013-04-16 12:40:36.717000
1276872,0,22,JMLAGRO,2013-10-22 08:41:22.351000,guestUser,2013-04-17 19:12:17.978000
1276883,0,7,JMLAGRO,2014-02-04 10:53:51.571000,guestUser,2013-04-18 14:10:20.358000
1276904,0,10,JMLAGRO,2014-03-13 08:45:08.262000,guestUser,2013-04-19 11:04:35.364000
1276906,0,12,JMLAGRO,2014-04-15 12:56:39.825000,guestUser,2013-04-19 11:39:42.622000
1276997,0,9,JMLAGRO,2013-10-11 12:59:18.914000,guestUser,2013-04-24 11:19:09.672000
1277073,0,10,JMLAGRO,2014-01-10 14:59:56.310000,guestUser,2013-04-29 10:39:52.295000
1277074,0,26,JMLAGRO,2013-10-30 15:58:44.188000,guestUser,2013-04-29 11:10:20.523000
1277076,0,24,PJHEID,2014-02-28 16:08:20.503000,guestUser,2013-04-29 11:13:42.642000
1277101,0,30,JOYSPEZIALE,2014-02-17 13:25:00.093000,guestUser,2013-04-30 12:19:48.610000
1277111,1,10,JMLAGRO,2014-08-11 15:12:12.300000,guestUser,2013-04-30 15:00:57.376000
1277116,0,23,ZOEASANDY,2014-02-05 16:45:31.587000,guestUser,2013-05-01 10:01:30.068000
1277120,0,3,PJHEID,2014-06-17 10:42:40.177000,guestUser,2013-05-01 10:52:53.165000
