"P_SYS_ID","P_QSTNR_SEQ_NUM","P_QSTNR_OTHER_STATE_CD","L_HIBERNATE_VER_NUM","G_AUD_USER_ID","G_AUD_TS","G_AUD_ADD_USER_ID","G_AUD_ADD_TS"
1277129,0,"SD",0,"guestUser",01-MAY-13 03.40.40.773000000 PM,"guestUser",01-MAY-13 03.40.40.773000000 PM
1277134,0,"SD",0,"guestUser",01-MAY-13 01.00.23.171000000 PM,"guestUser",01-MAY-13 01.00.23.171000000 PM
1279907,0,"MN",0,"guestUser",27-AUG-13 03.59.05.912000000 PM,"guestUser",27-AUG-13 03.59.05.912000000 PM
1277166,0,"MN",0,"guestUser",02-MAY-13 09.24.05.394000000 AM,"guestUser",02-MAY-13 09.24.05.394000000 AM
1277080,0,"NV",0,"guestUser",07-MAY-13 09.37.29.673000000 AM,"guestUser",07-MAY-13 09.37.29.673000000 AM
1279900,0,"MN",0,"guestUser",27-AUG-13 03.26.26.351000000 PM,"guestUser",27-AUG-13 03.26.26.351000000 PM
1277318,0,"MN",0,"guestUser",07-MAY-13 09.34.09.198000000 AM,"guestUser",07-MAY-13 09.34.09.198000000 AM
1277497,0,"PA",0,"guestUser",14-MAY-13 09.41.00.282000000 AM,"guestUser",14-MAY-13 09.41.00.282000000 AM
1277539,0,"MN",0,"guestUser",14-MAY-13 05.27.46.399000000 PM,"guestUser",14-MAY-13 05.27.46.399000000 PM
1277443,0,"MN",0,"guestUser",14-MAY-13 03.37.39.574000000 PM,"guestUser",14-MAY-13 03.37.39.574000000 PM
1277540,0,"MN",0,"guestUser",14-MAY-13 04.39.30.984000000 PM,"guestUser",14-MAY-13 04.39.30.984000000 PM
1277618,0,"SD",0,"guestUser",16-MAY-13 02.12.40.206000000 PM,"guestUser",16-MAY-13 02.12.40.206000000 PM
1277617,0,"SD",0,"guestUser",16-MAY-13 01.55.15.511000000 PM,"guestUser",16-MAY-13 01.55.15.511000000 PM
1277068,0,"MN",0,"guestUser",17-MAY-13 11.44.55.913000000 AM,"guestUser",17-MAY-13 11.44.55.913000000 AM
1278661,0,"SD",0,"guestUser",27-AUG-13 03.40.49.558000000 PM,"guestUser",27-AUG-13 03.40.49.558000000 PM
1280061,0,"MN",0,"guestUser",30-AUG-13 08.36.07.462000000 AM,"guestUser",30-AUG-13 08.36.07.462000000 AM
1279917,0,"MN",0,"guestUser",28-AUG-13 07.16.44.470000000 AM,"guestUser",28-AUG-13 07.16.44.470000000 AM
1277611,0,"MN",0,"guestUser",29-MAY-13 01.48.14.086000000 PM,"guestUser",29-MAY-13 01.48.14.086000000 PM
1280515,0,"SD",0,"guestUser",28-JAN-14 10.27.05.668000000 AM,"guestUser",28-JAN-14 10.27.05.668000000 AM
1280627,0,"MN",0,"guestUser",08-OCT-13 12.09.02.873000000 PM,"guestUser",08-OCT-13 12.09.02.873000000 PM
1280087,0,"MN",0,"guestUser",30-AUG-13 10.15.43.944000000 AM,"guestUser",30-AUG-13 10.15.43.944000000 AM
1280104,0,"MN",0,"guestUser",30-AUG-13 11.58.01.504000000 AM,"guestUser",30-AUG-13 11.58.01.504000000 AM
1161490,318,"MN",0,"ZOEASANDY",13-FEB-14 04.38.04.824000000 PM,"ZOEASANDY",13-FEB-14 04.38.04.824000000 PM
1001508,280,"SD",0,"PJHEID",27-JAN-14 11.44.54.206000000 PM,"PJHEID",27-JAN-14 11.44.54.206000000 PM
1167001,305,"MN",0,"JMLAGRO",06-FEB-14 01.54.22.529000000 PM,"JMLAGRO",06-FEB-14 01.54.22.529000000 PM
1001031,285,"SD",0,"PJHEID",31-JAN-14 10.24.29.186000000 AM,"PJHEID",31-JAN-14 10.24.29.186000000 AM
1282401,0,"SD",0,"guestUser",29-JAN-14 11.40.01.742000000 AM,"guestUser",29-JAN-14 11.40.01.742000000 AM
1282309,0,"CA",0,"guestUser",31-JAN-14 09.36.27.136000000 AM,"guestUser",31-JAN-14 09.36.27.136000000 AM
1171355,292,"MN",0,"JOYSPEZIALE",03-FEB-14 06.25.28.895000000 PM,"JOYSPEZIALE",03-FEB-14 06.25.28.895000000 PM
1163175,306,"MN",0,"JOYSPEZIALE",06-FEB-14 03.12.59.060000000 PM,"JOYSPEZIALE",06-FEB-14 03.12.59.060000000 PM
1156044,328,"MT",0,"JMLAGRO",20-FEB-14 09.40.27.459000000 AM,"JMLAGRO",20-FEB-14 09.40.27.459000000 AM
1170740,309,"PA",0,"PJHEID",09-FEB-14 04.49.19.718000000 PM,"PJHEID",09-FEB-14 04.49.19.718000000 PM
1163898,308,"SD",0,"JOYSPEZIALE",07-FEB-14 06.43.48.269000000 PM,"JOYSPEZIALE",07-FEB-14 06.43.48.269000000 PM
1282725,0,"MN",0,"guestUser",14-FEB-14 08.49.23.209000000 AM,"guestUser",14-FEB-14 08.49.23.209000000 AM
1159249,319,"SD",0,"JOYSPEZIALE",13-FEB-14 04.40.01.199000000 PM,"JOYSPEZIALE",13-FEB-14 04.40.01.199000000 PM
1158621,327,"SD",0,"JUDITHSZEGEDI",19-FEB-14 08.04.18.900000000 PM,"JUDITHSZEGEDI",19-FEB-14 08.04.18.900000000 PM
1282071,0,"MN",0,"guestUser",21-FEB-14 01.51.34.437000000 PM,"guestUser",21-FEB-14 01.51.34.437000000 PM
1003574,333,"MN",0,"JOYSPEZIALE",21-FEB-14 01.18.33.095000000 PM,"JOYSPEZIALE",21-FEB-14 01.18.33.095000000 PM
1278673,0,"SD",0,"guestUser",27-FEB-14 03.57.39.885000000 PM,"guestUser",27-FEB-14 03.57.39.885000000 PM
1003362,337,"MN",0,"JUDITHSZEGEDI",24-FEB-14 01.12.08.556000000 PM,"JUDITHSZEGEDI",24-FEB-14 01.12.08.556000000 PM
1278678,0,"SD",0,"guestUser",27-FEB-14 04.22.40.058000000 PM,"guestUser",27-FEB-14 04.22.40.058000000 PM
1278675,351,"SD",0,"guestUser",27-FEB-14 03.57.40.258000000 PM,"guestUser",27-FEB-14 03.57.40.258000000 PM
1153967,352,"AZ",0,"PJHEID",27-FEB-14 04.15.12.872000000 PM,"PJHEID",27-FEB-14 04.15.12.872000000 PM
1162354,360,"SD",0,"JOYSPEZIALE",28-FEB-14 04.50.08.400000000 PM,"JOYSPEZIALE",28-FEB-14 04.50.08.400000000 PM
1278679,354,"SD",0,"guestUser",27-FEB-14 04.22.40.496000000 PM,"guestUser",27-FEB-14 04.22.40.496000000 PM
1000260,394,"MN",0,"JOYSPEZIALE",10-MAR-14 05.35.16.888000000 PM,"JOYSPEZIALE",10-MAR-14 05.35.16.888000000 PM
1004146,362,"SD",0,"JUDITHSZEGEDI",28-FEB-14 06.38.27.795000000 PM,"JUDITHSZEGEDI",28-FEB-14 06.38.27.795000000 PM
1163057,373,"SD",0,"JOYSPEZIALE",03-MAR-14 06.22.31.945000000 PM,"JOYSPEZIALE",03-MAR-14 06.22.31.945000000 PM
1155311,386,"IA",0,"PJHEID",06-MAR-14 09.28.23.814000000 AM,"PJHEID",06-MAR-14 09.28.23.814000000 AM
1162334,397,"MT",0,"LISACAMPBELL",11-MAR-14 12.41.00.195000000 AM,"LISACAMPBELL",11-MAR-14 12.41.00.195000000 AM
1001793,404,"KS",0,"PJHEID",11-MAR-14 05.14.21.703000000 PM,"PJHEID",11-MAR-14 05.14.21.703000000 PM
1283299,0,"SD",0,"guestUser",11-MAR-14 05.33.58.407000000 PM,"guestUser",11-MAR-14 05.33.58.407000000 PM
1277626,0,"SD",0,"guestUser",21-MAY-13 02.14.33.945000000 PM,"guestUser",21-MAY-13 02.14.33.945000000 PM
1276772,0,"MN",0,"guestUser",15-APR-13 09.58.30.048000000 AM,"guestUser",15-APR-13 09.58.30.048000000 AM
1277831,0,"MN",0,"guestUser",29-MAY-13 01.04.04.686000000 PM,"guestUser",29-MAY-13 01.04.04.686000000 PM
1277079,0,"MN",0,"guestUser",29-APR-13 02.33.21.052000000 PM,"guestUser",29-APR-13 02.33.21.052000000 PM
1277705,44,"SD",0,"guestUser",21-MAY-13 02.21.02.785000000 PM,"guestUser",21-MAY-13 02.21.02.785000000 PM
1280485,0,"MN",0,"guestUser",26-SEP-13 01.59.41.298000000 PM,"guestUser",26-SEP-13 01.59.41.298000000 PM
1277704,45,"SD",0,"guestUser",21-MAY-13 02.21.02.948000000 PM,"guestUser",21-MAY-13 02.21.02.948000000 PM
1277289,0,"MN",0,"guestUser",06-MAY-13 01.10.15.628000000 PM,"guestUser",06-MAY-13 01.10.15.628000000 PM
1277944,0,"MN",0,"guestUser",06-JUN-13 03.37.36.740000000 PM,"guestUser",06-JUN-13 03.37.36.740000000 PM
1277921,0,"SD",0,"guestUser",05-JUN-13 06.05.47.955000000 PM,"guestUser",05-JUN-13 06.05.47.955000000 PM
1283045,0,"SD",0,"guestUser",05-MAR-14 08.48.16.450000000 AM,"guestUser",05-MAR-14 08.48.16.450000000 AM
1004116,396,"SD",0,"LISACAMPBELL",10-MAR-14 11.07.16.768000000 PM,"LISACAMPBELL",10-MAR-14 11.07.16.768000000 PM
1277965,0,"SD",0,"guestUser",10-JUN-13 01.20.45.204000000 PM,"guestUser",10-JUN-13 01.20.45.204000000 PM
1277929,0,"SD",0,"guestUser",07-JUN-13 09.56.22.900000000 AM,"guestUser",07-JUN-13 09.56.22.900000000 AM
1277149,0,"SD",0,"guestUser",10-JUN-13 04.08.23.331000000 PM,"guestUser",10-JUN-13 04.08.23.331000000 PM
1154804,237,"MN",0,"JMLAGRO",16-DEC-13 02.53.08.650000000 PM,"JMLAGRO",16-DEC-13 02.53.08.650000000 PM
1277964,0,"SD",0,"guestUser",10-JUN-13 01.21.39.453000000 PM,"guestUser",10-JUN-13 01.21.39.453000000 PM
1277868,0,"SD",0,"guestUser",14-JUN-13 10.14.33.242000000 AM,"guestUser",14-JUN-13 10.14.33.242000000 AM
1281461,233,"MN",0,"guestUser",16-DEC-13 09.57.13.810000000 AM,"guestUser",16-DEC-13 09.57.13.810000000 AM
1281462,234,"MN",0,"guestUser",16-DEC-13 09.57.14.483000000 AM,"guestUser",16-DEC-13 09.57.14.483000000 AM
1281463,235,"MN",0,"guestUser",16-DEC-13 09.57.15.300000000 AM,"guestUser",16-DEC-13 09.57.15.300000000 AM
1164640,389,"SD",0,"JOYSPEZIALE",07-MAR-14 07.04.04.285000000 PM,"JOYSPEZIALE",07-MAR-14 07.04.04.285000000 PM
1281518,0,"MN",0,"guestUser",17-DEC-13 11.32.42.610000000 AM,"guestUser",17-DEC-13 11.32.42.610000000 AM
1189341,240,"MN",0,"JMLAGRO",27-DEC-13 08.41.53.233000000 AM,"JMLAGRO",27-DEC-13 08.41.53.233000000 AM
1281649,0,"MN",0,"guestUser",03-JAN-14 12.08.25.032000000 PM,"guestUser",03-JAN-14 12.08.25.032000000 PM
1157748,390,"SD",0,"JMLAGRO",10-MAR-14 10.26.16.903000000 AM,"JMLAGRO",10-MAR-14 10.26.16.903000000 AM
1162933,398,"SD",0,"JOYSPEZIALE",11-MAR-14 12.09.33.835000000 PM,"JOYSPEZIALE",11-MAR-14 12.09.33.835000000 PM
1000939,405,"MN",0,"JUDITHSZEGEDI",12-MAR-14 02.07.18.658000000 PM,"JUDITHSZEGEDI",12-MAR-14 02.07.18.658000000 PM
1163659,406,"MN",0,"JOYSPEZIALE",12-MAR-14 02.48.21.857000000 PM,"JOYSPEZIALE",12-MAR-14 02.48.21.857000000 PM
1278133,0,"MN",0,"guestUser",20-JUN-13 03.35.20.346000000 PM,"guestUser",20-JUN-13 03.35.20.346000000 PM
1276985,0,"MT",0,"guestUser",23-APR-13 06.18.14.237000000 PM,"guestUser",23-APR-13 06.18.14.237000000 PM
1277687,0,"SD",0,"guestUser",21-MAY-13 01.44.41.057000000 PM,"guestUser",21-MAY-13 01.44.41.057000000 PM
1277910,0,"MN",0,"guestUser",05-JUN-13 02.03.12.190000000 PM,"guestUser",05-JUN-13 02.03.12.190000000 PM
1277409,0,"MN",0,"guestUser",07-JUN-13 10.28.48.040000000 AM,"guestUser",07-JUN-13 10.28.48.040000000 AM
1281507,0,"SD",0,"guestUser",16-DEC-13 02.50.08.844000000 PM,"guestUser",16-DEC-13 02.50.08.844000000 PM
1277855,0,"MN",0,"guestUser",07-JUN-13 10.00.50.884000000 AM,"guestUser",07-JUN-13 10.00.50.884000000 AM
1277305,0,"MN",0,"guestUser",10-JUN-13 02.40.37.620000000 PM,"guestUser",10-JUN-13 02.40.37.620000000 PM
1277884,0,"MN",0,"guestUser",14-JUN-13 11.20.53.619000000 AM,"guestUser",14-JUN-13 11.20.53.619000000 AM
1278118,0,"MN",0,"guestUser",20-JUN-13 10.28.40.317000000 AM,"guestUser",20-JUN-13 10.28.40.317000000 AM
1277985,0,"SD",0,"guestUser",26-JUN-13 09.25.44.096000000 AM,"guestUser",26-JUN-13 09.25.44.096000000 AM
1277966,0,"MI",0,"guestUser",08-JUL-13 09.55.04.851000000 AM,"guestUser",08-JUL-13 09.55.04.851000000 AM
1280628,0,"MN",0,"guestUser",08-OCT-13 01.01.31.397000000 PM,"guestUser",08-OCT-13 01.01.31.397000000 PM
1279615,0,"SD",0,"guestUser",20-AUG-13 02.07.26.138000000 PM,"guestUser",20-AUG-13 02.07.26.138000000 PM
1280176,0,"MN",0,"guestUser",03-SEP-13 04.25.02.230000000 PM,"guestUser",03-SEP-13 04.25.02.230000000 PM
1279520,0,"MN",0,"guestUser",03-SEP-13 03.21.20.362000000 PM,"guestUser",03-SEP-13 03.21.20.362000000 PM
1280209,0,"MT",0,"guestUser",06-SEP-13 12.03.27.645000000 PM,"guestUser",06-SEP-13 12.03.27.645000000 PM
1281414,0,"MN",0,"guestUser",09-DEC-13 12.21.07.111000000 PM,"guestUser",09-DEC-13 12.21.07.111000000 PM
1280275,0,"SD",0,"guestUser",10-SEP-13 07.49.38.063000000 AM,"guestUser",10-SEP-13 07.49.38.063000000 AM
1280319,0,"MN",0,"guestUser",12-SEP-13 11.29.44.392000000 AM,"guestUser",12-SEP-13 11.29.44.392000000 AM
1280301,0,"PA",0,"guestUser",13-SEP-13 11.24.16.767000000 AM,"guestUser",13-SEP-13 11.24.16.767000000 AM
1280341,0,"MN",0,"guestUser",13-SEP-13 04.28.27.747000000 PM,"guestUser",13-SEP-13 04.28.27.747000000 PM
1280387,0,"MN",0,"guestUser",19-SEP-13 03.29.47.585000000 PM,"guestUser",19-SEP-13 03.29.47.585000000 PM
1280629,0,"MN",0,"guestUser",08-OCT-13 01.09.20.861000000 PM,"guestUser",08-OCT-13 01.09.20.861000000 PM
1280948,0,"MN",0,"guestUser",05-NOV-13 03.21.21.777000000 PM,"guestUser",05-NOV-13 03.21.21.777000000 PM
1280579,0,"MN",0,"guestUser",04-OCT-13 03.25.48.166000000 PM,"guestUser",04-OCT-13 03.25.48.166000000 PM
1278627,0,"SD",0,"guestUser",19-SEP-13 10.36.29.534000000 AM,"guestUser",19-SEP-13 10.36.29.534000000 AM
1281390,195,"MN",0,"guestUser",05-DEC-13 05.57.35.198000000 PM,"guestUser",05-DEC-13 05.57.35.198000000 PM
1281464,0,"MN",0,"guestUser",12-DEC-13 10.20.36.765000000 AM,"guestUser",12-DEC-13 10.20.36.765000000 AM
1281411,203,"MN",0,"guestUser",09-DEC-13 10.59.36.445000000 AM,"guestUser",09-DEC-13 10.59.36.445000000 AM
1281412,204,"MN",0,"guestUser",09-DEC-13 10.59.36.732000000 AM,"guestUser",09-DEC-13 10.59.36.732000000 AM
1281409,205,"MN",0,"guestUser",09-DEC-13 10.59.36.963000000 AM,"guestUser",09-DEC-13 10.59.36.963000000 AM
1281443,0,"MN",0,"guestUser",11-DEC-13 01.17.08.457000000 PM,"guestUser",11-DEC-13 01.17.08.457000000 PM
1281523,0,"SD",0,"guestUser",17-DEC-13 12.11.07.346000000 PM,"guestUser",17-DEC-13 12.11.07.346000000 PM
1281522,0,"MN",0,"guestUser",18-DEC-13 03.59.46.321000000 PM,"guestUser",18-DEC-13 03.59.46.321000000 PM
1280468,0,"SD",0,"guestUser",30-DEC-13 03.43.05.713000000 PM,"guestUser",30-DEC-13 03.43.05.713000000 PM
1161660,209,"MN",0,"PJHEID",11-DEC-13 04.57.23.942000000 PM,"PJHEID",11-DEC-13 04.57.23.942000000 PM
1281428,0,"MN",0,"guestUser",17-DEC-13 02.12.09.372000000 PM,"guestUser",17-DEC-13 02.12.09.372000000 PM
1281528,0,"IA",0,"guestUser",17-DEC-13 11.12.13.310000000 PM,"guestUser",17-DEC-13 11.12.13.310000000 PM
1281607,0,"MN",0,"guestUser",26-DEC-13 03.27.59.142000000 PM,"guestUser",26-DEC-13 03.27.59.142000000 PM
1157027,247,"MN",0,"JMLAGRO",09-JAN-14 09.57.37.905000000 AM,"JMLAGRO",09-JAN-14 09.57.37.905000000 AM
1280186,0,"SD",0,"guestUser",19-JAN-14 04.30.17.107000000 PM,"guestUser",19-JAN-14 04.30.17.107000000 PM
1280243,0,"SD",0,"guestUser",08-JAN-14 03.18.28.642000000 PM,"guestUser",08-JAN-14 03.18.28.642000000 PM
1281791,0,"SD",0,"guestUser",09-JAN-14 02.44.06.922000000 PM,"guestUser",09-JAN-14 02.44.06.922000000 PM
1281783,0,"SD",0,"guestUser",09-JAN-14 12.15.52.439000000 PM,"guestUser",09-JAN-14 12.15.52.439000000 PM
1282049,0,"MN",0,"guestUser",16-JAN-14 05.00.01.739000000 PM,"guestUser",16-JAN-14 05.00.01.739000000 PM
1281844,0,"UT",0,"guestUser",10-JAN-14 04.48.51.678000000 PM,"guestUser",10-JAN-14 04.48.51.678000000 PM
1281915,0,"UT",0,"guestUser",15-JAN-14 01.15.23.303000000 PM,"guestUser",15-JAN-14 01.15.23.303000000 PM
1183452,253,"MN",0,"JMLAGRO",10-JAN-14 08.23.26.852000000 AM,"JMLAGRO",10-JAN-14 08.23.26.852000000 AM
1281847,0,"SD",0,"guestUser",10-JAN-14 04.09.35.946000000 PM,"guestUser",10-JAN-14 04.09.35.946000000 PM
1171434,258,"MN",0,"PJHEID",12-JAN-14 04.41.57.649000000 PM,"PJHEID",12-JAN-14 04.41.57.649000000 PM
1170770,259,"MO",0,"JMLAGRO",13-JAN-14 08.03.59.698000000 AM,"JMLAGRO",13-JAN-14 08.03.59.698000000 AM
1281540,0,"IA",0,"guestUser",13-JAN-14 09.14.16.374000000 AM,"guestUser",13-JAN-14 09.14.16.374000000 AM
1000480,261,"MN",0,"JMLAGRO",13-JAN-14 12.40.29.966000000 PM,"JMLAGRO",13-JAN-14 12.40.29.966000000 PM
1278227,0,"MN",0,"guestUser",08-JUL-13 01.57.27.037000000 PM,"guestUser",08-JUL-13 01.57.27.037000000 PM
1276828,0,"SD",0,"guestUser",15-APR-13 11.22.54.323000000 AM,"guestUser",15-APR-13 11.22.54.323000000 AM
1276837,0,"AL",0,"guestUser",16-APR-13 10.51.44.053000000 AM,"guestUser",16-APR-13 10.51.44.053000000 AM
1276867,0,"MN",0,"guestUser",19-APR-13 01.52.41.025000000 PM,"guestUser",19-APR-13 01.52.41.025000000 PM
1278352,0,"MN",0,"guestUser",08-JUL-13 03.23.42.764000000 PM,"guestUser",08-JUL-13 03.23.42.764000000 PM
1280436,0,"MN",0,"guestUser",12-DEC-13 09.51.39.738000000 AM,"guestUser",12-DEC-13 09.51.39.738000000 AM
1278470,0,"MN",0,"guestUser",12-JUL-13 09.02.45.402000000 AM,"guestUser",12-JUL-13 09.02.45.402000000 AM
1278494,0,"SD",0,"guestUser",18-JUL-13 02.50.05.946000000 PM,"guestUser",18-JUL-13 02.50.05.946000000 PM
1278155,0,"SD",0,"guestUser",12-JUL-13 03.29.32.743000000 PM,"guestUser",12-JUL-13 03.29.32.743000000 PM
1277086,0,"SD",0,"guestUser",12-JUL-13 02.45.23.290000000 PM,"guestUser",12-JUL-13 02.45.23.290000000 PM
1277826,0,"CA",0,"guestUser",18-JUL-13 03.10.25.161000000 PM,"guestUser",18-JUL-13 03.10.25.161000000 PM
1279098,0,"VA",0,"guestUser",13-AUG-13 01.01.23.168000000 PM,"guestUser",13-AUG-13 01.01.23.168000000 PM
1278683,0,"MT",0,"guestUser",23-JUL-13 09.08.50.928000000 AM,"guestUser",23-JUL-13 09.08.50.928000000 AM
1278649,0,"SD",0,"guestUser",23-JUL-13 09.48.15.682000000 AM,"guestUser",23-JUL-13 09.48.15.682000000 AM
1278703,0,"MT",0,"guestUser",23-JUL-13 01.55.51.269000000 PM,"guestUser",23-JUL-13 01.55.51.269000000 PM
1279617,0,"MN",0,"guestUser",20-AUG-13 03.40.33.381000000 PM,"guestUser",20-AUG-13 03.40.33.381000000 PM
1278695,0,"MN",0,"guestUser",23-JUL-13 02.43.36.499000000 PM,"guestUser",23-JUL-13 02.43.36.499000000 PM
1279133,0,"FL",0,"guestUser",14-AUG-13 08.55.53.241000000 AM,"guestUser",14-AUG-13 08.55.53.241000000 AM
1278902,0,"MN",0,"guestUser",26-JUL-13 12.03.54.501000000 PM,"guestUser",26-JUL-13 12.03.54.501000000 PM
1164695,96,"SD",0,"JMLAGRO",03-OCT-13 02.59.31.023000000 PM,"JMLAGRO",03-OCT-13 02.59.31.023000000 PM
1280600,0,"MN",0,"guestUser",07-OCT-13 11.24.28.303000000 AM,"guestUser",07-OCT-13 11.24.28.303000000 AM
1279479,0,"SD",0,"guestUser",13-AUG-13 04.18.17.822000000 PM,"guestUser",13-AUG-13 04.18.17.822000000 PM
1277948,0,"MN",0,"guestUser",22-AUG-13 08.17.17.020000000 PM,"guestUser",22-AUG-13 08.17.17.020000000 PM
1279245,0,"MT",0,"guestUser",07-AUG-13 02.13.55.587000000 PM,"guestUser",07-AUG-13 02.13.55.587000000 PM
1279048,0,"NV",0,"guestUser",09-AUG-13 11.34.18.532000000 AM,"guestUser",09-AUG-13 11.34.18.532000000 AM
1281243,0,"MN",0,"guestUser",25-NOV-13 04.14.09.743000000 PM,"guestUser",25-NOV-13 04.14.09.743000000 PM
1279462,0,"MN",0,"guestUser",13-AUG-13 12.36.57.041000000 PM,"guestUser",13-AUG-13 12.36.57.041000000 PM
1279092,0,"CA",0,"guestUser",13-AUG-13 12.45.29.755000000 PM,"guestUser",13-AUG-13 12.45.29.755000000 PM
1279093,0,"TN",0,"guestUser",13-AUG-13 12.53.57.108000000 PM,"guestUser",13-AUG-13 12.53.57.108000000 PM
1279183,0,"MN",0,"guestUser",13-AUG-13 01.49.28.272000000 PM,"guestUser",13-AUG-13 01.49.28.272000000 PM
1279468,0,"SD",0,"guestUser",13-AUG-13 01.33.52.705000000 PM,"guestUser",13-AUG-13 01.33.52.705000000 PM
1279199,0,"CA",0,"guestUser",14-AUG-13 10.12.32.818000000 AM,"guestUser",14-AUG-13 10.12.32.818000000 AM
1278543,0,"OK",0,"guestUser",13-AUG-13 01.55.51.516000000 PM,"guestUser",13-AUG-13 01.55.51.516000000 PM
1279138,0,"NC",0,"guestUser",14-AUG-13 09.40.48.394000000 AM,"guestUser",14-AUG-13 09.40.48.394000000 AM
1279230,0,"MN",0,"guestUser",14-AUG-13 10.07.50.897000000 AM,"guestUser",14-AUG-13 10.07.50.897000000 AM
1279503,0,"MT",0,"guestUser",14-AUG-13 01.07.12.417000000 PM,"guestUser",14-AUG-13 01.07.12.417000000 PM
1277653,0,"MN",0,"guestUser",22-AUG-13 10.44.32.061000000 AM,"guestUser",22-AUG-13 10.44.32.061000000 AM
1279634,0,"MT",0,"guestUser",21-AUG-13 11.57.51.167000000 AM,"guestUser",21-AUG-13 11.57.51.167000000 AM
1278605,0,"MN",0,"guestUser",26-AUG-13 03.51.24.885000000 PM,"guestUser",26-AUG-13 03.51.24.885000000 PM
1280740,0,"SD",0,"guestUser",21-OCT-13 12.17.20.622000000 PM,"guestUser",21-OCT-13 12.17.20.622000000 PM
1279509,0,"NJ",0,"guestUser",26-AUG-13 03.50.07.976000000 PM,"guestUser",26-AUG-13 03.50.07.976000000 PM
1279881,0,"SD",0,"guestUser",27-AUG-13 02.11.02.970000000 PM,"guestUser",27-AUG-13 02.11.02.970000000 PM
1279856,0,"SD",0,"guestUser",27-AUG-13 11.01.03.122000000 AM,"guestUser",27-AUG-13 11.01.03.122000000 AM
1278581,0,"MN",0,"guestUser",06-OCT-13 04.53.15.063000000 PM,"guestUser",06-OCT-13 04.53.15.063000000 PM
1279885,65,"SD",0,"guestUser",27-AUG-13 02.11.03.498000000 PM,"guestUser",27-AUG-13 02.11.03.498000000 PM
1280593,0,"MN",0,"guestUser",07-OCT-13 08.21.15.147000000 AM,"guestUser",07-OCT-13 08.21.15.147000000 AM
1280601,0,"MN",0,"guestUser",07-OCT-13 11.31.27.396000000 AM,"guestUser",07-OCT-13 11.31.27.396000000 AM
1280604,0,"MN",0,"guestUser",07-OCT-13 03.36.38.276000000 PM,"guestUser",07-OCT-13 03.36.38.276000000 PM
1000537,107,"MN",0,"JMLAGRO",09-OCT-13 08.44.47.902000000 AM,"JMLAGRO",09-OCT-13 08.44.47.902000000 AM
1001687,104,"MN",0,"JMLAGRO",09-OCT-13 08.08.59.484000000 AM,"JMLAGRO",09-OCT-13 08.08.59.484000000 AM
1161587,106,"MN",0,"JMLAGRO",09-OCT-13 08.37.02.288000000 AM,"JMLAGRO",09-OCT-13 08.37.02.288000000 AM
1157914,109,"MN",0,"JMLAGRO",09-OCT-13 09.26.46.286000000 AM,"JMLAGRO",09-OCT-13 09.26.46.286000000 AM
1280671,0,"MN",0,"guestUser",10-OCT-13 10.11.56.763000000 AM,"guestUser",10-OCT-13 10.11.56.763000000 AM
1280661,0,"MN",0,"guestUser",09-OCT-13 02.25.08.684000000 PM,"guestUser",09-OCT-13 02.25.08.684000000 PM
1280660,0,"MN",0,"guestUser",09-OCT-13 02.31.39.843000000 PM,"guestUser",09-OCT-13 02.31.39.843000000 PM
1280664,0,"MN",0,"guestUser",09-OCT-13 03.14.57.035000000 PM,"guestUser",09-OCT-13 03.14.57.035000000 PM
1280666,0,"MN",0,"guestUser",10-OCT-13 09.09.03.822000000 AM,"guestUser",10-OCT-13 09.09.03.822000000 AM
1280682,0,"SD",0,"guestUser",10-OCT-13 04.26.09.823000000 PM,"guestUser",10-OCT-13 04.26.09.823000000 PM
1003069,137,"MN",0,"PJHEID",21-OCT-13 10.55.09.265000000 AM,"PJHEID",21-OCT-13 10.55.09.265000000 AM
1280668,0,"MS",0,"guestUser",15-OCT-13 01.38.48.892000000 PM,"guestUser",15-OCT-13 01.38.48.892000000 PM
1281720,0,"MN",0,"guestUser",07-JAN-14 02.48.36.905000000 PM,"guestUser",07-JAN-14 02.48.36.905000000 PM
1184949,139,"MN",0,"JMLAGRO",21-OCT-13 02.59.09.787000000 PM,"JMLAGRO",21-OCT-13 02.59.09.787000000 PM
1159274,128,"MN",0,"JMLAGRO",15-OCT-13 01.25.09.549000000 PM,"JMLAGRO",15-OCT-13 01.25.09.549000000 PM
1162385,147,"MN",0,"PJHEID",22-OCT-13 09.50.01.203000000 AM,"PJHEID",22-OCT-13 09.50.01.203000000 AM
1165219,154,"SD",0,"PJHEID",24-OCT-13 08.53.00.238000000 AM,"PJHEID",24-OCT-13 08.53.00.238000000 AM
1001449,198,"CO",0,"PJHEID",05-DEC-13 11.00.24.638000000 PM,"PJHEID",05-DEC-13 11.00.24.638000000 PM
1281427,0,"WA",0,"guestUser",09-DEC-13 10.56.14.792000000 PM,"guestUser",09-DEC-13 10.56.14.792000000 PM
1171292,232,"MN",0,"JMLAGRO",13-DEC-13 01.22.20.274000000 PM,"JMLAGRO",13-DEC-13 01.22.20.274000000 PM
1157153,210,"SD",0,"TBRABANDT",12-DEC-13 10.49.58.624000000 AM,"TBRABANDT",12-DEC-13 10.49.58.624000000 AM
1165331,211,"SD",0,"TBRABANDT",12-DEC-13 10.50.00.072000000 AM,"TBRABANDT",12-DEC-13 10.50.00.072000000 AM
1000703,212,"SD",0,"TBRABANDT",12-DEC-13 10.50.01.475000000 AM,"TBRABANDT",12-DEC-13 10.50.01.475000000 AM
1000167,213,"SD",0,"TBRABANDT",12-DEC-13 10.50.02.948000000 AM,"TBRABANDT",12-DEC-13 10.50.02.948000000 AM
1163238,214,"SD",0,"TBRABANDT",12-DEC-13 10.50.04.551000000 AM,"TBRABANDT",12-DEC-13 10.50.04.551000000 AM
1164691,215,"SD",0,"TBRABANDT",12-DEC-13 10.50.06.364000000 AM,"TBRABANDT",12-DEC-13 10.50.06.364000000 AM
1159982,216,"SD",0,"TBRABANDT",12-DEC-13 10.50.08.075000000 AM,"TBRABANDT",12-DEC-13 10.50.08.075000000 AM
1162330,217,"SD",0,"TBRABANDT",12-DEC-13 10.50.09.793000000 AM,"TBRABANDT",12-DEC-13 10.50.09.793000000 AM
1162349,218,"SD",0,"TBRABANDT",12-DEC-13 10.50.11.025000000 AM,"TBRABANDT",12-DEC-13 10.50.11.025000000 AM
1164529,219,"SD",0,"TBRABANDT",12-DEC-13 10.50.13.168000000 AM,"TBRABANDT",12-DEC-13 10.50.13.168000000 AM
1164534,220,"SD",0,"TBRABANDT",12-DEC-13 10.50.14.672000000 AM,"TBRABANDT",12-DEC-13 10.50.14.672000000 AM
1155391,221,"SD",0,"TBRABANDT",12-DEC-13 10.50.16.726000000 AM,"TBRABANDT",12-DEC-13 10.50.16.726000000 AM
1165244,222,"SD",0,"TBRABANDT",12-DEC-13 10.50.18.380000000 AM,"TBRABANDT",12-DEC-13 10.50.18.380000000 AM
1163212,223,"SD",0,"TBRABANDT",12-DEC-13 10.50.20.099000000 AM,"TBRABANDT",12-DEC-13 10.50.20.099000000 AM
1001144,224,"SD",0,"TBRABANDT",12-DEC-13 10.50.21.855000000 AM,"TBRABANDT",12-DEC-13 10.50.21.855000000 AM
1001547,225,"SD",0,"TBRABANDT",12-DEC-13 10.50.23.530000000 AM,"TBRABANDT",12-DEC-13 10.50.23.530000000 AM
1000795,226,"SD",0,"TBRABANDT",12-DEC-13 10.50.25.394000000 AM,"TBRABANDT",12-DEC-13 10.50.25.394000000 AM
1001548,227,"SD",0,"TBRABANDT",12-DEC-13 10.50.26.972000000 AM,"TBRABANDT",12-DEC-13 10.50.26.972000000 AM
1000970,228,"SD",0,"TBRABANDT",12-DEC-13 10.50.29.017000000 AM,"TBRABANDT",12-DEC-13 10.50.29.017000000 AM
1164690,229,"SD",0,"TBRABANDT",12-DEC-13 10.50.30.402000000 AM,"TBRABANDT",12-DEC-13 10.50.30.402000000 AM
1000229,230,"SD",0,"TBRABANDT",12-DEC-13 10.50.31.791000000 AM,"TBRABANDT",12-DEC-13 10.50.31.791000000 AM
1183636,231,"MN",0,"TBRABANDT",12-DEC-13 02.20.06.681000000 PM,"TBRABANDT",12-DEC-13 02.20.06.681000000 PM
1163791,257,"MN",0,"JMLAGRO",10-JAN-14 02.47.53.817000000 PM,"JMLAGRO",10-JAN-14 02.47.53.817000000 PM
1185530,238,"MN",0,"JMLAGRO",19-DEC-13 09.36.58.997000000 AM,"JMLAGRO",19-DEC-13 09.36.58.997000000 AM
1280684,0,"SD",0,"guestUser",30-DEC-13 10.52.20.989000000 AM,"guestUser",30-DEC-13 10.52.20.989000000 AM
1281629,0,"MN",0,"guestUser",30-DEC-13 10.37.20.353000000 AM,"guestUser",30-DEC-13 10.37.20.353000000 AM
1280500,0,"SD",0,"guestUser",30-DEC-13 04.24.03.998000000 PM,"guestUser",30-DEC-13 04.24.03.998000000 PM
1280689,0,"SD",0,"guestUser",31-DEC-13 10.31.39.391000000 AM,"guestUser",31-DEC-13 10.31.39.391000000 AM
1158624,241,"KS",0,"JMLAGRO",31-DEC-13 10.36.12.621000000 AM,"JMLAGRO",31-DEC-13 10.36.12.621000000 AM
1281642,0,"SD",0,"guestUser",31-DEC-13 12.43.24.861000000 PM,"guestUser",31-DEC-13 12.43.24.861000000 PM
1281082,0,"SD",0,"guestUser",31-DEC-13 10.49.03.189000000 AM,"guestUser",31-DEC-13 10.49.03.189000000 AM
1000549,248,"MN",0,"JMLAGRO",09-JAN-14 11.11.09.312000000 AM,"JMLAGRO",09-JAN-14 11.11.09.312000000 AM
1191348,242,"MN",0,"PJHEID",31-DEC-13 03.21.29.528000000 PM,"PJHEID",31-DEC-13 03.21.29.528000000 PM
1281745,0,"MN",0,"guestUser",09-JAN-14 01.22.07.542000000 PM,"guestUser",09-JAN-14 01.22.07.542000000 PM
1277031,0,"CA",0,"guestUser",13-JAN-14 02.39.46.506000000 PM,"guestUser",13-JAN-14 02.39.46.506000000 PM
1158654,260,"MN",0,"JMLAGRO",13-JAN-14 11.15.36.264000000 AM,"JMLAGRO",13-JAN-14 11.15.36.264000000 AM
1279894,0,"MN",0,"guestUser",15-JAN-14 10.43.23.408000000 AM,"guestUser",15-JAN-14 10.43.23.408000000 AM
1276842,0,"MN",0,"guestUser",16-APR-13 11.55.36.423000000 AM,"guestUser",16-APR-13 11.55.36.423000000 AM
1277444,0,"MN",0,"guestUser",10-MAY-13 03.38.10.474000000 PM,"guestUser",10-MAY-13 03.38.10.474000000 PM
1277194,0,"MN",0,"guestUser",06-MAY-13 07.41.19.670000000 AM,"guestUser",06-MAY-13 07.41.19.670000000 AM
1277198,0,"SD",0,"guestUser",02-MAY-13 01.28.30.866000000 PM,"guestUser",02-MAY-13 01.28.30.866000000 PM
1277231,0,"SD",0,"guestUser",03-MAY-13 12.28.04.696000000 PM,"guestUser",03-MAY-13 12.28.04.696000000 PM
1277558,0,"MN",0,"guestUser",15-MAY-13 12.07.30.068000000 PM,"guestUser",15-MAY-13 12.07.30.068000000 PM
1277358,0,"MN",0,"guestUser",08-MAY-13 10.38.02.708000000 AM,"guestUser",08-MAY-13 10.38.02.708000000 AM
1278900,0,"MN",0,"guestUser",26-JUL-13 10.59.06.348000000 AM,"guestUser",26-JUL-13 10.59.06.348000000 AM
1277608,0,"MN",0,"guestUser",17-MAY-13 01.44.59.229000000 PM,"guestUser",17-MAY-13 01.44.59.229000000 PM
1276852,0,"MN",0,"guestUser",16-JUL-13 03.24.48.438000000 PM,"guestUser",16-JUL-13 03.24.48.438000000 PM
1277359,26,"MN",0,"guestUser",08-MAY-13 10.56.22.531000000 AM,"guestUser",08-MAY-13 10.56.22.531000000 AM
1277360,27,"MN",0,"guestUser",08-MAY-13 10.56.22.786000000 AM,"guestUser",08-MAY-13 10.56.22.786000000 AM
1277361,28,"MN",0,"guestUser",08-MAY-13 10.56.23.042000000 AM,"guestUser",08-MAY-13 10.56.23.042000000 AM
1277362,29,"MN",0,"guestUser",08-MAY-13 10.56.23.255000000 AM,"guestUser",08-MAY-13 10.56.23.255000000 AM
1279786,0,"WA",0,"guestUser",24-SEP-13 05.15.46.844000000 PM,"guestUser",24-SEP-13 05.15.46.844000000 PM
1278585,0,"MN",0,"guestUser",17-JUL-13 09.03.17.501000000 AM,"guestUser",17-JUL-13 09.03.17.501000000 AM
1277032,49,"MN",0,"guestUser",16-JUL-13 03.25.40.118000000 PM,"guestUser",16-JUL-13 03.25.40.118000000 PM
1277025,50,"MN",0,"guestUser",16-JUL-13 03.25.41.173000000 PM,"guestUser",16-JUL-13 03.25.41.173000000 PM
1278574,51,"MN",0,"guestUser",16-JUL-13 03.25.41.771000000 PM,"guestUser",16-JUL-13 03.25.41.771000000 PM
1277819,52,"MN",0,"guestUser",16-JUL-13 03.25.42.351000000 PM,"guestUser",16-JUL-13 03.25.42.351000000 PM
1280561,0,"MN",0,"guestUser",03-OCT-13 11.20.18.160000000 AM,"guestUser",03-OCT-13 11.20.18.160000000 AM
1278593,0,"AL",0,"guestUser",17-JUL-13 12.52.21.503000000 PM,"guestUser",17-JUL-13 12.52.21.503000000 PM
1277057,0,"MN",0,"guestUser",18-JUL-13 09.44.46.875000000 AM,"guestUser",18-JUL-13 09.44.46.875000000 AM
1278638,0,"SD",0,"guestUser",22-JUL-13 09.47.07.314000000 AM,"guestUser",22-JUL-13 09.47.07.314000000 AM
1279053,0,"MN",0,"guestUser",31-JUL-13 01.24.11.635000000 PM,"guestUser",31-JUL-13 01.24.11.635000000 PM
1278666,0,"MN",0,"guestUser",22-JUL-13 03.30.34.867000000 PM,"guestUser",22-JUL-13 03.30.34.867000000 PM
1278901,0,"MN",0,"guestUser",26-JUL-13 11.09.36.947000000 AM,"guestUser",26-JUL-13 11.09.36.947000000 AM
1278906,0,"SD",0,"guestUser",26-JUL-13 11.20.25.734000000 AM,"guestUser",26-JUL-13 11.20.25.734000000 AM
1279523,0,"CA",0,"guestUser",24-SEP-13 02.11.47.310000000 PM,"guestUser",24-SEP-13 02.11.47.310000000 PM
1280489,0,"SD",0,"guestUser",25-SEP-13 04.36.58.376000000 PM,"guestUser",25-SEP-13 04.36.58.376000000 PM
1182131,97,"MN",0,"JMLAGRO",04-OCT-13 07.58.56.485000000 AM,"JMLAGRO",04-OCT-13 07.58.56.485000000 AM
1277909,0,"MN",0,"guestUser",31-JUL-13 02.19.31.860000000 PM,"guestUser",31-JUL-13 02.19.31.860000000 PM
1280655,0,"MN",0,"guestUser",09-OCT-13 11.44.12.197000000 AM,"guestUser",09-OCT-13 11.44.12.197000000 AM
1192446,119,"MN",0,"PJHEID",09-OCT-13 03.02.45.634000000 PM,"PJHEID",09-OCT-13 03.02.45.634000000 PM
1280663,0,"MN",0,"guestUser",09-OCT-13 03.07.07.724000000 PM,"guestUser",09-OCT-13 03.07.07.724000000 PM
1190623,177,"MN",0,"JMLAGRO",26-NOV-13 10.31.22.581000000 AM,"JMLAGRO",26-NOV-13 10.31.22.581000000 AM
1003081,136,"GA",0,"PJHEID",21-OCT-13 09.45.37.741000000 AM,"PJHEID",21-OCT-13 09.45.37.741000000 AM
1281236,0,"MN",0,"guestUser",25-NOV-13 03.25.22.180000000 PM,"guestUser",25-NOV-13 03.25.22.180000000 PM
1281015,0,"KS",0,"guestUser",27-NOV-13 01.40.58.318000000 PM,"guestUser",27-NOV-13 01.40.58.318000000 PM
1281887,0,"FL",0,"guestUser",13-JAN-14 06.07.56.882000000 PM,"guestUser",13-JAN-14 06.07.56.882000000 PM
1276923,0,"FL",0,"guestUser",05-DEC-13 02.05.03.813000000 PM,"guestUser",05-DEC-13 02.05.03.813000000 PM
1158699,197,"MN",0,"PJHEID",05-DEC-13 10.48.27.188000000 PM,"PJHEID",05-DEC-13 10.48.27.188000000 PM
1281703,0,"MN",0,"guestUser",07-JAN-14 10.22.32.847000000 AM,"guestUser",07-JAN-14 10.22.32.847000000 AM
1281894,0,"OK",0,"guestUser",16-JAN-14 01.25.55.138000000 PM,"guestUser",16-JAN-14 01.25.55.138000000 PM
1282008,0,"WI",0,"guestUser",16-JAN-14 11.17.02.222000000 AM,"guestUser",16-JAN-14 11.17.02.222000000 AM
1282037,0,"MN",0,"guestUser",16-JAN-14 02.01.40.232000000 PM,"guestUser",16-JAN-14 02.01.40.232000000 PM
1281999,0,"MN",0,"guestUser",16-JAN-14 02.19.55.447000000 PM,"guestUser",16-JAN-14 02.19.55.447000000 PM
1282079,0,"MN",0,"guestUser",17-JAN-14 03.36.54.352000000 PM,"guestUser",17-JAN-14 03.36.54.352000000 PM
1282040,0,"MN",0,"guestUser",16-JAN-14 02.26.09.205000000 PM,"guestUser",16-JAN-14 02.26.09.205000000 PM
1281962,0,"LA",0,"guestUser",16-JAN-14 02.43.17.240000000 PM,"guestUser",16-JAN-14 02.43.17.240000000 PM
1162209,293,"MN",0,"JMLAGRO",04-FEB-14 10.25.15.707000000 AM,"JMLAGRO",04-FEB-14 10.25.15.707000000 AM
1280557,0,"MN",0,"guestUser",27-JAN-14 01.26.59.066000000 PM,"guestUser",27-JAN-14 01.26.59.066000000 PM
1003826,297,"MN",0,"JUDITHSZEGEDI",04-FEB-14 07.08.52.213000000 PM,"JUDITHSZEGEDI",04-FEB-14 07.08.52.213000000 PM
1282306,0,"CA",0,"guestUser",28-JAN-14 12.50.18.526000000 PM,"guestUser",28-JAN-14 12.50.18.526000000 PM
1282451,0,"MT",0,"guestUser",30-JAN-14 10.51.59.025000000 AM,"guestUser",30-JAN-14 10.51.59.025000000 AM
1162418,294,"CA",0,"ZOEASANDY",04-FEB-14 12.10.57.913000000 PM,"ZOEASANDY",04-FEB-14 12.10.57.913000000 PM
1283254,0,"MN",0,"guestUser",11-MAR-14 10.56.06.098000000 AM,"guestUser",11-MAR-14 10.56.06.098000000 AM
1001785,310,"TN",0,"PJHEID",09-FEB-14 09.46.01.813000000 PM,"PJHEID",09-FEB-14 09.46.01.813000000 PM
1282592,0,"MN",0,"guestUser",18-FEB-14 03.06.49.827000000 PM,"guestUser",18-FEB-14 03.06.49.827000000 PM
1160671,312,"SD",0,"JOYSPEZIALE",10-FEB-14 12.07.18.216000000 PM,"JOYSPEZIALE",10-FEB-14 12.07.18.216000000 PM
1282608,0,"MN",0,"guestUser",11-FEB-14 11.07.20.566000000 AM,"guestUser",11-FEB-14 11.07.20.566000000 AM
1282593,0,"MN",0,"guestUser",11-FEB-14 11.22.10.038000000 AM,"guestUser",11-FEB-14 11.22.10.038000000 AM
1282688,0,"MN",0,"guestUser",18-FEB-14 03.24.23.431000000 PM,"guestUser",18-FEB-14 03.24.23.431000000 PM
1278115,0,"MN",0,"guestUser",24-FEB-14 01.09.28.905000000 PM,"guestUser",24-FEB-14 01.09.28.905000000 PM
1165325,326,"SD",0,"JOYSPEZIALE",19-FEB-14 04.25.18.312000000 PM,"JOYSPEZIALE",19-FEB-14 04.25.18.312000000 PM
1282916,0,"MN",0,"guestUser",25-FEB-14 10.39.23.176000000 AM,"guestUser",25-FEB-14 10.39.23.176000000 AM
1192153,338,"MN",0,"JUDITHSZEGEDI",24-FEB-14 01.20.50.013000000 PM,"JUDITHSZEGEDI",24-FEB-14 01.20.50.013000000 PM
1002990,345,"MN",0,"PJHEID",25-FEB-14 04.31.39.986000000 PM,"PJHEID",25-FEB-14 04.31.39.986000000 PM
1182606,341,"MN",0,"PJHEID",25-FEB-14 03.38.32.121000000 PM,"PJHEID",25-FEB-14 03.38.32.121000000 PM
1204678,347,"MN",0,"PJHEID",25-FEB-14 04.50.18.246000000 PM,"PJHEID",25-FEB-14 04.50.18.246000000 PM
1283263,0,"MN",0,"guestUser",11-MAR-14 11.59.20.054000000 AM,"guestUser",11-MAR-14 11.59.20.054000000 AM
1001210,359,"SD",0,"JUDITHSZEGEDI",28-FEB-14 03.28.50.053000000 PM,"JUDITHSZEGEDI",28-FEB-14 03.28.50.053000000 PM
1001497,379,"CA",0,"JOYSPEZIALE",04-MAR-14 08.04.46.849000000 PM,"JOYSPEZIALE",04-MAR-14 08.04.46.849000000 PM
1283150,0,"SD",0,"guestUser",05-MAR-14 01.34.52.823000000 PM,"guestUser",05-MAR-14 01.34.52.823000000 PM
1276773,0,"MN",0,"guestUser",09-APR-13 02.11.00.910000000 PM,"guestUser",09-APR-13 02.11.00.910000000 PM
1279324,0,"SD",0,"guestUser",08-AUG-13 04.19.43.060000000 PM,"guestUser",08-AUG-13 04.19.43.060000000 PM
1276770,0,"MN",0,"guestUser",12-APR-13 01.51.43.178000000 PM,"guestUser",12-APR-13 01.51.43.178000000 PM
1278262,0,"MN",0,"guestUser",28-JUN-13 04.27.43.698000000 PM,"guestUser",28-JUN-13 04.27.43.698000000 PM
1279124,0,"FL",0,"guestUser",13-AUG-13 02.04.15.667000000 PM,"guestUser",13-AUG-13 02.04.15.667000000 PM
1279215,0,"CO",0,"guestUser",14-AUG-13 12.42.15.775000000 PM,"guestUser",14-AUG-13 12.42.15.775000000 PM
1280185,0,"MN",0,"guestUser",04-SEP-13 04.21.18.077000000 PM,"guestUser",04-SEP-13 04.21.18.077000000 PM
1280179,0,"SD",0,"guestUser",04-SEP-13 09.13.24.977000000 AM,"guestUser",04-SEP-13 09.13.24.977000000 AM
1279248,0,"AZ",0,"guestUser",14-AUG-13 12.49.18.904000000 PM,"guestUser",14-AUG-13 12.49.18.904000000 PM
1280316,0,"MN",0,"guestUser",12-SEP-13 10.58.22.742000000 AM,"guestUser",12-SEP-13 10.58.22.742000000 AM
1280035,66,"MN",0,"guestUser",29-AUG-13 02.13.53.605000000 PM,"guestUser",29-AUG-13 02.13.53.605000000 PM
1278278,0,"MT",0,"guestUser",09-SEP-13 12.39.57.071000000 PM,"guestUser",09-SEP-13 12.39.57.071000000 PM
1280299,0,"SD",0,"guestUser",10-SEP-13 04.26.34.845000000 PM,"guestUser",10-SEP-13 04.26.34.845000000 PM
1280317,0,"MN",0,"guestUser",12-SEP-13 11.12.50.680000000 AM,"guestUser",12-SEP-13 11.12.50.680000000 AM
1280315,70,"MN",0,"guestUser",12-SEP-13 10.37.52.151000000 AM,"guestUser",12-SEP-13 10.37.52.151000000 AM
1281250,0,"SD",0,"guestUser",26-NOV-13 08.52.11.492000000 AM,"guestUser",26-NOV-13 08.52.11.492000000 AM
1280318,71,"MN",0,"guestUser",12-SEP-13 11.16.16.368000000 AM,"guestUser",12-SEP-13 11.16.16.368000000 AM
1280543,0,"CA",0,"guestUser",02-OCT-13 02.53.01.815000000 PM,"guestUser",02-OCT-13 02.53.01.815000000 PM
1280560,0,"MN",0,"guestUser",03-OCT-13 11.11.46.483000000 AM,"guestUser",03-OCT-13 11.11.46.483000000 AM
1280712,0,"SD",0,"guestUser",16-OCT-13 09.53.08.568000000 AM,"guestUser",16-OCT-13 09.53.08.568000000 AM
1277758,0,"GA",0,"guestUser",16-OCT-13 02.53.30.456000000 PM,"guestUser",16-OCT-13 02.53.30.456000000 PM
1280681,0,"IA",0,"guestUser",16-OCT-13 12.47.45.102000000 PM,"guestUser",16-OCT-13 12.47.45.102000000 PM
1280728,0,"MN",0,"guestUser",17-OCT-13 05.00.19.606000000 PM,"guestUser",17-OCT-13 05.00.19.606000000 PM
1280723,0,"MT",0,"guestUser",17-OCT-13 12.52.49.043000000 PM,"guestUser",17-OCT-13 12.52.49.043000000 PM
1279616,0,"MT",0,"guestUser",31-OCT-13 12.20.33.322000000 PM,"guestUser",31-OCT-13 12.20.33.322000000 PM
1190930,142,"MN",0,"JMLAGRO",21-OCT-13 03.29.14.822000000 PM,"JMLAGRO",21-OCT-13 03.29.14.822000000 PM
1003070,150,"MN",0,"PJHEID",23-OCT-13 10.34.05.888000000 AM,"PJHEID",23-OCT-13 10.34.05.888000000 AM
1279544,0,"MN",0,"guestUser",31-OCT-13 11.31.44.261000000 AM,"guestUser",31-OCT-13 11.31.44.261000000 AM
1280753,0,"MN",0,"guestUser",01-NOV-13 11.46.24.051000000 AM,"guestUser",01-NOV-13 11.46.24.051000000 AM
1280618,0,"SD",0,"guestUser",01-NOV-13 01.23.27.841000000 PM,"guestUser",01-NOV-13 01.23.27.841000000 PM
1163717,158,"MS",0,"PJHEID",01-NOV-13 12.44.01.126000000 PM,"PJHEID",01-NOV-13 12.44.01.126000000 PM
1280915,0,"MN",0,"guestUser",04-NOV-13 08.44.37.470000000 AM,"guestUser",04-NOV-13 08.44.37.470000000 AM
1280912,0,"SD",0,"guestUser",01-NOV-13 03.44.20.445000000 PM,"guestUser",01-NOV-13 03.44.20.445000000 PM
1000087,168,"MN",0,"JMLAGRO",07-NOV-13 01.36.41.658000000 PM,"JMLAGRO",07-NOV-13 01.36.41.658000000 PM
1280994,0,"SD",0,"guestUser",07-NOV-13 04.58.02.190000000 PM,"guestUser",07-NOV-13 04.58.02.190000000 PM
1281160,0,"MN",0,"guestUser",20-NOV-13 10.45.39.890000000 AM,"guestUser",20-NOV-13 10.45.39.890000000 AM
1281030,173,"MN",0,"guestUser",12-NOV-13 02.37.14.954000000 PM,"guestUser",12-NOV-13 02.37.14.954000000 PM
1281156,0,"MN",0,"guestUser",20-NOV-13 10.52.50.090000000 AM,"guestUser",20-NOV-13 10.52.50.090000000 AM
1281190,0,"MN",0,"guestUser",21-NOV-13 05.21.04.999000000 PM,"guestUser",21-NOV-13 05.21.04.999000000 PM
1001058,391,"MN",0,"JUDITHSZEGEDI",10-MAR-14 01.21.15.566000000 PM,"JUDITHSZEGEDI",10-MAR-14 01.21.15.566000000 PM
1281426,0,"SD",0,"guestUser",08-JAN-14 04.39.54.517000000 PM,"guestUser",08-JAN-14 04.39.54.517000000 PM
1281730,0,"NE",0,"guestUser",09-JAN-14 11.30.31.993000000 AM,"guestUser",09-JAN-14 11.30.31.993000000 AM
1169905,244,"MT",0,"PJHEID",03-JAN-14 12.48.44.491000000 PM,"PJHEID",03-JAN-14 12.48.44.491000000 PM
1281432,0,"MN",0,"guestUser",09-JAN-14 12.48.45.807000000 PM,"guestUser",09-JAN-14 12.48.45.807000000 PM
1167648,265,"IA",0,"PJHEID",14-JAN-14 03.57.39.559000000 PM,"PJHEID",14-JAN-14 03.57.39.559000000 PM
1000482,254,"MN",0,"JMLAGRO",10-JAN-14 12.08.50.841000000 PM,"JMLAGRO",10-JAN-14 12.08.50.841000000 PM
1204196,266,"MN",0,"PJHEID",15-JAN-14 12.36.48.234000000 PM,"PJHEID",15-JAN-14 12.36.48.234000000 PM
1282042,0,"MN",0,"guestUser",22-JAN-14 02.31.08.711000000 PM,"guestUser",22-JAN-14 02.31.08.711000000 PM
1282103,0,"MN",0,"guestUser",19-JAN-14 11.54.42.607000000 AM,"guestUser",19-JAN-14 11.54.42.607000000 AM
1281831,0,"CA",0,"guestUser",10-JAN-14 02.14.26.225000000 PM,"guestUser",10-JAN-14 02.14.26.225000000 PM
1282054,0,"MN",0,"guestUser",17-JAN-14 09.18.35.202000000 AM,"guestUser",17-JAN-14 09.18.35.202000000 AM
1282247,0,"AZ",0,"guestUser",22-JAN-14 03.08.45.567000000 PM,"guestUser",22-JAN-14 03.08.45.567000000 PM
1277727,0,"MO",0,"guestUser",22-MAY-13 02.31.21.988000000 PM,"guestUser",22-MAY-13 02.31.21.988000000 PM
1277357,0,"MN",0,"guestUser",16-JUL-13 04.10.58.611000000 PM,"guestUser",16-JUL-13 04.10.58.611000000 PM
1281169,0,"MN",0,"guestUser",20-NOV-13 12.07.08.299000000 PM,"guestUser",20-NOV-13 12.07.08.299000000 PM
1277743,0,"SD",0,"guestUser",22-MAY-13 05.00.03.058000000 PM,"guestUser",22-MAY-13 05.00.03.058000000 PM
1278167,0,"MN",0,"guestUser",24-JUN-13 04.42.37.438000000 PM,"guestUser",24-JUN-13 04.42.37.438000000 PM
1277688,0,"MN",0,"guestUser",21-MAY-13 11.11.14.421000000 AM,"guestUser",21-MAY-13 11.11.14.421000000 AM
1279210,0,"MN",0,"guestUser",07-AUG-13 08.30.08.866000000 AM,"guestUser",07-AUG-13 08.30.08.866000000 AM
1276872,0,"MT",0,"guestUser",17-APR-13 09.23.50.053000000 PM,"guestUser",17-APR-13 09.23.50.053000000 PM
1278297,0,"MN",0,"guestUser",08-JUL-13 10.23.24.161000000 AM,"guestUser",08-JUL-13 10.23.24.161000000 AM
1278162,0,"MN",0,"guestUser",24-JUN-13 04.40.24.168000000 PM,"guestUser",24-JUN-13 04.40.24.168000000 PM
1278560,0,"MN",0,"guestUser",16-JUL-13 09.41.12.693000000 AM,"guestUser",16-JUL-13 09.41.12.693000000 AM
1280642,0,"MN",0,"guestUser",09-OCT-13 09.24.05.585000000 AM,"guestUser",09-OCT-13 09.24.05.585000000 AM
1278768,0,"MN",0,"guestUser",24-JUL-13 01.46.17.257000000 PM,"guestUser",24-JUL-13 01.46.17.257000000 PM
1278705,0,"SD",0,"guestUser",26-JUL-13 10.45.43.541000000 AM,"guestUser",26-JUL-13 10.45.43.541000000 AM
1278951,0,"MS",0,"guestUser",28-JUL-13 10.34.14.891000000 AM,"guestUser",28-JUL-13 10.34.14.891000000 AM
1278946,0,"CO",0,"guestUser",30-JUL-13 12.53.11.631000000 PM,"guestUser",30-JUL-13 12.53.11.631000000 PM
1000442,313,"MN",0,"PJHEID",12-FEB-14 07.55.53.613000000 AM,"PJHEID",12-FEB-14 07.55.53.613000000 AM
1278907,53,"SD",0,"guestUser",26-JUL-13 11.39.03.247000000 AM,"guestUser",26-JUL-13 11.39.03.247000000 AM
1278908,54,"SD",0,"guestUser",26-JUL-13 11.39.03.439000000 AM,"guestUser",26-JUL-13 11.39.03.439000000 AM
1278909,55,"SD",0,"guestUser",26-JUL-13 11.39.03.600000000 AM,"guestUser",26-JUL-13 11.39.03.600000000 AM
1280577,0,"MN",0,"guestUser",04-OCT-13 03.18.36.768000000 PM,"guestUser",04-OCT-13 03.18.36.768000000 PM
1279045,0,"SD",0,"guestUser",31-JUL-13 09.54.13.190000000 AM,"guestUser",31-JUL-13 09.54.13.190000000 AM
1167647,82,"SD",0,"JMLAGRO",27-SEP-13 01.47.33.652000000 PM,"JMLAGRO",27-SEP-13 01.47.33.652000000 PM
1279448,0,"MN",0,"guestUser",12-AUG-13 03.53.55.731000000 PM,"guestUser",12-AUG-13 03.53.55.731000000 PM
1280594,0,"MN",0,"guestUser",07-OCT-13 08.30.17.996000000 AM,"guestUser",07-OCT-13 08.30.17.996000000 AM
1280602,0,"MN",0,"guestUser",07-OCT-13 11.42.00.274000000 AM,"guestUser",07-OCT-13 11.42.00.274000000 AM
1279220,0,"MO",0,"guestUser",07-AUG-13 04.17.00.760000000 PM,"guestUser",07-AUG-13 04.17.00.760000000 PM
1278982,0,"SD",0,"guestUser",12-AUG-13 04.53.09.920000000 PM,"guestUser",12-AUG-13 04.53.09.920000000 PM
1280613,0,"SD",0,"guestUser",07-OCT-13 02.49.02.082000000 PM,"guestUser",07-OCT-13 02.49.02.082000000 PM
1001681,105,"MN",0,"JMLAGRO",09-OCT-13 08.27.07.252000000 AM,"JMLAGRO",09-OCT-13 08.27.07.252000000 AM
1279157,0,"MN",0,"guestUser",13-AUG-13 09.59.10.387000000 AM,"guestUser",13-AUG-13 09.59.10.387000000 AM
1280672,0,"MN",0,"guestUser",10-OCT-13 10.20.56.715000000 AM,"guestUser",10-OCT-13 10.20.56.715000000 AM
1187810,311,"SD",0,"JMLAGRO",10-FEB-14 11.08.03.618000000 AM,"JMLAGRO",10-FEB-14 11.08.03.618000000 AM
1279461,0,"MT",0,"guestUser",13-AUG-13 12.12.50.806000000 PM,"guestUser",13-AUG-13 12.12.50.806000000 PM
1281465,0,"SD",0,"guestUser",12-DEC-13 09.35.11.895000000 AM,"guestUser",12-DEC-13 09.35.11.895000000 AM
1281713,0,"MN",0,"guestUser",07-JAN-14 01.08.17.937000000 PM,"guestUser",07-JAN-14 01.08.17.937000000 PM
1280700,127,"MN",0,"guestUser",15-OCT-13 10.41.49.051000000 AM,"guestUser",15-OCT-13 10.41.49.051000000 AM
1281112,0,"MN",0,"guestUser",03-DEC-13 03.54.38.229000000 PM,"guestUser",03-DEC-13 03.54.38.229000000 PM
1190718,245,"MT",0,"JMLAGRO",03-JAN-14 01.12.48.260000000 PM,"JMLAGRO",03-JAN-14 01.12.48.260000000 PM
1000695,331,"MN",0,"LISACAMPBELL",21-FEB-14 10.21.55.735000000 AM,"LISACAMPBELL",21-FEB-14 10.21.55.735000000 AM
1280947,0,"AZ",0,"guestUser",05-NOV-13 02.37.53.861000000 PM,"guestUser",05-NOV-13 02.37.53.861000000 PM
1280953,0,"MN",0,"guestUser",05-NOV-13 05.24.04.876000000 PM,"guestUser",05-NOV-13 05.24.04.876000000 PM
1159277,161,"MN",0,"PJHEID",06-NOV-13 08.24.39.381000000 AM,"PJHEID",06-NOV-13 08.24.39.381000000 AM
1279680,0,"SD",0,"guestUser",06-NOV-13 03.00.54.282000000 PM,"guestUser",06-NOV-13 03.00.54.282000000 PM
1279690,0,"SD",0,"guestUser",07-NOV-13 12.30.23.508000000 PM,"guestUser",07-NOV-13 12.30.23.508000000 PM
1280876,0,"MN",0,"guestUser",19-NOV-13 03.27.57.548000000 PM,"guestUser",19-NOV-13 03.27.57.548000000 PM
1281168,0,"MN",0,"guestUser",20-NOV-13 11.38.30.786000000 AM,"guestUser",20-NOV-13 11.38.30.786000000 AM
1281162,0,"SD",0,"guestUser",20-NOV-13 08.04.34.871000000 AM,"guestUser",20-NOV-13 08.04.34.871000000 AM
1204375,196,"MN",0,"PJHEID",05-DEC-13 08.34.39.865000000 PM,"PJHEID",05-DEC-13 08.34.39.865000000 PM
1280193,0,"MN",0,"guestUser",20-NOV-13 12.11.54.296000000 PM,"guestUser",20-NOV-13 12.11.54.296000000 PM
1163670,191,"WA",0,"JMLAGRO",05-DEC-13 12.45.00.713000000 PM,"JMLAGRO",05-DEC-13 12.45.00.713000000 PM
1001470,193,"AZ",0,"JMLAGRO",05-DEC-13 01.09.11.058000000 PM,"JMLAGRO",05-DEC-13 01.09.11.058000000 PM
1281691,0,"MN",0,"guestUser",06-JAN-14 02.42.27.838000000 PM,"guestUser",06-JAN-14 02.42.27.838000000 PM
1281413,0,"NM",0,"guestUser",09-DEC-13 12.27.18.743000000 PM,"guestUser",09-DEC-13 12.27.18.743000000 PM
1281701,0,"MN",0,"guestUser",07-JAN-14 09.56.08.886000000 AM,"guestUser",07-JAN-14 09.56.08.886000000 AM
1281429,0,"VA",0,"guestUser",12-DEC-13 10.36.56.165000000 AM,"guestUser",12-DEC-13 10.36.56.165000000 AM
1283262,0,"MN",0,"guestUser",11-MAR-14 11.35.22.259000000 AM,"guestUser",11-MAR-14 11.35.22.259000000 AM
1285937,0,"MN",0,"KWOODALL",01-OCT-14 09.11.41.186000000 AM,"KWOODALL",01-OCT-14 09.11.41.186000000 AM
1281503,250,"MN",0,"guestUser",09-JAN-14 12.56.08.525000000 PM,"guestUser",09-JAN-14 12.56.08.525000000 PM
1001832,329,"IA",0,"ZOEASANDY",20-FEB-14 11.33.58.687000000 AM,"ZOEASANDY",20-FEB-14 11.33.58.687000000 AM
1183522,332,"MN",0,"JUDITHSZEGEDI",21-FEB-14 12.15.40.964000000 PM,"JUDITHSZEGEDI",21-FEB-14 12.15.40.964000000 PM
1158570,403,"SD",0,"JOYSPEZIALE",11-MAR-14 03.37.45.437000000 PM,"JOYSPEZIALE",11-MAR-14 03.37.45.437000000 PM
1277674,0,"SD",0,"JMLAGRO",30-SEP-14 03.58.01.823000000 PM,"JMLAGRO",30-SEP-14 03.58.01.823000000 PM
1277761,0,"MN",0,"guestUser",26-JUN-13 10.49.28.875000000 AM,"guestUser",26-JUN-13 10.49.28.875000000 AM
1280353,0,"MN",0,"guestUser",17-SEP-13 04.27.16.818000000 PM,"guestUser",17-SEP-13 04.27.16.818000000 PM
1286358,0,"MN",0,"PJHEID",01-OCT-14 01.35.53.533000000 PM,"PJHEID",01-OCT-14 01.35.53.533000000 PM
1289446,0,"MN",0,"GUESTUSER",01-OCT-14 09.17.40.284000000 AM,"GUESTUSER",01-OCT-14 09.17.40.284000000 AM
1279717,0,"MN",0,"JMLAGRO",01-OCT-14 12.11.36.305000000 PM,"JMLAGRO",01-OCT-14 12.11.36.305000000 PM
1281481,0,"MT",0,"JMLAGRO",01-OCT-14 01.17.47.405000000 PM,"JMLAGRO",01-OCT-14 01.17.47.405000000 PM
1279719,1324,"MN",0,"JMLAGRO",01-OCT-14 12.11.37.314000000 PM,"JMLAGRO",01-OCT-14 12.11.37.314000000 PM
1278294,0,"SD",0,"guestUser",12-JUL-13 02.00.17.344000000 PM,"guestUser",12-JUL-13 02.00.17.344000000 PM
1278521,0,"MN",0,"guestUser",12-JUL-13 01.55.35.335000000 PM,"guestUser",12-JUL-13 01.55.35.335000000 PM
1290677,0,"MN",0,"GUESTUSER",01-OCT-14 04.07.15.469000000 PM,"GUESTUSER",01-OCT-14 04.07.15.469000000 PM
1278266,0,"MN",0,"guestUser",12-JUL-13 02.01.05.743000000 PM,"guestUser",12-JUL-13 02.01.05.743000000 PM
1280322,0,"MN",0,"JMLAGRO",01-OCT-14 01.33.41.972000000 PM,"JMLAGRO",01-OCT-14 01.33.41.972000000 PM
1278551,0,"AK",0,"guestUser",16-JUL-13 08.36.01.996000000 AM,"guestUser",16-JUL-13 08.36.01.996000000 AM
1278571,0,"SD",0,"guestUser",16-JUL-13 01.00.11.363000000 PM,"guestUser",16-JUL-13 01.00.11.363000000 PM
1278525,0,"MN",0,"guestUser",12-JUL-13 02.25.20.519000000 PM,"guestUser",12-JUL-13 02.25.20.519000000 PM
1277668,0,"MN",0,"guestUser",13-AUG-13 10.18.08.650000000 AM,"guestUser",13-AUG-13 10.18.08.650000000 AM
1278745,0,"SD",0,"guestUser",24-JUL-13 11.21.22.092000000 AM,"guestUser",24-JUL-13 11.21.22.092000000 AM
1278674,0,"MN",0,"guestUser",22-JUL-13 04.26.10.225000000 PM,"guestUser",22-JUL-13 04.26.10.225000000 PM
1278637,0,"SD",0,"guestUser",19-JUL-13 10.47.01.032000000 AM,"guestUser",19-JUL-13 10.47.01.032000000 AM
1278704,0,"MT",0,"guestUser",23-JUL-13 02.26.18.098000000 PM,"guestUser",23-JUL-13 02.26.18.098000000 PM
1278715,0,"MN",0,"guestUser",23-JUL-13 04.26.07.554000000 PM,"guestUser",23-JUL-13 04.26.07.554000000 PM
1280180,0,"MI",0,"JMLAGRO",01-OCT-14 03.06.42.142000000 PM,"JMLAGRO",01-OCT-14 03.06.42.142000000 PM
1278776,0,"MN",0,"guestUser",24-JUL-13 02.25.57.982000000 PM,"guestUser",24-JUL-13 02.25.57.982000000 PM
1280365,0,"MN",0,"guestUser",18-SEP-13 01.48.25.222000000 PM,"guestUser",18-SEP-13 01.48.25.222000000 PM
1001549,171,"SD",0,"JMLAGRO",07-NOV-13 03.26.40.753000000 PM,"JMLAGRO",07-NOV-13 03.26.40.753000000 PM
1000069,170,"MN",0,"JMLAGRO",07-NOV-13 03.04.20.304000000 PM,"JMLAGRO",07-NOV-13 03.04.20.304000000 PM
1157789,307,"SD",0,"JUDITHSZEGEDI",06-FEB-14 07.13.04.031000000 PM,"JUDITHSZEGEDI",06-FEB-14 07.13.04.031000000 PM
1280872,0,"IA",0,"guestUser",11-NOV-13 09.05.20.681000000 AM,"guestUser",11-NOV-13 09.05.20.681000000 AM
1280331,0,"NE",0,"guestUser",12-NOV-13 12.48.16.882000000 PM,"guestUser",12-NOV-13 12.48.16.882000000 PM
1281687,0,"SD",0,"guestUser",12-FEB-14 04.28.29.556000000 PM,"guestUser",12-FEB-14 04.28.29.556000000 PM
1282518,0,"ND",0,"KWOODALL",02-OCT-14 10.25.21.301000000 AM,"KWOODALL",02-OCT-14 10.25.21.301000000 AM
1281089,0,"SD",0,"guestUser",14-NOV-13 04.31.02.295000000 PM,"guestUser",14-NOV-13 04.31.02.295000000 PM
1281092,0,"SD",0,"guestUser",15-NOV-13 09.26.27.628000000 AM,"guestUser",15-NOV-13 09.26.27.628000000 AM
1280934,0,"MN",0,"guestUser",15-NOV-13 03.44.16.352000000 PM,"guestUser",15-NOV-13 03.44.16.352000000 PM
1290857,0,"MN",0,"GUESTUSER",02-OCT-14 10.47.16.364000000 AM,"GUESTUSER",02-OCT-14 10.47.16.364000000 AM
1280854,0,"MN",0,"JMLAGRO",03-OCT-14 09.40.23.146000000 AM,"JMLAGRO",03-OCT-14 09.40.23.146000000 AM
1280914,0,"NV",0,"guestUser",16-NOV-13 10.32.34.888000000 PM,"guestUser",16-NOV-13 10.32.34.888000000 PM
1279273,0,"MN",0,"guestUser",18-NOV-13 08.45.10.025000000 AM,"guestUser",18-NOV-13 08.45.10.025000000 AM
1281178,0,"UT",0,"guestUser",21-NOV-13 11.17.21.412000000 AM,"guestUser",21-NOV-13 11.17.21.412000000 AM
1281229,0,"MN",0,"guestUser",25-NOV-13 02.58.13.137000000 PM,"guestUser",25-NOV-13 02.58.13.137000000 PM
1281189,0,"MN",0,"guestUser",21-NOV-13 05.44.42.850000000 PM,"guestUser",21-NOV-13 05.44.42.850000000 PM
1281231,0,"SD",0,"guestUser",25-NOV-13 03.02.59.171000000 PM,"guestUser",25-NOV-13 03.02.59.171000000 PM
1280699,0,"MN",0,"guestUser",26-NOV-13 01.17.57.379000000 PM,"guestUser",26-NOV-13 01.17.57.379000000 PM
1003242,176,"MN",0,"JMLAGRO",26-NOV-13 07.19.12.647000000 AM,"JMLAGRO",26-NOV-13 07.19.12.647000000 AM
1280526,0,"MN",0,"guestUser",26-NOV-13 01.17.59.550000000 PM,"guestUser",26-NOV-13 01.17.59.550000000 PM
1282767,0,"AL",0,"guestUser",18-FEB-14 08.41.29.558000000 AM,"guestUser",18-FEB-14 08.41.29.558000000 AM
1281273,179,"MN",0,"guestUser",26-NOV-13 03.26.31.391000000 PM,"guestUser",26-NOV-13 03.26.31.391000000 PM
1281274,180,"MN",0,"guestUser",26-NOV-13 03.26.31.480000000 PM,"guestUser",26-NOV-13 03.26.31.480000000 PM
1281272,181,"MN",0,"guestUser",26-NOV-13 03.26.31.606000000 PM,"guestUser",26-NOV-13 03.26.31.606000000 PM
1001397,182,"MN",0,"JMLAGRO",26-NOV-13 06.40.06.562000000 PM,"JMLAGRO",26-NOV-13 06.40.06.562000000 PM
1281286,0,"WI",0,"guestUser",26-NOV-13 11.03.24.158000000 PM,"guestUser",26-NOV-13 11.03.24.158000000 PM
1283232,0,"NM",0,"guestUser",10-MAR-14 01.25.33.515000000 PM,"guestUser",10-MAR-14 01.25.33.515000000 PM
1278681,0,"SD",0,"guestUser",27-FEB-14 04.28.53.553000000 PM,"guestUser",27-FEB-14 04.28.53.553000000 PM
1282923,0,"MN",0,"guestUser",25-FEB-14 11.25.44.967000000 AM,"guestUser",25-FEB-14 11.25.44.967000000 AM
1278686,0,"SD",0,"guestUser",27-FEB-14 04.32.54.626000000 PM,"guestUser",27-FEB-14 04.32.54.626000000 PM
1278684,355,"SD",0,"guestUser",27-FEB-14 04.28.54.092000000 PM,"guestUser",27-FEB-14 04.28.54.092000000 PM
1278685,356,"SD",0,"guestUser",27-FEB-14 04.28.54.318000000 PM,"guestUser",27-FEB-14 04.28.54.318000000 PM
1166250,392,"MT",0,"JOYSPEZIALE",10-MAR-14 01.28.32.331000000 PM,"JOYSPEZIALE",10-MAR-14 01.28.32.331000000 PM
1278687,357,"SD",0,"guestUser",27-FEB-14 04.32.55.151000000 PM,"guestUser",27-FEB-14 04.32.55.151000000 PM
1278688,358,"SD",0,"guestUser",27-FEB-14 04.32.55.370000000 PM,"guestUser",27-FEB-14 04.32.55.370000000 PM
1283257,0,"MN",0,"guestUser",11-MAR-14 10.56.03.361000000 AM,"guestUser",11-MAR-14 10.56.03.361000000 AM
1277949,0,"NE",0,"guestUser",07-JUN-13 07.31.22.045000000 AM,"guestUser",07-JUN-13 07.31.22.045000000 AM
1276940,0,"SD",0,"guestUser",23-APR-13 01.33.18.899000000 PM,"guestUser",23-APR-13 01.33.18.899000000 PM
1276873,0,"PA",0,"guestUser",24-APR-13 02.48.47.853000000 PM,"guestUser",24-APR-13 02.48.47.853000000 PM
1276839,0,"MN",0,"guestUser",30-APR-13 08.48.47.397000000 AM,"guestUser",30-APR-13 08.48.47.397000000 AM
1277045,0,"MN",0,"guestUser",30-APR-13 10.44.04.910000000 AM,"guestUser",30-APR-13 10.44.04.910000000 AM
1277719,0,"SD",0,"guestUser",05-JUN-13 02.03.59.489000000 PM,"guestUser",05-JUN-13 02.03.59.489000000 PM
1277059,0,"GA",0,"guestUser",30-APR-13 10.09.30.894000000 AM,"guestUser",30-APR-13 10.09.30.894000000 AM
1277125,0,"SD",0,"guestUser",01-MAY-13 11.23.53.912000000 AM,"guestUser",01-MAY-13 11.23.53.912000000 AM
1277723,0,"MN",0,"guestUser",23-MAY-13 11.04.53.787000000 AM,"guestUser",23-MAY-13 11.04.53.787000000 AM
